image_id,brightness,contrast
Hongcheon_gwanggyeog1brdg_20201020_1130_TUE_15m_NH_highway_TW2_sunny_FHD_054,104.49260711669922,74.0501708984375
Suwon_CH10_20201213_0958_SUN_9m_NH_highway_OW5_snow_FHD_138,111.4645004272461,23.80902671813965
Jeonju_sangpyeongoverpass_20201020_1530_TUE_15m_NH_highway_TW2_sunny_FHD_126,102.26953125,65.39042663574219
Suwon_CH04_20200721_1500_TUE_9m_NH_highway_OW5_sunny_FHD_094,113.79717254638672,24.73243522644043
Busan_busanportbrdg2_20201029_1630_THU_8m_NH_highway_TW3_sunny_FHD_121,154.96759033203125,68.84789276123047
Suwon_CH10_20200721_1930_TUE_9m_NH_highway_TW5_sunny_FHD_099,82.4657211303711,29.47380256652832
Cheonan_sajeong_20201021_1330_WED_15m_NH_highway_TW3_sunny_FHD_097,120.93098449707031,49.046112060546875
Gangneung_wichon2brdg_20201019_1730_MON_15m_NH_highway_TW2_sunny_FHD_075,140.07614135742188,50.49638366699219
Gangneung_nodong1brdg_20201020_1530_TUE_15m_NH_highway_TW2_sunny_FHD_027,117.71758270263672,51.490455627441406
Buan_jongsin_20201019_1600_MON_15m_NH_highway_TW2_sunny_FHD_094,111.31084442138672,59.89845275878906
Suwon_CH05_20200720_1700_MON_9m_NH_highway_OW5_sunny_FHD_099,113.08245086669922,42.469539642333984
Gangneung_gangdong2brdg_20201021_1030_WED_15m_NH_highway_TW2_sunny_FHD_106,119.852783203125,60.318904876708984
Cheonan_seongnam2_20201021_1430_WED_10m_NH_highway_TW3_sunny_FHD_123,110.26872253417969,41.28351593017578
Gangneung_wichon2brdg_20201020_1900_TUE_15m_NH_highway_TW2_sunny_FHD_063,126.0658187866211,62.742374420166016
Jeonju_gudeog_20201020_2000_TUE_15m_NH_highway_TW3_sunny_FHD_021,107.99038696289062,48.58451843261719
Busan_busanportbrdg2_20201027_1630_TUE_8m_NH_highway_TW3_sunny_FHD_055,160.37796020507812,64.48932647705078
Hongcheon_seomgangbrdg_20201021_1300_WED_15m_NH_highway_TW2_sunny_FHD_055,134.7895050048828,73.79459381103516
Busan_busanportbrdg4_20201029_0930_THU_8m_NH_highway_TW3_sunny_FHD_070,156.4647674560547,58.980934143066406
Chungju_sangwoo1brdg_20201020_1630_TUE_15m_NH_highway_TW2_sunny_HD_108,106.06444549560547,42.92372131347656
Suwon_CH10_20200720_2030_MON_9m_NH_highway_TW5_sunny_FHD_115,63.815277099609375,21.702495574951172
Suwon_CH09_20201012_2140_MON_9m_NH_highway_OW5_sunny_FHD_075,54.04115676879883,20.79036521911621
Suwon_CH01_20201010_1930_SAT_9m_NH_highway_TW5_sunny_FHD_005,69.25724029541016,26.222381591796875
Jincheon_namioverpass_20201020_1400_TUE_15m_NH_highway_OW2_sunny_FHD_052,132.4205322265625,55.725826263427734
Hongcheon_gwanggyeog1brdg_20201020_1130_TUE_15m_NH_highway_TW2_sunny_FHD_065,101.2972640991211,73.27288818359375
Hongcheon_wonchang4brdg_20201019_1600_MON_15m_NH_highway_OW2_sunny_FHD_038,86.90190887451172,64.39482116699219
Busan_busanportbrdg3_20201029_1330_THU_8m_NH_highway_TW3_sunny_FHD_119,155.2606201171875,49.42138671875
Jeonju_taeinshelter(seoul)_20201019_1730_MON_15m_NH_highway_TW2_sunny_FHD_041,109.21077728271484,33.45030212402344
Hongcheon_guljitunnel_20201021_1430_WED_15m_NH_highway_TW2_sunny_FHD_020,106.750244140625,51.22541427612305
Cheonan_seongnam2_20201019_1630_MON_10m_RH_highway_TW3_sunny_FHD_108,114.61937713623047,38.26485061645508
Suwon_CH01_20200722_1500_WED_9m_NH_highway_TW5_rainy_FHD_002,107.52760314941406,13.402817726135254
Suwon_CH08_20200721_1730_TUE_9m_NH_highway_OW5_sunny_FHD_070,93.72480773925781,24.989004135131836
Jeonju_sangpyeongoverpass_20201020_1030_TUE_15m_NH_highway_TW2_sunny_FHD_016,106.12923431396484,60.39275360107422
Buan_jongsin_20201021_1530_WED_15m_NH_highway_TW2_rainy_FHD_038,119.36128997802734,40.561885833740234
Chungju_jogogli_20201021_1700_WED_15m_NH_highway_TW2_sunny_FHD_000,129.20387268066406,40.93009948730469
Busan_busanportbrdg3_20201028_1600_TUE_8m_NH_highway_TW3_sunny_FHD_024,150.87661743164062,64.2149658203125
Suwon_CH10_20200721_1930_TUE_9m_NH_highway_TW5_sunny_FHD_038,85.3619155883789,36.654361724853516
Gangneung_nodong_20201021_1330_WED_15m_NH_highway_TW2_sunny_FHD_017,97.17951202392578,85.96839141845703
Suwon_CH02_20200720_1830_MON_9m_NH_highway_TW5_sunny_FHD_036,114.18637084960938,40.67824172973633
Cheonan_sajeong_20201020_1330_TUE_15m_NH_highway_TW3_sunny_FHD_051,96.96774291992188,55.86555862426758
Suwon_CH01_20200720_1830_MON_9m_RH_highway_TW5_sunny_FHD_001,100.39286041259766,25.1732234954834
Hongcheon_seomgangbrdg_20201020_0900_TUE_15m_NH_highway_TW2_sunny_FHD_090,124.74105834960938,86.06523895263672
Chungju_danpyeong1brdg_20201020_1100_TUE_15m_RH_highway_TW2_sunny_FHD_109,115.45374298095703,60.11065673828125
Suwon_CH05_20201011_2058_SUN_9m_NH_highway_OW5_sunny_FHD_085,66.08646392822266,24.726768493652344
Gangneung_nodong1brdg_20201019_1630_MON_15m_NH_highway_TW2_sunny_FHD_011,121.55441284179688,51.49799346923828
Jeonju_jeongeub_20201021_0700_WED_15m_NH_highway_TW2_sunny_FHD_115,120.79644012451172,46.65312194824219
Chungju_jogogli_20201020_1300_TUE_15m_RH_highway_TW2_sunny_FHD_013,125.57976531982422,56.03907775878906
Jeonju_gudeog_20201020_2000_TUE_15m_NH_highway_TW3_sunny_FHD_078,108.9903793334961,49.094547271728516
Suwon_CH07_20200720_1800_MON_9m_NH_highway_OW5_sunny_FHD_094,93.09870147705078,22.947595596313477
Hongcheon_guljitunnel_20201021_0930_WED_15m_NH_highway_TW2_sunny_FHD_001,110.35948944091797,46.642127990722656
Hongcheon_wonchang4brdg_20201021_1500_WED_15m_NH_highway_OW2_sunny_FHD_092,96.2638168334961,56.81064987182617
Hongcheon_seomgangbrdg_20201020_0900_TUE_15m_NH_highway_TW2_sunny_FHD_067,119.76425170898438,84.12130737304688
Jincheon_namioverpass_20201019_1900_MON_15m_NH_highway_OW2_sunny_FHD_063,100.4212646484375,56.04041290283203
Suwon_CH10_20200720_2030_MON_9m_NH_highway_TW5_sunny_FHD_004,56.98274612426758,19.31206703186035
Hongcheon_guljitunnel_20201021_0930_WED_15m_NH_highway_TW2_sunny_FHD_004,106.04441833496094,45.21868133544922
Gangneung_gangdong2brdg_20201020_1130_TUE_15m_NH_highway_TW2_sunny_FHD_088,110.3478775024414,71.1724853515625
Hongcheon_seomgangbrdg_20201020_0900_TUE_15m_NH_highway_TW2_sunny_FHD_046,124.2431869506836,86.18305969238281
Chungju_sangwoo1brdg_20201021_1530_WED_15m_NH_highway_TW2_sunny_HD_034,100.80664825439453,41.15855407714844
Busan_busanportbrdg4_20201029_1430_THU_8m_NH_highway_TW3_sunny_FHD_053,163.80604553222656,59.133094787597656
Jeonju_deungcheon_20201020_1300_TUE_10m_NH_highway_TW2_sunny_FHD_036,113.87582397460938,39.362972259521484
Cheonan_seongnam2_20201021_0930_WED_10m_RH_highway_TW3_sunny_FHD_002,112.90345764160156,41.042579650878906
Cheonan_ogsan_20201020_1100_TUE_15m_RH_highway_TW3_sunny_FHD_096,115.500732421875,43.37465286254883
Buan_soju2brdg_20201020_0800_TUE_15m_NH_highway_TW2_fog_FHD_099,129.28408813476562,41.60989761352539
Chungju_chujeomtunnel(yangpyeong)_20201020_0730_TUE_15m_NH_highway_OW2_fog_FHD_101,121.81006622314453,53.52001953125
Suwon_CH10_20201011_1957_SUN_9m_NH_highway_OW5_sunny_FHD_058,68.78141784667969,21.363304138183594
Busan_busanportbrdg5_20201029_1430_THU_8m_NH_highway_TW3_sunny_FHD_098,168.9195098876953,51.67745590209961
Buan_dongjisan_20201021_0800_WED_15m_NH_highway_TW2_sunny_FHD_076,127.86759948730469,48.35829544067383
Hongcheon_guljitunnel_20201021_1430_WED_15m_NH_highway_TW2_sunny_FHD_074,108.55921173095703,50.56074905395508
Buan_yulchon_20201021_1000_WED_15m_NH_highway_TW2_sunny_FHD_088,110.45769500732422,51.99712371826172
Suwon_CH05_20200720_1700_MON_9m_NH_highway_OW5_sunny_FHD_033,109.9411849975586,36.765846252441406
Chungju_chujeomtunnel(changwon)_20201020_1630_TUE_15m_NH_highway_OW2_sunny_FHD_035,115.63388061523438,54.36330795288086
Jeonju_jeongeub_20201021_0700_WED_15m_NH_highway_TW2_sunny_FHD_053,121.54158020019531,48.07208251953125
Busan_busanportbrdg5_20201029_0930_THU_8m_NH_highway_TW3_sunny_FHD_115,168.07662963867188,47.93791580200195
Suwon_CH06_20201010_1932_SAT_9m_NH_highway_OW5_sunny_FHD_033,53.880958557128906,19.180614471435547
Jincheon_namioverpass_20201020_1400_TUE_15m_NH_highway_OW2_sunny_FHD_047,133.1316680908203,55.347877502441406
Suwon_CH01_20200720_1830_MON_9m_RH_highway_TW5_sunny_FHD_030,109.95928192138672,36.85858154296875
Gangneung_nodong1brdg_20201019_1630_MON_15m_NH_highway_TW2_sunny_FHD_055,124.79418182373047,50.47730255126953
Jeonju_taeinshelter(seoul)_20201021_0730_WED_15m_NH_highway_TW2_sunny_FHD_086,106.94891357421875,40.03156661987305
Jeonju_taeinshelter(seoul)_20201020_0900_TUE_15m_NH_highway_TW2_fog_FHD_113,113.77741241455078,28.35360336303711
Cheonan_seongnam2_20201021_0930_WED_10m_RH_highway_TW3_sunny_FHD_015,115.12632751464844,42.04364776611328
Hongcheon_wonchang4brdg_20201021_1000_WED_15m_NH_highway_OW2_sunny_FHD_044,94.7757568359375,57.58319854736328
Suwon_CH10_20200721_1930_TUE_9m_NH_highway_TW5_sunny_FHD_007,88.43013763427734,37.3162956237793
Cheonan_gangjeong_20201021_0830_WED_15m_NH_highway_TW3_sunny_FHD_022,98.79365539550781,37.24163055419922
Suwon_CH08_20201011_2149_SUN_9m_NH_highway_OW5_sunny_FHD_097,68.82841491699219,22.187850952148438
Chungju_jogogli_20201020_1300_TUE_15m_RH_highway_TW2_sunny_FHD_046,123.73097229003906,55.07736587524414
Cheonan_sajeong_20201020_1330_TUE_15m_NH_highway_TW3_sunny_FHD_028,104.42254638671875,55.17300033569336
Jincheon_namioverpass_20201020_1400_TUE_15m_NH_highway_OW2_sunny_FHD_014,132.855712890625,55.65247344970703
Chungju_jogogli_20201020_0800_TUE_15m_NH_highway_TW2_fog_FHD_107,133.09735107421875,46.722530364990234
Hongcheon_gwanggyeog1brdg_20201020_1630_TUE_15m_NH_highway_TW2_sunny_FHD_126,92.91512298583984,52.724021911621094
Buan_yulchon_20201021_1000_WED_15m_NH_highway_TW2_sunny_FHD_043,116.39987182617188,53.180328369140625
Jincheon_namioverpass_20201021_1400_WED_15m_NH_highway_OW2_sunny_FHD_108,135.02987670898438,50.535118103027344
Suwon_CH10_20201011_1957_SUN_9m_NH_highway_OW5_sunny_FHD_088,68.72345733642578,22.275035858154297
Suwon_CH05_20200720_1700_MON_9m_NH_highway_OW5_sunny_FHD_021,96.91695404052734,34.96407699584961
Busan_busanportbrdg4_20201029_1430_THU_8m_NH_highway_TW3_sunny_FHD_012,161.99351501464844,59.05690002441406
Hongcheon_gwanggyeog1brdg_20201019_1730_MON_15m_NH_highway_TW2_sunny_FHD_062,83.82728576660156,51.6321907043457
Suwon_CH07_20200720_1800_MON_9m_NH_highway_OW5_sunny_FHD_048,111.20579528808594,37.5880126953125
Gangneung_hyangho1brdg_20201021_1630_WED_15m_NH_highway_TW2_sunny_FHD_125,119.67466735839844,63.42896270751953
Chungju_chujeomtunnel(changwon)_20201020_1130_TUE_15m_RH_highway_OW2_sunny_FHD_123,111.96975708007812,59.65222930908203
Gangneung_nodong1brdg_20201020_1530_TUE_15m_NH_highway_TW2_sunny_FHD_006,119.96798706054688,49.771968841552734
Buan_daemog_20201020_1130_TUE_15m_NH_highway_TW2_sunny_FHD_074,115.44971466064453,42.7464599609375
Busan_busanportbrdg6_20201027_1500_TUE_8m_NH_highway_TW3_sunny_FHD_116,163.7030792236328,56.37080001831055
Gangneung_wichon2brdg_20201019_1730_MON_15m_NH_highway_TW2_sunny_FHD_106,138.26560974121094,51.11197280883789
Cheonan_seongnam2_20201020_1030_TUE_10m_RH_highway_TW3_sunny_FHD_082,116.4871597290039,45.924598693847656
Gangneung_wichon2brdg_20201020_1400_TUE_15m_NH_highway_TW2_sunny_FHD_033,117.37879180908203,57.0882682800293
Jincheon_namioverpass_20201020_0900_TUE_15m_NH_highway_OW2_fog_FHD_083,131.82669067382812,56.6389045715332
Jeonju_sangpyeongoverpass_20201020_1530_TUE_15m_NH_highway_TW2_sunny_FHD_017,104.03925323486328,63.40156173706055
Chungju_sangwoo1brdg_20201019_2030_MON_15m_NH_highway_TW2_sunny_HD_091,49.34248352050781,49.64677429199219
Suwon_CH07_20201012_1955_MON_9m_NH_highway_OW5_sunny_FHD_126,55.110469818115234,28.203054428100586
Jincheon_namioverpass_20201021_1900_WED_15m_NH_highway_OW2_sunny_FHD_037,112.91009521484375,52.78419494628906
Suwon_CH10_20201011_1957_SUN_9m_NH_highway_OW5_sunny_FHD_014,67.64593505859375,22.378923416137695
Gangneung_hyangho2brdg_20201020_1330_TUE_15m_NH_highway_TW2_sunny_FHD_110,116.18997955322266,64.38858795166016
Jeonju_jeongeub_20201020_1330_TUE_15m_NH_highway_TW2_sunny_FHD_003,119.4570541381836,68.35458374023438
Hongcheon_gwanggyeog1brdg_20201019_1730_MON_15m_NH_highway_TW2_sunny_FHD_021,87.63385772705078,52.5876579284668
Jeonju_sangpyeongoverpass_20201021_1430_WED_15m_NH_highway_TW2_sunny_FHD_056,113.39664459228516,43.059844970703125
Hongcheon_seomgangbrdg_20201020_0900_TUE_15m_NH_highway_TW2_sunny_FHD_113,123.99211120605469,84.8523941040039
Buan_yeji_20201021_1230_WED_15m_NH_highway_TW2_sunny_FHD_093,123.6456298828125,56.084861755371094
Busan_busanportbrdg2_20201028_1400_TUE_8m_NH_highway_TW3_sunny_FHD_061,173.1170196533203,50.00010681152344
Chungju_jogogli_20201020_1300_TUE_15m_RH_highway_TW2_sunny_FHD_008,124.531494140625,54.85398864746094
Chungju_jogogli_20201021_1700_WED_15m_NH_highway_TW2_sunny_FHD_121,138.71385192871094,42.7860221862793
Jeonju_jeongeub_20201021_1200_WED_15m_NH_highway_TW2_sunny_FHD_052,121.34920501708984,44.76853942871094
Cheonan_seongnam2_20201020_1030_TUE_10m_RH_highway_TW3_sunny_FHD_001,117.28707885742188,43.40409469604492
Gangneung_nodong1brdg_20201020_1030_TUE_15m_NH_highway_TW2_sunny_FHD_060,125.85417175292969,52.36176300048828
Suwon_CH08_20200720_1830_MON_9m_NH_highway_OW5_sunny_FHD_078,79.36795806884766,22.209043502807617
Jeonju_gudeog_20201021_1000_WED_15m_NH_highway_TW3_sunny_FHD_072,111.90010833740234,38.7134895324707
Suwon_CH02_20200721_1800_TUE_9m_RH_highway_TW5_sunny_FHD_105,106.8805160522461,33.009056091308594
Suwon_CH09_20201010_2022_SAT_9m_NH_highway_OW5_sunny_FHD_056,55.6001091003418,23.153377532958984
Suwon_CH01_20200722_1500_WED_9m_NH_highway_TW5_rainy_FHD_020,108.78089141845703,16.976045608520508
Chungju_danpyeong1brdg_20201021_1030_WED_15m_NH_highway_TW2_sunny_FHD_068,108.12115478515625,41.28501510620117
Jeonju_taeinshelter(seoul)_20201021_1300_WED_15m_NH_highway_TW2_sunny_FHD_094,107.60022735595703,44.307350158691406
Suwon_CH09_20201012_2140_MON_9m_NH_highway_OW5_sunny_FHD_029,48.84101867675781,18.23907470703125
Busan_busanportbrdg2_20201027_1630_TUE_8m_NH_highway_TW3_sunny_FHD_042,165.96685791015625,62.48511505126953
Suwon_CH02_20200721_1800_TUE_9m_RH_highway_TW5_sunny_FHD_003,121.34111785888672,42.50718307495117
Hongcheon_seomgangbrdg_20201020_0900_TUE_15m_NH_highway_TW2_sunny_FHD_032,121.42655181884766,84.67662048339844
Jincheon_namioverpass_20201019_1900_MON_15m_NH_highway_OW2_sunny_FHD_106,115.15904235839844,59.11226272583008
Jeonju_deungcheon_20201021_0800_WED_10m_NH_highway_TW2_sunny_FHD_121,111.90927124023438,52.15221405029297
Suwon_CH01_20201010_1930_SAT_9m_NH_highway_TW5_sunny_FHD_061,62.121726989746094,25.45290756225586
Busan_busanportbrdg4_20201119_1130_THU_8m_NH_highway_TW3_rainy_FHD_082,160.15713500976562,54.27804183959961
Suwon_CH08_20201011_2149_SUN_9m_NH_highway_OW5_sunny_FHD_063,69.4350357055664,22.04859733581543
Buan_daemog_20201020_1630_TUE_15m_NH_highway_TW2_sunny_FHD_091,100.82830047607422,69.45018768310547
Chungju_jogogli_20201020_1300_TUE_15m_RH_highway_TW2_sunny_FHD_119,124.65564727783203,55.91871643066406
Cheonan_sajeong_20201019_1730_MON_15m_NH_highway_TW3_sunny_FHD_087,121.06727600097656,52.24077224731445
Busan_busanportbrdg4_20201027_1530_TUE_8m_NH_highway_TW3_sunny_FHD_107,159.0322723388672,65.68248748779297
Gangneung_gangdong2brdg_20201021_1530_WED_15m_NH_highway_TW2_sunny_FHD_088,118.60983276367188,59.65346145629883
Jincheon_namioverpass_20201019_1900_MON_15m_NH_highway_OW2_sunny_FHD_090,107.92692565917969,58.302547454833984
Busan_busanportbrdg1_20201119_1230_THU_8m_NH_highway_TW2_rainy_FHD_019,165.27940368652344,64.7179183959961
Jeonju_gudeog_20201019_2000_MON_15m_NH_highway_TW3_sunny_FHD_038,95.71934509277344,46.669532775878906
Busan_busanportbrdg1_20201029_1330_THU_8m_NH_highway_TW2_sunny_FHD_003,168.00677490234375,48.707237243652344
Buan_yulchon_20201020_1600_TUE_15m_NH_highway_TW2_sunny_FHD_088,113.98883819580078,51.51786804199219
Busan_busanportbrdg3_20201028_1100_TUE_8m_NH_highway_TW3_sunny_FHD_005,164.16554260253906,58.73175811767578
Hongcheon_gwanggyeog1brdg_20201020_1630_TUE_15m_NH_highway_TW2_sunny_FHD_067,98.70491790771484,56.5361442565918
Buan_jongsin_20201020_1130_TUE_15m_NH_highway_TW2_sunny_FHD_060,121.04375457763672,30.308034896850586
Jeonju_jeongeub_20201020_1330_TUE_15m_NH_highway_TW2_sunny_FHD_032,117.6661376953125,70.40119934082031
Jeonju_gudeog_20201020_1000_TUE_15m_NH_highway_TW3_sunny_FHD_112,123.05035400390625,38.11363983154297
Hongcheon_wonchang4brdg_20201021_1000_WED_15m_NH_highway_OW2_sunny_FHD_126,95.93462371826172,58.71573257446289
Suwon_CH09_20200722_1600_WED_9m_NH_highway_OW5_sunny_FHD_048,110.63685607910156,34.85446548461914
Busan_busanportbrdg3_20201028_1600_TUE_8m_NH_highway_TW3_sunny_FHD_054,154.73204040527344,62.4005012512207
Suwon_CH01_20201012_2023_MON_9m_NH_highway_TW5_sunny_FHD_032,58.898502349853516,26.20403480529785
Jeonju_gudeog_20201020_1000_TUE_15m_NH_highway_TW3_sunny_FHD_055,124.59099578857422,37.26190185546875
Suwon_CH02_20200720_1830_MON_9m_NH_highway_TW5_sunny_FHD_089,111.40632629394531,42.095970153808594
Buan_yulchon_20201020_1100_TUE_15m_NH_highway_TW2_sunny_FHD_018,115.22309875488281,46.586666107177734
Chungju_sangwoo1brdg_20201020_1630_TUE_15m_NH_highway_TW2_sunny_HD_056,103.33692932128906,45.17665100097656
Chungju_chujeomtunnel(changwon)_20201019_1730_MON_15m_NH_highway_OW2_sunny_FHD_074,117.11825561523438,49.69284439086914
Suwon_CH09_20201010_2022_SAT_9m_NH_highway_OW5_sunny_FHD_093,54.7631950378418,19.67257308959961
Cheonan_gangjeong_20201020_1400_TUE_15m_NH_highway_TW3_sunny_FHD_112,84.66481018066406,50.000770568847656
Suwon_CH09_20200721_1730_TUE_9m_NH_highway_OW5_sunny_FHD_085,116.65796661376953,39.84560012817383
Hongcheon_wonchang4brdg_20201021_1500_WED_15m_NH_highway_OW2_sunny_FHD_001,99.68714904785156,57.764400482177734
Jeonju_deungcheon_20201019_1800_MON_10m_NH_highway_TW2_sunny_FHD_114,89.48323059082031,53.55143356323242
Jeonju_deungcheon_20201020_1800_TUE_10m_NH_highway_TW2_sunny_FHD_019,123.2484359741211,53.8817024230957
Gangneung_wichon2brdg_20201020_1400_TUE_15m_NH_highway_TW2_sunny_FHD_062,119.70767974853516,56.76472854614258
Cheonan_sajeong_20201019_1730_MON_15m_NH_highway_TW3_sunny_FHD_059,122.49705505371094,50.048095703125
Cheonan_sajeong_20201019_1730_MON_15m_NH_highway_TW3_sunny_FHD_047,119.99088287353516,50.61148452758789
Chungju_danpyeong1brdg_20201020_1100_TUE_15m_RH_highway_TW2_sunny_FHD_009,117.60398864746094,61.78456497192383
Suwon_CH02_20200721_1800_TUE_9m_RH_highway_TW5_sunny_FHD_119,104.90821075439453,31.764720916748047
Jeonju_sangpyeongoverpass_20201021_1430_WED_15m_NH_highway_TW2_sunny_FHD_096,114.48616027832031,44.70558166503906
Suwon_CH08_20201011_2149_SUN_9m_NH_highway_OW5_sunny_FHD_087,68.87600708007812,23.26863670349121
Gangneung_nodong_20201020_1430_TUE_15m_NH_highway_TW2_sunny_FHD_054,95.07777404785156,87.09114837646484
Chungju_chujeomtunnel(changwon)_20201021_1030_WED_15m_NH_highway_OW2_sunny_FHD_029,118.21585083007812,49.668949127197266
Gangneung_nodong_20201021_1330_WED_15m_NH_highway_TW2_sunny_FHD_032,98.31529235839844,86.6678237915039
Busan_busanportbrdg2_20201027_1630_TUE_8m_NH_highway_TW3_sunny_FHD_113,161.34280395507812,66.29283905029297
Suwon_CH01_20200720_1830_MON_9m_RH_highway_TW5_sunny_FHD_071,106.39450073242188,27.9442195892334
Cheonan_ogsan_20201021_1500_WED_15m_NH_highway_TW3_sunny_FHD_068,122.4562759399414,42.65058517456055
Jincheon_jangam_20201021_0830_WED_15m_NH_highway_TW2_sunny_FHD_006,123.09962463378906,43.53669738769531
Buan_yeji_20201020_1100_TUE_15m_NH_highway_TW2_sunny_FHD_049,115.27177429199219,44.86885070800781
Busan_busanportbrdg2_20201029_1630_THU_8m_NH_highway_TW3_sunny_FHD_074,158.26124572753906,67.27123260498047
Jeonju_jeongeub_20201019_1700_MON_15m_NH_highway_TW2_sunny_FHD_062,115.38700103759766,45.26442337036133
Gangneung_hyangho1brdg_20201020_1730_TUE_15m_NH_highway_TW2_sunny_FHD_121,101.85730743408203,68.42158508300781
Cheonan_sajeong_20201021_1330_WED_15m_NH_highway_TW3_sunny_FHD_029,121.3165054321289,49.720455169677734
Busan_busanportbrdg4_20201027_1530_TUE_8m_NH_highway_TW3_sunny_FHD_069,155.79202270507812,70.99366760253906
Cheonan_ogsan_20201020_1100_TUE_15m_RH_highway_TW3_sunny_FHD_068,115.9875717163086,43.06544876098633
Jeonju_deungcheon_20201021_1800_WED_10m_NH_highway_TW2_sunny_FHD_061,108.28649139404297,39.20279312133789
Chungju_chujeomtunnel(yangpyeong)_20201020_1230_TUE_15m_RH_highway_OW2_sunny_FHD_060,121.15377807617188,48.18550491333008
Cheonan_seongnam2_20201020_1530_TUE_10m_NH_highway_TW3_sunny_FHD_009,114.75203704833984,41.428733825683594
Jeonju_deungcheon_20201021_0800_WED_10m_NH_highway_TW2_sunny_FHD_003,108.92401885986328,40.71162796020508
Suwon_CH03_20200721_2000_TUE_9m_NH_highway_OW5_sunny_FHD_002,81.81928253173828,23.801000595092773
Busan_busanportbrdg2_20201028_1400_TUE_8m_NH_highway_TW3_sunny_FHD_107,171.4507598876953,47.669471740722656
Suwon_CH02_20200720_1830_MON_9m_NH_highway_TW5_sunny_FHD_142,94.64118957519531,28.575824737548828
Chungju_chujeomtunnel(changwon)_20201021_1530_WED_15m_NH_highway_OW2_sunny_FHD_097,119.6403579711914,48.2839241027832
Gangneung_hyangho1brdg_20201021_1130_WED_15m_NH_highway_TW2_sunny_FHD_103,122.23084259033203,65.10124206542969
Cheonan_ogsan_20201020_1600_TUE_15m_RH_highway_TW3_sunny_FHD_013,104.38363647460938,43.73175811767578
Buan_soju2brdg_20201021_1330_WED_15m_NH_highway_TW2_sunny_FHD_098,123.70683288574219,38.46092987060547
Busan_busanportbrdg3_20201028_1100_TUE_8m_NH_highway_TW3_sunny_FHD_094,156.07083129882812,57.478580474853516
Jeonju_jeongeub_20201021_0700_WED_15m_NH_highway_TW2_sunny_FHD_101,122.83712768554688,44.72669982910156
Buan_dongjisan_20201021_0800_WED_15m_NH_highway_TW2_sunny_FHD_031,131.68641662597656,49.01632308959961
Suwon_CH10_20201011_1957_SUN_9m_NH_highway_OW5_sunny_FHD_080,72.77597045898438,17.954099655151367
Gangneung_nodong1brdg_20201019_1630_MON_15m_NH_highway_TW2_sunny_FHD_083,123.01322174072266,50.1839714050293
Buan_yeji_20201020_1100_TUE_15m_NH_highway_TW2_sunny_FHD_011,120.40699768066406,45.63372039794922
Suwon_CH10_20201011_1957_SUN_9m_NH_highway_OW5_sunny_FHD_021,75.11351776123047,20.510540008544922
Gangneung_wichon2brdg_20201021_0930_WED_15m_NH_highway_TW2_sunny_FHD_095,125.00872802734375,51.260990142822266
Gangneung_wichon2brdg_20201021_0930_WED_15m_NH_highway_TW2_sunny_FHD_108,124.99153900146484,51.86676025390625
Gangneung_wichon2brdg_20201020_1400_TUE_15m_NH_highway_TW2_sunny_FHD_047,118.82459259033203,57.64590072631836
Hongcheon_gwanggyeog1brdg_20201020_1130_TUE_15m_NH_highway_TW2_sunny_FHD_044,103.85826110839844,73.54998016357422
Suwon_CH02_20200722_1530_WED_9m_NH_highway_TW5_rainy_FHD_001,102.75553894042969,28.920032501220703
Suwon_CH10_20201213_0958_SUN_9m_NH_highway_OW5_snow_FHD_246,100.55559539794922,37.018978118896484
Buan_daemog_20201020_1630_TUE_15m_NH_highway_TW2_sunny_FHD_061,108.05352020263672,51.91909408569336
Gangneung_hyangho1brdg_20201021_1630_WED_15m_NH_highway_TW2_sunny_FHD_056,119.21199798583984,61.78736114501953
Cheonan_sajeong_20201019_1730_MON_15m_NH_highway_TW3_sunny_FHD_045,120.95708465576172,50.476715087890625
Busan_busanportbrdg3_20201119_1030_THU_8m_NH_highway_TW3_rainy_FHD_050,167.75909423828125,54.86751937866211
Cheonan_ogsan_20201021_1000_WED_15m_RH_highway_TW3_sunny_FHD_105,123.21621704101562,42.66826248168945
Hongcheon_gwanggyeog1brdg_20201021_1030_WED_15m_NH_highway_TW2_sunny_FHD_006,100.54801940917969,58.55173873901367
Buan_jongsin_20201021_1030_WED_15m_NH_highway_TW2_sunny_FHD_034,117.5740966796875,40.47927474975586
Jeonju_taeinshelter(seoul)_20201020_1400_TUE_15m_NH_highway_TW2_sunny_FHD_110,108.9047622680664,38.617828369140625
Gangneung_gangdong2brdg_20201020_1630_TUE_15m_NH_highway_TW2_sunny_FHD_016,116.1198959350586,61.21393966674805
Busan_busanportbrdg5_20201119_1100_THU_8m_NH_highway_TW3_rainy_FHD_001,171.9285888671875,48.24052047729492
Suwon_CH05_20200720_1700_MON_9m_NH_highway_OW5_sunny_FHD_040,99.77238464355469,30.845565795898438
Suwon_CH01_20201012_2023_MON_9m_NH_highway_TW5_sunny_FHD_024,61.01247024536133,26.299325942993164
Suwon_CH02_20200722_1530_WED_9m_NH_highway_TW5_rainy_FHD_040,106.07279968261719,21.314895629882812
Cheonan_sajeong_20201021_1330_WED_15m_NH_highway_TW3_sunny_FHD_075,120.3492431640625,48.81411361694336
Buan_daemog_20201020_1130_TUE_15m_NH_highway_TW2_sunny_FHD_105,113.9269790649414,46.109901428222656
Suwon_CH01_20200721_1700_TUE_9m_RH_highway_TW5_sunny_FHD_067,117.35353088378906,27.372365951538086
Jincheon_namioverpass_20201021_1400_WED_15m_NH_highway_OW2_sunny_FHD_052,132.87515258789062,50.41221618652344
Chungju_danpyeong1brdg_20201021_1030_WED_15m_NH_highway_TW2_sunny_FHD_030,121.27594757080078,40.7623291015625
Gangneung_nodong1brdg_20201021_1430_WED_15m_NH_highway_TW2_sunny_FHD_003,121.06177520751953,58.57756423950195
Gangneung_hyangho2brdg_20201021_1230_WED_15m_NH_highway_TW2_sunny_FHD_120,125.82550048828125,54.01350402832031
Buan_yulchon_20201021_1000_WED_15m_NH_highway_TW2_sunny_FHD_051,107.61170959472656,53.19828414916992
Cheonan_gangjeong_20201020_1400_TUE_15m_NH_highway_TW3_sunny_FHD_064,86.34771728515625,50.125457763671875
Busan_busanportbrdg3_20201028_1600_TUE_8m_NH_highway_TW3_sunny_FHD_108,153.72247314453125,61.40024948120117
Suwon_CH05_20200722_1900_WED_9m_NH_highway_OW5_sunny_FHD_032,89.3781509399414,31.639514923095703
Busan_busanportbrdg1_20201119_1230_THU_8m_NH_highway_TW2_rainy_FHD_093,162.55271911621094,66.34481811523438
Buan_yeji_20201019_1600_MON_15m_NH_highway_TW2_sunny_FHD_124,105.95138549804688,70.114990234375
Chungju_jogogli_20201021_0700_WED_15m_NH_highway_TW2_sunny_FHD_033,141.5876007080078,40.297279357910156
Chungju_chujeomtunnel(yangpyeong)_20201021_1630_WED_15m_NH_highway_OW2_sunny_FHD_110,141.74935913085938,43.26456832885742
Suwon_CH09_20200721_1730_TUE_9m_NH_highway_OW5_sunny_FHD_063,117.16445922851562,38.576148986816406
Gangneung_nodong_20201021_1330_WED_15m_NH_highway_TW2_sunny_FHD_039,96.74779510498047,86.12308502197266
Jeonju_sangpyeongoverpass_20201021_0930_WED_15m_NH_highway_TW2_sunny_FHD_021,113.69116973876953,41.14581298828125
Suwon_CH01_20200721_1700_TUE_9m_RH_highway_TW5_sunny_FHD_124,120.19358825683594,32.09524917602539
Hongcheon_gwanggyeog1brdg_20201021_1530_WED_15m_NH_highway_TW2_sunny_FHD_059,102.13200378417969,58.4343147277832
Cheonan_ogsan_20201021_1000_WED_15m_RH_highway_TW3_sunny_FHD_115,123.00263214111328,42.00584411621094
Suwon_CH06_20201010_1932_SAT_9m_NH_highway_OW5_sunny_FHD_019,56.44293212890625,20.781686782836914
Busan_busanportbrdg5_20201029_1430_THU_8m_NH_highway_TW3_sunny_FHD_044,164.67005920410156,50.74106979370117
Suwon_CH09_20201012_2140_MON_9m_NH_highway_OW5_sunny_FHD_040,52.52430725097656,20.79376983642578
Hongcheon_guljitunnel_20201020_1030_TUE_15m_NH_highway_TW2_sunny_FHD_022,107.16584014892578,53.7365608215332
Buan_soju2brdg_20201021_0830_WED_15m_NH_highway_TW2_sunny_FHD_127,131.62574768066406,35.488990783691406
Cheonan_sajeong_20201020_1330_TUE_15m_NH_highway_TW3_sunny_FHD_070,102.29476165771484,55.08047866821289
Cheonan_gangjeong_20201019_1730_MON_15m_NH_highway_TW3_sunny_FHD_015,93.66612243652344,40.09078598022461
Suwon_CH02_20201010_2038_SAT_9m_NH_highway_TW5_sunny_FHD_033,76.61497497558594,37.662967681884766
Jeonju_sangpyeongoverpass_20201020_1530_TUE_15m_NH_highway_TW2_sunny_FHD_047,104.1493148803711,61.04228591918945
Chungju_jogogli_20201021_1700_WED_15m_NH_highway_TW2_sunny_FHD_066,140.3109893798828,46.61109161376953
Gangneung_hyangho2brdg_20201020_0830_TUE_15m_NH_highway_TW2_sunny_FHD_107,118.169189453125,52.6456413269043
Cheonan_sajeong_20201020_1330_TUE_15m_NH_highway_TW3_sunny_FHD_094,99.77022552490234,54.20876693725586
Suwon_CH10_20200722_1800_WED_9m_NH_highway_TW5_sunny_FHD_021,94.83944702148438,40.60578536987305
Hongcheon_wonchang4brdg_20201021_1000_WED_15m_NH_highway_OW2_sunny_FHD_013,88.84297943115234,54.6898307800293
Busan_busanportbrdg1_20201119_1230_THU_8m_NH_highway_TW2_rainy_FHD_054,167.72512817382812,64.57819366455078
Buan_yeji_20201021_1230_WED_15m_NH_highway_TW2_sunny_FHD_049,118.92816925048828,59.35142135620117
Buan_yeji_20201019_1600_MON_15m_NH_highway_TW2_sunny_FHD_031,106.04373931884766,68.20018005371094
Suwon_CH04_20200722_1800_WED_9m_NH_highway_OW5_sunny_FHD_001,90.71131896972656,22.249122619628906
Cheonan_seongnam2_20201020_1030_TUE_10m_RH_highway_TW3_sunny_FHD_024,118.08147430419922,47.00593948364258
Hongcheon_seomgangbrdg_20201019_1900_MON_15m_NH_highway_TW2_sunny_FHD_037,61.23790740966797,74.85720825195312
Suwon_CH10_20201011_1957_SUN_9m_NH_highway_OW5_sunny_FHD_043,72.94611358642578,18.219707489013672
Suwon_CH10_20201213_0958_SUN_9m_NH_highway_OW5_snow_FHD_186,99.02510833740234,36.898136138916016
Suwon_CH10_20201213_0958_SUN_9m_NH_highway_OW5_snow_FHD_068,96.35680389404297,34.535404205322266
Jeonju_gudeog_20201020_1500_TUE_15m_NH_highway_TW3_sunny_FHD_117,113.91826629638672,47.61994934082031
Cheonan_gangjeong_20201019_1730_MON_15m_NH_highway_TW3_sunny_FHD_068,96.5044937133789,39.57957458496094
Jeonju_taeinshelter(seoul)_20201021_0730_WED_15m_NH_highway_TW2_sunny_FHD_034,107.82258605957031,40.441707611083984
Chungju_chujeomtunnel(changwon)_20201020_1130_TUE_15m_RH_highway_OW2_sunny_FHD_107,106.53766632080078,59.183048248291016
Jeonju_taeinshelter(seoul)_20201020_1400_TUE_15m_NH_highway_TW2_sunny_FHD_095,109.69031524658203,39.03797912597656
Chungju_jogogli_20201021_1200_WED_15m_NH_highway_TW2_sunny_FHD_043,126.09849548339844,42.14510726928711
Gangneung_nodong_20201021_0830_WED_15m_NH_highway_TW2_sunny_FHD_016,98.97290802001953,81.50959014892578
Suwon_CH02_20200721_1800_TUE_9m_RH_highway_TW5_sunny_FHD_029,123.31466674804688,41.81807327270508
Jeonju_jeongeub_20201021_1700_WED_15m_NH_highway_TW2_rainy_FHD_065,117.1058349609375,48.34126663208008
Jincheon_namioverpass_20201021_0900_WED_15m_NH_highway_OW2_sunny_FHD_027,140.6683349609375,52.00095748901367
Suwon_CH01_20200720_1830_MON_9m_RH_highway_TW5_sunny_FHD_137,107.76331329345703,31.04261016845703
Busan_busanportbrdg4_20201028_1300_TUE_8m_NH_highway_TW3_sunny_FHD_048,166.25355529785156,58.09600830078125
Jincheon_namioverpass_20201020_0900_TUE_15m_NH_highway_OW2_fog_FHD_040,132.1087646484375,57.11787796020508
Suwon_CH07_20200720_1800_MON_9m_NH_highway_OW5_sunny_FHD_024,97.07070922851562,21.690305709838867
Buan_yulchon_20201020_1100_TUE_15m_NH_highway_TW2_sunny_FHD_062,119.36216735839844,44.96933364868164
Gangneung_gangdong2brdg_20201020_1630_TUE_15m_NH_highway_TW2_sunny_FHD_010,115.5441665649414,60.93602752685547
Busan_busanportbrdg5_20201119_1100_THU_8m_NH_highway_TW3_rainy_FHD_054,172.06216430664062,47.73202896118164
Hongcheon_seomgangbrdg_20201020_1400_TUE_15m_NH_highway_TW2_sunny_FHD_044,129.22694396972656,76.63938903808594
Jeonju_deungcheon_20201020_0800_TUE_10m_NH_highway_TW2_sunny_FHD_069,118.75436401367188,46.263206481933594
Jincheon_namioverpass_20201021_0900_WED_15m_NH_highway_OW2_sunny_FHD_055,137.6095733642578,51.68144226074219
Suwon_CH05_20200721_2130_TUE_9m_NH_highway_OW5_sunny_FHD_075,54.68376541137695,21.515262603759766
Hongcheon_seomgangbrdg_20201020_0900_TUE_15m_NH_highway_TW2_sunny_FHD_010,122.6055679321289,84.28217315673828
Busan_busanportbrdg1_20201027_1430_TUE_8m_NH_highway_TW2_sunny_FHD_073,165.5176544189453,46.59695053100586
Busan_busanportbrdg6_20201029_1500_THU_8m_NH_highway_TW3_sunny_FHD_059,170.55224609375,48.5026741027832
Busan_busanportbrdg6_20201027_1500_TUE_8m_NH_highway_TW3_sunny_FHD_035,156.1589813232422,58.27886962890625
Gangneung_wichon2brdg_20201020_1900_TUE_15m_NH_highway_TW2_sunny_FHD_071,121.4553451538086,62.86227798461914
Suwon_CH05_20200721_2130_TUE_9m_NH_highway_OW5_sunny_FHD_146,52.697879791259766,18.18973159790039
Gangneung_nodong_20201021_1330_WED_15m_NH_highway_TW2_sunny_FHD_043,94.99547576904297,84.86885833740234
Chungju_chujeomtunnel(changwon)_20201021_1030_WED_15m_NH_highway_OW2_sunny_FHD_081,115.59612274169922,50.00080108642578
Busan_busanportbrdg4_20201028_1300_TUE_8m_NH_highway_TW3_sunny_FHD_093,168.00131225585938,57.776458740234375
Suwon_CH09_20200720_1900_MON_9m_NH_highway_OW5_sunny_FHD_092,56.417137145996094,21.716543197631836
Busan_busanportbrdg5_20201029_0930_THU_8m_NH_highway_TW3_sunny_FHD_085,167.51402282714844,48.378990173339844
Cheonan_ogsan_20201020_1600_TUE_15m_RH_highway_TW3_sunny_FHD_020,103.93841552734375,44.106719970703125
Chungju_chujeomtunnel(changwon)_20201019_1730_MON_15m_NH_highway_OW2_sunny_FHD_010,124.66744232177734,48.928977966308594
Hongcheon_wonchang4brdg_20201019_1600_MON_15m_NH_highway_OW2_sunny_FHD_108,83.00811767578125,63.347042083740234
Jincheon_namioverpass_20201021_0900_WED_15m_NH_highway_OW2_sunny_FHD_047,137.6997528076172,51.45808410644531
Busan_busanportbrdg1_20201028_1300_TUE_8m_NH_highway_TW2_sunny_FHD_061,173.1063232421875,46.694522857666016
Gangneung_nodong1brdg_20201019_1630_MON_15m_NH_highway_TW2_sunny_FHD_000,125.716796875,51.00910949707031
Gangneung_hyangho2brdg_20201021_1230_WED_15m_NH_highway_TW2_sunny_FHD_062,128.25277709960938,53.122314453125
Buan_jongsin_20201020_1630_TUE_15m_NH_highway_TW2_sunny_FHD_053,118.79496002197266,40.22299575805664
Busan_busanportbrdg1_20201029_1330_THU_8m_NH_highway_TW2_sunny_FHD_098,170.52783203125,46.31767272949219
Buan_jongsin_20201020_1130_TUE_15m_NH_highway_TW2_sunny_FHD_066,120.86457061767578,33.556514739990234
Gangneung_wichon2brdg_20201021_0930_WED_15m_NH_highway_TW2_sunny_FHD_116,122.47607421875,53.70068359375
Gangneung_hyangho2brdg_20201021_0730_WED_15m_NH_highway_TW2_sunny_FHD_095,125.65933990478516,52.20469284057617
Buan_soju2brdg_20201021_0830_WED_15m_NH_highway_TW2_sunny_FHD_044,121.28926086425781,33.31064224243164
Busan_busanportbrdg1_20201029_1330_THU_8m_NH_highway_TW2_sunny_FHD_103,168.3780517578125,46.58707046508789
Suwon_CH07_20200721_1730_TUE_9m_NH_highway_OW5_sunny_FHD_048,113.28496551513672,41.62163162231445
Cheonan_gangjeong_20201021_0830_WED_15m_NH_highway_TW3_sunny_FHD_085,99.78756713867188,37.072811126708984
Gangneung_hyangho1brdg_20201020_0730_TUE_15m_NH_highway_TW2_sunny_FHD_095,113.36408233642578,66.94070434570312
Suwon_CH10_20200721_1930_TUE_9m_NH_highway_TW5_sunny_FHD_004,89.30840301513672,37.70332717895508
Jeonju_deungcheon_20201019_1800_MON_10m_NH_highway_TW2_sunny_FHD_102,90.56866455078125,51.41649627685547
Chungju_danpyeong1brdg_20201021_1530_WED_15m_NH_highway_TW2_sunny_FHD_029,125.59750366210938,47.55607223510742
Chungju_sangwoo1brdg_20201021_1030_WED_15m_NH_highway_TW2_sunny_HD_086,101.60029602050781,42.079994201660156
Suwon_CH04_20201011_2020_SUN_9m_NH_highway_OW5_sunny_FHD_003,69.739990234375,30.295801162719727
Suwon_CH10_20201213_0958_SUN_9m_NH_highway_OW5_snow_FHD_201,97.39994812011719,33.49713134765625
Chungju_chujeomtunnel(changwon)_20201020_1630_TUE_15m_NH_highway_OW2_sunny_FHD_076,116.71794891357422,53.42486572265625
Chungju_jogogli_20201020_1300_TUE_15m_RH_highway_TW2_sunny_FHD_031,111.4353256225586,53.45294952392578
Suwon_CH09_20200722_1600_WED_9m_NH_highway_OW5_sunny_FHD_029,101.48229217529297,33.2423095703125
Suwon_CH01_20200720_1830_MON_9m_RH_highway_TW5_sunny_FHD_031,113.18777465820312,35.981510162353516
Busan_busanportbrdg5_20201029_0930_THU_8m_NH_highway_TW3_sunny_FHD_106,166.5017852783203,49.60431671142578
Hongcheon_seomgangbrdg_20201020_1400_TUE_15m_NH_highway_TW2_sunny_FHD_072,126.9001235961914,76.1664810180664
Buan_jongsin_20201021_1030_WED_15m_NH_highway_TW2_sunny_FHD_047,119.21733856201172,41.98273468017578
Suwon_CH01_20200721_1700_TUE_9m_RH_highway_TW5_sunny_FHD_081,118.86328887939453,29.36993980407715
Gangneung_nodong1brdg_20201021_0930_WED_15m_NH_highway_TW2_sunny_FHD_116,122.39820098876953,52.85062026977539
Busan_busanportbrdg4_20201029_1430_THU_8m_NH_highway_TW3_sunny_FHD_119,163.30718994140625,58.6716194152832
Suwon_CH03_20200721_2000_TUE_9m_NH_highway_OW5_sunny_FHD_067,76.76042175292969,27.771615982055664
Jincheon_namioverpass_20201019_1900_MON_15m_NH_highway_OW2_sunny_FHD_086,110.88724517822266,55.34999084472656
Suwon_CH04_20200721_2030_TUE_9m_NH_highway_OW5_sunny_FHD_014,60.388694763183594,24.48714256286621
Suwon_CH05_20200721_1530_TUE_9m_NH_highway_OW5_sunny_FHD_067,117.29231262207031,40.8255729675293
Jeonju_jeongeub_20201021_1700_WED_15m_NH_highway_TW2_rainy_FHD_046,121.90261840820312,50.70539474487305
Suwon_CH08_20201010_1945_SAT_9m_NH_highway_OW5_sunny_FHD_076,71.04617309570312,22.112396240234375
Buan_jongsin_20201021_1030_WED_15m_NH_highway_TW2_sunny_FHD_125,118.47787475585938,41.55302810668945
Chungju_sangwoo1brdg_20201021_1030_WED_15m_NH_highway_TW2_sunny_HD_068,95.22600555419922,46.59300994873047
Suwon_CH07_20200720_1800_MON_9m_NH_highway_OW5_sunny_FHD_031,109.03289031982422,37.19475173950195
Suwon_CH10_20200720_2030_MON_9m_NH_highway_TW5_sunny_FHD_114,60.727638244628906,21.34743309020996
Gangneung_hyangho2brdg_20201021_1230_WED_15m_NH_highway_TW2_sunny_FHD_051,129.13442993164062,52.598777770996094
Buan_soju2brdg_20201021_1330_WED_15m_NH_highway_TW2_sunny_FHD_091,122.769287109375,38.16431427001953
Chungju_danpyeong1brdg_20201020_1100_TUE_15m_RH_highway_TW2_sunny_FHD_065,115.18081665039062,61.32394027709961
Cheonan_gangjeong_20201019_1730_MON_15m_NH_highway_TW3_sunny_FHD_107,95.20114135742188,42.168846130371094
Chungju_chujeomtunnel(yangpyeong)_20201020_1230_TUE_15m_RH_highway_OW2_sunny_FHD_119,122.99242401123047,49.23676681518555
Cheonan_ogsan_20201021_1000_WED_15m_RH_highway_TW3_sunny_FHD_014,125.59762573242188,41.63344192504883
Buan_jongsin_20201020_1130_TUE_15m_NH_highway_TW2_sunny_FHD_080,118.46405029296875,30.61532974243164
Jeonju_deungcheon_20201019_1800_MON_10m_NH_highway_TW2_sunny_FHD_124,91.85991668701172,54.872589111328125
Jeonju_jeongeub_20201019_1700_MON_15m_NH_highway_TW2_sunny_FHD_024,119.5083236694336,45.921722412109375
Buan_daemog_20201020_1630_TUE_15m_NH_highway_TW2_sunny_FHD_073,106.8688735961914,50.28547286987305
Chungju_sangwoo1brdg_20201020_1130_TUE_15m_RH_highway_TW2_sunny_HD_023,109.62275695800781,45.82463073730469
Cheonan_ogsan_20201020_1600_TUE_15m_RH_highway_TW3_sunny_FHD_002,103.73676300048828,43.8218879699707
Busan_busanportbrdg3_20201119_1030_THU_8m_NH_highway_TW3_rainy_FHD_088,164.241455078125,50.41035842895508
Busan_busanportbrdg4_20201029_0930_THU_8m_NH_highway_TW3_sunny_FHD_011,154.9950408935547,58.28395462036133
Jincheon_namioverpass_20201021_0900_WED_15m_NH_highway_OW2_sunny_FHD_109,139.15188598632812,55.084129333496094
Suwon_CH09_20201010_2022_SAT_9m_NH_highway_OW5_sunny_FHD_044,56.23212814331055,23.72071647644043
Busan_busanportbrdg5_20201029_0930_THU_8m_NH_highway_TW3_sunny_FHD_042,164.96987915039062,49.16267013549805
Gangneung_gangdong2brdg_20201021_1530_WED_15m_NH_highway_TW2_sunny_FHD_001,118.15707397460938,59.027950286865234
Busan_busanportbrdg2_20201027_1630_TUE_8m_NH_highway_TW3_sunny_FHD_036,167.68251037597656,62.17458724975586
Cheonan_sajeong_20201019_1730_MON_15m_NH_highway_TW3_sunny_FHD_091,112.16596221923828,51.06614685058594
Suwon_CH05_20201011_2058_SUN_9m_NH_highway_OW5_sunny_FHD_096,61.51137161254883,25.74701499938965
Cheonan_seongnam2_20201020_1530_TUE_10m_NH_highway_TW3_sunny_FHD_050,113.25060272216797,42.18212890625
Busan_busanportbrdg6_20201119_1230_THU_8m_NH_highway_TW3_rainy_FHD_070,174.10679626464844,46.46703338623047
Suwon_CH09_20200722_1600_WED_9m_NH_highway_OW5_sunny_FHD_062,111.03910827636719,35.731178283691406
Jeonju_deungcheon_20201021_1800_WED_10m_NH_highway_TW2_sunny_FHD_043,112.44761657714844,39.34110641479492
Busan_busanportbrdg3_20201028_1600_TUE_8m_NH_highway_TW3_sunny_FHD_117,161.89991760253906,60.74424743652344
Suwon_CH06_20200720_1800_MON_9m_NH_highway_OW5_sunny_FHD_135,100.28784942626953,30.28555679321289
Chungju_chujeomtunnel(yangpyeong)_20201020_0730_TUE_15m_NH_highway_OW2_fog_FHD_074,120.720458984375,52.877376556396484
Cheonan_sajeong_20201020_1330_TUE_15m_NH_highway_TW3_sunny_FHD_045,102.41151428222656,55.845218658447266
Jeonju_deungcheon_20201020_1300_TUE_10m_NH_highway_TW2_sunny_FHD_074,116.5461654663086,40.035987854003906
Hongcheon_seomgangbrdg_20201020_0900_TUE_15m_NH_highway_TW2_sunny_FHD_080,124.3052749633789,85.75774383544922
Suwon_CH07_20200720_1800_MON_9m_NH_highway_OW5_sunny_FHD_018,107.96881103515625,42.90352249145508
Hongcheon_gwanggyeog1brdg_20201021_1530_WED_15m_NH_highway_TW2_sunny_FHD_099,98.57059478759766,56.623863220214844
Jeonju_sangpyeongoverpass_20201021_0930_WED_15m_NH_highway_TW2_sunny_FHD_019,113.84700775146484,42.766693115234375
Cheonan_seongnam2_20201021_1430_WED_10m_NH_highway_TW3_sunny_FHD_014,115.79438018798828,42.382572174072266
Buan_yulchon_20201020_1100_TUE_15m_NH_highway_TW2_sunny_FHD_127,119.64989471435547,45.399452209472656
Suwon_CH10_20200721_1930_TUE_9m_NH_highway_TW5_sunny_FHD_040,85.93912506103516,36.68354034423828
Suwon_CH10_20201213_0958_SUN_9m_NH_highway_OW5_snow_FHD_199,109.52852630615234,25.996763229370117
Suwon_CH10_20200720_2030_MON_9m_NH_highway_TW5_sunny_FHD_087,63.250770568847656,21.191926956176758
Gangneung_nodong_20201021_0830_WED_15m_NH_highway_TW2_sunny_FHD_026,99.32173156738281,82.66771697998047
Gangneung_hyangho2brdg_20201021_1230_WED_15m_NH_highway_TW2_sunny_FHD_045,128.81275939941406,52.552425384521484
Busan_busanportbrdg2_20201029_1630_THU_8m_NH_highway_TW3_sunny_FHD_032,161.89089965820312,60.506534576416016
Suwon_CH01_20200721_1700_TUE_9m_RH_highway_TW5_sunny_FHD_068,119.17710876464844,31.45391845703125
Chungju_danpyeong1brdg_20201020_1100_TUE_15m_RH_highway_TW2_sunny_FHD_057,118.10531616210938,60.3411979675293
Hongcheon_guljitunnel_20201020_1030_TUE_15m_NH_highway_TW2_sunny_FHD_056,106.0959243774414,54.763763427734375
Inje_injetunnel2_20201210_0956_THU_4.8m_NH_highway_OW2_tunnel_FHD_385,95.9478530883789,32.58976745605469
Jeonju_deungcheon_20201021_1800_WED_10m_NH_highway_TW2_sunny_FHD_107,112.23651123046875,38.95817184448242
Suwon_CH02_20201012_2059_MON_9m_NH_highway_TW5_sunny_FHD_086,66.55274963378906,25.739913940429688
Jeonju_taeinshelter(seoul)_20201020_1400_TUE_15m_NH_highway_TW2_sunny_FHD_128,110.38277435302734,40.317256927490234
Busan_busanportbrdg3_20201119_1030_THU_8m_NH_highway_TW3_rainy_FHD_076,170.57696533203125,52.31971740722656
Buan_dongjisan_20201021_1300_WED_15m_NH_highway_TW2_sunny_FHD_069,131.44190979003906,52.42924499511719
Busan_busanportbrdg6_20201119_1230_THU_8m_NH_highway_TW3_rainy_FHD_012,164.82101440429688,48.969581604003906
Jincheon_namioverpass_20201020_1400_TUE_15m_NH_highway_OW2_sunny_FHD_008,130.84312438964844,55.52358627319336
Gangneung_gangdong2brdg_20201020_1630_TUE_15m_NH_highway_TW2_sunny_FHD_079,114.90796661376953,54.140071868896484
Jincheon_namioverpass_20201020_1900_TUE_15m_NH_highway_OW2_sunny_FHD_026,111.22303009033203,53.7825813293457
Suwon_CH05_20201011_2058_SUN_9m_NH_highway_OW5_sunny_FHD_064,61.82801818847656,29.139259338378906
Suwon_CH03_20201010_2145_SAT_9m_NH_highway_OW5_sunny_FHD_019,65.0278091430664,21.394617080688477
Suwon_CH08_20200720_1830_MON_9m_NH_highway_OW5_sunny_FHD_007,82.49549865722656,23.465742111206055
Busan_busanportbrdg6_20201029_1000_THU_8m_NH_highway_TW3_sunny_FHD_120,164.88034057617188,53.36185073852539
Gangneung_nodong1brdg_20201020_1030_TUE_15m_NH_highway_TW2_sunny_FHD_023,125.26296997070312,51.96211242675781
Gangneung_nodong_20201020_1430_TUE_15m_NH_highway_TW2_sunny_FHD_075,96.91692352294922,87.41023254394531
Busan_busanportbrdg3_20201027_1300_TUE_8m_NH_highway_TW3_sunny_FHD_027,162.34796142578125,56.54802322387695
Jeonju_gudeog_20201019_2000_MON_15m_NH_highway_TW3_sunny_FHD_100,98.72084045410156,45.901126861572266
Suwon_CH08_20200721_1730_TUE_9m_NH_highway_OW5_sunny_FHD_130,91.92066192626953,25.232563018798828
Buan_soju2brdg_20201021_1330_WED_15m_NH_highway_TW2_sunny_FHD_057,122.44139099121094,37.8624153137207
Suwon_CH05_20201011_2058_SUN_9m_NH_highway_OW5_sunny_FHD_082,64.04624938964844,28.805330276489258
Gangneung_wichon2brdg_20201020_1400_TUE_15m_NH_highway_TW2_sunny_FHD_018,117.51466369628906,57.12745666503906
Jeonju_sangpyeongoverpass_20201021_0930_WED_15m_NH_highway_TW2_sunny_FHD_097,114.17881774902344,41.94761657714844
Jeonju_gudeog_20201020_1000_TUE_15m_NH_highway_TW3_sunny_FHD_125,118.20835876464844,39.633487701416016
Buan_yeji_20201021_0730_WED_15m_NH_highway_TW2_sunny_FHD_050,126.49828338623047,55.0319938659668
Gangneung_wichon2brdg_20201020_1900_TUE_15m_NH_highway_TW2_sunny_FHD_011,124.41438293457031,64.35310363769531
Busan_busanportbrdg1_20201027_1430_TUE_8m_NH_highway_TW2_sunny_FHD_077,164.3631134033203,46.634639739990234
Cheonan_ogsan_20201019_1630_MON_15m_RH_highway_TW3_sunny_FHD_066,108.456298828125,42.33623123168945
Busan_busanportbrdg5_20201029_0930_THU_8m_NH_highway_TW3_sunny_FHD_041,164.05030822753906,48.5755615234375
Gangneung_gangdong2brdg_20201021_1030_WED_15m_NH_highway_TW2_sunny_FHD_080,116.66959381103516,58.275978088378906
Busan_busanportbrdg2_20201028_1400_TUE_8m_NH_highway_TW3_sunny_FHD_064,174.9691619873047,48.255516052246094
Hongcheon_gwanggyeog1brdg_20201019_1730_MON_15m_NH_highway_TW2_sunny_FHD_058,87.57823181152344,53.42696762084961
Suwon_CH03_20200722_1700_WED_9m_NH_highway_OW5_sunny_FHD_081,108.63618469238281,37.590789794921875
Buan_yeji_20201019_1600_MON_15m_NH_highway_TW2_sunny_FHD_029,105.81892395019531,68.39820098876953
Suwon_CH02_20201010_2038_SAT_9m_NH_highway_TW5_sunny_FHD_085,68.62346649169922,28.435155868530273
Busan_busanportbrdg6_20201119_1230_THU_8m_NH_highway_TW3_rainy_FHD_110,169.84129333496094,46.01972198486328
Suwon_CH09_20200722_1600_WED_9m_NH_highway_OW5_sunny_FHD_027,110.05999755859375,33.755184173583984
Buan_yeji_20201020_1100_TUE_15m_NH_highway_TW2_sunny_FHD_018,116.77796936035156,45.1871223449707
Chungju_chujeomtunnel(changwon)_20201021_1030_WED_15m_NH_highway_OW2_sunny_FHD_054,112.71097564697266,49.90597152709961
Busan_busanportbrdg3_20201028_1100_TUE_8m_NH_highway_TW3_sunny_FHD_056,154.6859588623047,57.139949798583984
Cheonan_sajeong_20201019_1730_MON_15m_NH_highway_TW3_sunny_FHD_074,123.91431427001953,50.32718276977539
Gangneung_nodong1brdg_20201020_1030_TUE_15m_NH_highway_TW2_sunny_FHD_045,125.2197265625,52.35616683959961
Cheonan_ogsan_20201019_1630_MON_15m_RH_highway_TW3_sunny_FHD_002,107.58070373535156,41.86258316040039
Suwon_CH07_20200721_1730_TUE_9m_NH_highway_OW5_sunny_FHD_027,106.59252166748047,23.906909942626953
Buan_soju2brdg_20201021_0830_WED_15m_NH_highway_TW2_sunny_FHD_073,131.1229705810547,32.228118896484375
Suwon_CH09_20200721_1730_TUE_9m_NH_highway_OW5_sunny_FHD_069,119.1648941040039,39.36365509033203
Jeonju_taeinshelter(seoul)_20201020_1400_TUE_15m_NH_highway_TW2_sunny_FHD_027,109.09504699707031,38.870704650878906
Jeonju_jeongeub_20201019_1700_MON_15m_NH_highway_TW2_sunny_FHD_029,115.18627166748047,46.830177307128906
Busan_busanportbrdg5_20201119_1100_THU_8m_NH_highway_TW3_rainy_FHD_103,170.92816162109375,46.64711380004883
Jeonju_gudeog_20201020_1500_TUE_15m_NH_highway_TW3_sunny_FHD_051,113.2099380493164,45.29441833496094
Jeonju_sangpyeongoverpass_20201020_1530_TUE_15m_NH_highway_TW2_sunny_FHD_116,102.46597290039062,64.88143920898438
Busan_busanportbrdg3_20201027_1300_TUE_8m_NH_highway_TW3_sunny_FHD_026,162.828369140625,55.352909088134766
Gangneung_hyangho2brdg_20201020_1330_TUE_15m_NH_highway_TW2_sunny_FHD_106,116.3191146850586,64.1186752319336
Chungju_chujeomtunnel(yangpyeong)_20201021_1130_WED_15m_NH_highway_OW2_sunny_FHD_080,123.73577880859375,40.92710494995117
Jincheon_namioverpass_20201020_0900_TUE_15m_NH_highway_OW2_fog_FHD_052,134.98854064941406,58.21099853515625
Gangneung_nodong1brdg_20201020_1030_TUE_15m_NH_highway_TW2_sunny_FHD_069,121.03498077392578,52.075618743896484
Busan_busanportbrdg2_20201029_1130_THU_8m_NH_highway_TW3_sunny_FHD_115,172.4149627685547,48.57139587402344
Hongcheon_gwanggyeog1brdg_20201020_1130_TUE_15m_NH_highway_TW2_sunny_FHD_094,99.08641815185547,72.46971893310547
Gangneung_gangdong2brdg_20201019_1730_MON_15m_NH_highway_TW2_sunny_FHD_098,91.6048812866211,46.03293991088867
Busan_busanportbrdg4_20201028_1300_TUE_8m_NH_highway_TW3_sunny_FHD_118,161.69284057617188,57.99106979370117
Hongcheon_guljitunnel_20201020_1530_TUE_15m_NH_highway_TW2_sunny_FHD_123,107.62617492675781,43.431678771972656
Busan_busanportbrdg2_20201029_1630_THU_8m_NH_highway_TW3_sunny_FHD_013,160.74728393554688,58.32067108154297
Suwon_CH02_20201010_2038_SAT_9m_NH_highway_TW5_sunny_FHD_061,71.88468170166016,30.2286319732666
Hongcheon_guljitunnel_20201021_0930_WED_15m_NH_highway_TW2_sunny_FHD_050,109.29483032226562,46.400516510009766
Hongcheon_wonchang4brdg_20201019_1600_MON_15m_NH_highway_OW2_sunny_FHD_046,72.17200469970703,66.26427459716797
Busan_busanportbrdg4_20201029_1430_THU_8m_NH_highway_TW3_sunny_FHD_088,161.06549072265625,58.583980560302734
Busan_busanportbrdg5_20201119_1100_THU_8m_NH_highway_TW3_rainy_FHD_091,168.40440368652344,49.55277633666992
Jeonju_gudeog_20201020_2000_TUE_15m_NH_highway_TW3_sunny_FHD_096,95.71051025390625,48.832923889160156
Suwon_CH07_20200721_1730_TUE_9m_NH_highway_OW5_sunny_FHD_139,105.79934692382812,23.38398551940918
Busan_busanportbrdg5_20201119_1100_THU_8m_NH_highway_TW3_rainy_FHD_058,170.96669006347656,46.490440368652344
Suwon_CH06_20200720_1800_MON_9m_NH_highway_OW5_sunny_FHD_080,97.51770782470703,35.25227355957031
Suwon_CH08_20200720_1830_MON_9m_NH_highway_OW5_sunny_FHD_005,84.61650085449219,28.775768280029297
Chungju_jogogli_20201021_1200_WED_15m_NH_highway_TW2_sunny_FHD_038,126.78099822998047,41.430938720703125
Cheonan_sajeong_20201021_0730_WED_15m_NH_highway_TW3_sunny_FHD_074,124.06771850585938,48.01206970214844
Chungju_danpyeong1brdg_20201020_1600_TUE_15m_NH_highway_TW2_sunny_FHD_007,117.35152435302734,56.997982025146484
Chungju_sangwoo1brdg_20201020_1630_TUE_15m_NH_highway_TW2_sunny_HD_011,103.47901153564453,47.26705551147461
Suwon_CH03_20200720_2030_MON_9m_NH_highway_OW5_sunny_FHD_048,54.17975997924805,16.21729850769043
Hongcheon_guljitunnel_20201021_1430_WED_15m_NH_highway_TW2_sunny_FHD_002,103.91800689697266,49.29871368408203
Gangneung_nodong1brdg_20201020_1030_TUE_15m_NH_highway_TW2_sunny_FHD_078,126.7556381225586,52.451393127441406
Busan_busanportbrdg2_20201027_1630_TUE_8m_NH_highway_TW3_sunny_FHD_077,159.84738159179688,65.15827941894531
Chungju_sangwoo1brdg_20201019_2030_MON_15m_NH_highway_TW2_sunny_HD_117,39.37468719482422,46.20757293701172
Hongcheon_gwanggyeog1brdg_20201021_1030_WED_15m_NH_highway_TW2_sunny_FHD_002,98.53272247314453,57.943702697753906
Busan_busanportbrdg4_20201029_1430_THU_8m_NH_highway_TW3_sunny_FHD_028,166.2686767578125,62.686336517333984
Busan_busanportbrdg3_20201119_1030_THU_8m_NH_highway_TW3_rainy_FHD_081,174.14093017578125,48.625301361083984
Buan_yulchon_20201020_1100_TUE_15m_NH_highway_TW2_sunny_FHD_104,117.66571807861328,46.50990676879883
Gangneung_gangdong2brdg_20201019_1730_MON_15m_NH_highway_TW2_sunny_FHD_004,118.33415985107422,53.1595344543457
Busan_busanportbrdg2_20201029_1630_THU_8m_NH_highway_TW3_sunny_FHD_056,160.51925659179688,67.29430389404297
Jincheon_jangam_20201021_0830_WED_15m_NH_highway_TW2_sunny_FHD_120,114.00301361083984,54.80778503417969
Chungju_danpyeong1brdg_20201021_1030_WED_15m_NH_highway_TW2_sunny_FHD_039,114.47496032714844,41.74763488769531
Suwon_CH09_20200722_1600_WED_9m_NH_highway_OW5_sunny_FHD_030,100.06007385253906,32.6432991027832
Gangneung_nodong1brdg_20201021_0930_WED_15m_NH_highway_TW2_sunny_FHD_035,125.9676513671875,53.59103775024414
Jeonju_gudeog_20201019_2000_MON_15m_NH_highway_TW3_sunny_FHD_086,95.79540252685547,46.52091598510742
Chungju_sangwoo1brdg_20201019_2030_MON_15m_NH_highway_TW2_sunny_HD_038,43.40413284301758,50.58931350708008
Suwon_CH02_20201010_2038_SAT_9m_NH_highway_TW5_sunny_FHD_010,67.65672302246094,27.9357852935791
Cheonan_gangjeong_20201019_1730_MON_15m_NH_highway_TW3_sunny_FHD_053,94.3186264038086,39.32545471191406
Gangneung_hyangho1brdg_20201020_1730_TUE_15m_NH_highway_TW2_sunny_FHD_030,114.45283508300781,68.98973083496094
Buan_yeji_20201021_0730_WED_15m_NH_highway_TW2_sunny_FHD_082,122.3746109008789,54.20735168457031
Gangneung_gangdong2brdg_20201019_1730_MON_15m_NH_highway_TW2_sunny_FHD_049,117.7925796508789,53.6494255065918
Jeonju_gudeog_20201020_1000_TUE_15m_NH_highway_TW3_sunny_FHD_088,127.5555419921875,37.48624801635742
Jeonju_jeongeub_20201019_1700_MON_15m_NH_highway_TW2_sunny_FHD_115,119.51648712158203,43.70256805419922
Suwon_CH06_20201012_2012_MON_9m_NH_highway_OW5_sunny_FHD_040,51.062007904052734,27.543737411499023
Cheonan_gangjeong_20201020_1400_TUE_15m_NH_highway_TW3_sunny_FHD_065,86.9320297241211,50.25645446777344
Suwon_CH05_20200721_1530_TUE_9m_NH_highway_OW5_sunny_FHD_054,114.1664810180664,40.81159210205078
Hongcheon_gwanggyeog1brdg_20201020_1130_TUE_15m_NH_highway_TW2_sunny_FHD_099,97.3398208618164,71.685302734375
Suwon_CH09_20200721_1730_TUE_9m_NH_highway_OW5_sunny_FHD_078,103.09259033203125,36.174827575683594
Buan_daemog_20201020_1130_TUE_15m_NH_highway_TW2_sunny_FHD_071,113.69722747802734,43.782840728759766
Suwon_CH08_20200721_1730_TUE_9m_NH_highway_OW5_sunny_FHD_148,88.46468353271484,24.62994956970215
Chungju_danpyeong1brdg_20201021_1030_WED_15m_NH_highway_TW2_sunny_FHD_002,115.99398803710938,41.68189239501953
Busan_busanportbrdg2_20201028_1400_TUE_8m_NH_highway_TW3_sunny_FHD_058,180.5283660888672,48.73120880126953
Hongcheon_gwanggyeog1brdg_20201021_1530_WED_15m_NH_highway_TW2_sunny_FHD_008,98.3089828491211,58.615196228027344
Busan_busanportbrdg6_20201029_1000_THU_8m_NH_highway_TW3_sunny_FHD_048,166.3476104736328,52.21111297607422
Jincheon_namioverpass_20201020_1400_TUE_15m_NH_highway_OW2_sunny_FHD_106,134.85752868652344,54.31289291381836
Hongcheon_gwanggyeog1brdg_20201019_1730_MON_15m_NH_highway_TW2_sunny_FHD_000,91.83711242675781,53.647071838378906
Suwon_CH01_20201012_2023_MON_9m_NH_highway_TW5_sunny_FHD_026,61.2020378112793,23.659208297729492
Chungju_danpyeong1brdg_20201021_1530_WED_15m_NH_highway_TW2_sunny_FHD_031,125.03243255615234,46.58856201171875
Suwon_CH08_20200720_1830_MON_9m_NH_highway_OW5_sunny_FHD_051,85.18569946289062,22.84706687927246
Buan_jongsin_20201021_1530_WED_15m_NH_highway_TW2_rainy_FHD_073,115.48049926757812,41.04828643798828
Suwon_CH09_20200720_1900_MON_9m_NH_highway_OW5_sunny_FHD_027,69.77816772460938,27.46902084350586
Suwon_CH07_20201012_1955_MON_9m_NH_highway_OW5_sunny_FHD_122,54.36123275756836,20.622920989990234
Buan_jongsin_20201020_1630_TUE_15m_NH_highway_TW2_sunny_FHD_081,119.37834167480469,36.1248664855957
Buan_jongsin_20201021_1530_WED_15m_NH_highway_TW2_rainy_FHD_054,122.8963851928711,38.997840881347656
Chungju_jogogli_20201021_1700_WED_15m_NH_highway_TW2_sunny_FHD_037,142.22679138183594,42.35655975341797
Jeonju_gudeog_20201020_1000_TUE_15m_NH_highway_TW3_sunny_FHD_036,125.607666015625,38.362449645996094
Gangneung_nodong1brdg_20201020_1530_TUE_15m_NH_highway_TW2_sunny_FHD_039,121.28497314453125,50.100181579589844
Chungju_chujeomtunnel(changwon)_20201019_1730_MON_15m_NH_highway_OW2_sunny_FHD_003,130.75311279296875,56.470340728759766
Jeonju_taeinshelter(seoul)_20201020_0900_TUE_15m_NH_highway_TW2_fog_FHD_118,111.27638244628906,29.476688385009766
Buan_soju2brdg_20201021_0830_WED_15m_NH_highway_TW2_sunny_FHD_074,131.42803955078125,32.39945983886719
Gangneung_wichon2brdg_20201020_1400_TUE_15m_NH_highway_TW2_sunny_FHD_106,119.29644775390625,57.31938934326172
Busan_busanportbrdg5_20201029_1430_THU_8m_NH_highway_TW3_sunny_FHD_118,164.93716430664062,51.29570770263672
Busan_busanportbrdg6_20201028_1330_TUE_8m_NH_highway_TW3_sunny_FHD_117,168.36598205566406,49.25927734375
Gangneung_nodong1brdg_20201019_1630_MON_15m_NH_highway_TW2_sunny_FHD_012,125.02352142333984,50.8615608215332
Cheonan_sajeong_20201021_1330_WED_15m_NH_highway_TW3_sunny_FHD_072,118.81061553955078,48.86507034301758
Jeonju_gudeog_20201021_1500_WED_15m_NH_highway_TW3_sunny_FHD_043,111.42892456054688,38.97194290161133
Suwon_CH10_20200721_1930_TUE_9m_NH_highway_TW5_sunny_FHD_002,87.33172607421875,38.02998733520508
Chungju_sangwoo1brdg_20201019_2030_MON_15m_NH_highway_TW2_sunny_HD_057,35.95902633666992,46.75223922729492
Jeonju_jeongeub_20201021_0700_WED_15m_NH_highway_TW2_sunny_FHD_035,120.33769989013672,47.77545928955078
Suwon_CH05_20200721_2130_TUE_9m_NH_highway_OW5_sunny_FHD_062,50.14707565307617,19.106815338134766
Chungju_sangwoo1brdg_20201020_1130_TUE_15m_RH_highway_TW2_sunny_HD_081,102.54801940917969,47.214107513427734
Suwon_CH04_20200721_2030_TUE_9m_NH_highway_OW5_sunny_FHD_038,56.56070327758789,20.835481643676758
Suwon_CH02_20201012_2059_MON_9m_NH_highway_TW5_sunny_FHD_028,65.56295013427734,27.31874656677246
Chungju_chujeomtunnel(yangpyeong)_20201020_1730_TUE_15m_NH_highway_OW2_sunny_FHD_087,138.8951873779297,42.65180587768555
Gangneung_hyangho2brdg_20201021_1730_WED_15m_NH_highway_TW2_sunny_FHD_043,135.17124938964844,56.74855041503906
Chungju_sangwoo1brdg_20201020_1130_TUE_15m_RH_highway_TW2_sunny_HD_032,105.23065948486328,44.5020637512207
Suwon_CH10_20201213_0958_SUN_9m_NH_highway_OW5_snow_FHD_113,108.70672607421875,24.754549026489258
Gangneung_hyangho1brdg_20201020_1230_TUE_15m_NH_highway_TW2_sunny_FHD_059,115.66080474853516,63.6901741027832
Gangneung_gangdong2brdg_20201021_1530_WED_15m_NH_highway_TW2_sunny_FHD_068,119.51005554199219,59.32884979248047
Jeonju_taeinshelter(seoul)_20201021_0730_WED_15m_NH_highway_TW2_sunny_FHD_051,107.71476745605469,39.242671966552734
Jeonju_jeongeub_20201020_1330_TUE_15m_NH_highway_TW2_sunny_FHD_099,120.07500457763672,70.00076293945312
Jeonju_gudeog_20201021_1000_WED_15m_NH_highway_TW3_sunny_FHD_117,110.43439483642578,40.022647857666016
Gangneung_gangdong2brdg_20201019_1730_MON_15m_NH_highway_TW2_sunny_FHD_012,118.26817321777344,53.40892028808594
Suwon_CH10_20201213_0958_SUN_9m_NH_highway_OW5_snow_FHD_165,97.5919418334961,37.90397644042969
Gangneung_gangdong2brdg_20201019_1730_MON_15m_NH_highway_TW2_sunny_FHD_087,100.0463638305664,48.95368957519531
Chungju_chujeomtunnel(changwon)_20201021_1030_WED_15m_NH_highway_OW2_sunny_FHD_107,114.27779388427734,50.176185607910156
Gangneung_nodong_20201020_0930_TUE_15m_NH_highway_TW2_sunny_FHD_090,101.54429626464844,77.1443862915039
Hongcheon_seomgangbrdg_20201021_0800_WED_15m_NH_highway_TW2_sunny_FHD_071,130.97462463378906,79.09329223632812
Chungju_danpyeong1brdg_20201021_1530_WED_15m_NH_highway_TW2_sunny_FHD_094,118.41422271728516,49.70499038696289
Jincheon_jangam_20201021_0830_WED_15m_NH_highway_TW2_sunny_FHD_099,114.7089614868164,56.96282196044922
Jincheon_namioverpass_20201019_1900_MON_15m_NH_highway_OW2_sunny_FHD_034,111.08533477783203,55.333980560302734
Suwon_CH02_20200720_1830_MON_9m_NH_highway_TW5_sunny_FHD_086,111.181640625,41.81278610229492
Jeonju_taeinshelter(seoul)_20201020_0900_TUE_15m_NH_highway_TW2_fog_FHD_074,113.0960464477539,29.927539825439453
Cheonan_seongnam2_20201021_1430_WED_10m_NH_highway_TW3_sunny_FHD_051,110.6399917602539,40.988121032714844
Busan_busanportbrdg3_20201119_1030_THU_8m_NH_highway_TW3_rainy_FHD_032,167.2440185546875,56.827598571777344
Jeonju_jeongeub_20201019_1700_MON_15m_NH_highway_TW2_sunny_FHD_120,116.99153900146484,45.82239532470703
Suwon_CH03_20200720_2030_MON_9m_NH_highway_OW5_sunny_FHD_147,55.639122009277344,18.242034912109375
Suwon_CH01_20201012_2023_MON_9m_NH_highway_TW5_sunny_FHD_025,63.258419036865234,24.37827491760254
Jincheon_namioverpass_20201020_1900_TUE_15m_NH_highway_OW2_sunny_FHD_029,96.2423324584961,56.38627624511719
Cheonan_seongnam2_20201020_1530_TUE_10m_NH_highway_TW3_sunny_FHD_108,114.20357513427734,41.43894958496094
Buan_yulchon_20201021_1000_WED_15m_NH_highway_TW2_sunny_FHD_032,110.53604888916016,53.417598724365234
Jeonju_sangpyeongoverpass_20201020_1030_TUE_15m_NH_highway_TW2_sunny_FHD_074,107.29248809814453,60.91105270385742
Suwon_CH10_20200721_1930_TUE_9m_NH_highway_TW5_sunny_FHD_088,83.47420501708984,28.880165100097656
Buan_yeji_20201019_1600_MON_15m_NH_highway_TW2_sunny_FHD_098,105.06995391845703,69.48069763183594
Gangneung_hyangho1brdg_20201021_1130_WED_15m_NH_highway_TW2_sunny_FHD_056,117.30622863769531,67.26983642578125
Gangneung_wichon2brdg_20201019_1730_MON_15m_NH_highway_TW2_sunny_FHD_023,141.02279663085938,50.57977294921875
Cheonan_ogsan_20201020_1600_TUE_15m_RH_highway_TW3_sunny_FHD_062,102.49995422363281,45.46208190917969
Jeonju_sangpyeongoverpass_20201020_1530_TUE_15m_NH_highway_TW2_sunny_FHD_104,103.12098693847656,62.533939361572266
Buan_daemog_20201020_1630_TUE_15m_NH_highway_TW2_sunny_FHD_021,108.83909606933594,55.93418502807617
Buan_daemog_20201020_1130_TUE_15m_NH_highway_TW2_sunny_FHD_042,118.36348724365234,51.7606086730957
Jeonju_jeongeub_20201020_1330_TUE_15m_NH_highway_TW2_sunny_FHD_040,117.91673278808594,69.04817199707031
Jincheon_namioverpass_20201020_1400_TUE_15m_NH_highway_OW2_sunny_FHD_126,132.7555389404297,53.99107360839844
Jincheon_jangam_20201021_0830_WED_15m_NH_highway_TW2_sunny_FHD_038,110.08831787109375,57.24163818359375
Gangneung_gangdong2brdg_20201020_1630_TUE_15m_NH_highway_TW2_sunny_FHD_013,113.69544219970703,58.18747329711914
Busan_busanportbrdg6_20201119_1230_THU_8m_NH_highway_TW3_rainy_FHD_100,169.13768005371094,47.9847412109375
Jincheon_namioverpass_20201021_0900_WED_15m_NH_highway_OW2_sunny_FHD_090,139.20169067382812,55.189998626708984
Busan_busanportbrdg4_20201027_1530_TUE_8m_NH_highway_TW3_sunny_FHD_082,157.63803100585938,67.98128509521484
Chungju_danpyeong1brdg_20201021_1030_WED_15m_NH_highway_TW2_sunny_FHD_009,115.17330169677734,44.13322448730469
Suwon_CH09_20201010_2022_SAT_9m_NH_highway_OW5_sunny_FHD_063,50.371742248535156,19.166486740112305
Suwon_CH08_20200720_1830_MON_9m_NH_highway_OW5_sunny_FHD_090,83.68519592285156,24.513771057128906
Chungju_danpyeong1brdg_20201021_1030_WED_15m_NH_highway_TW2_sunny_FHD_065,108.15270233154297,41.494327545166016
Chungju_sangwoo1brdg_20201020_1630_TUE_15m_NH_highway_TW2_sunny_HD_103,105.69676971435547,43.163116455078125
Gangneung_nodong_20201020_1430_TUE_15m_NH_highway_TW2_sunny_FHD_015,96.52774047851562,88.43942260742188
Jincheon_jangam_20201021_0830_WED_15m_NH_highway_TW2_sunny_FHD_049,114.49179077148438,57.8465576171875
Suwon_CH01_20200722_1500_WED_9m_NH_highway_TW5_rainy_FHD_044,113.12146759033203,15.337705612182617
Suwon_CH08_20201010_1945_SAT_9m_NH_highway_OW5_sunny_FHD_047,70.13308715820312,23.407533645629883
Jeonju_gudeog_20201021_1500_WED_15m_NH_highway_TW3_sunny_FHD_101,112.5603256225586,38.4611930847168
Jeonju_sangpyeongoverpass_20201021_1430_WED_15m_NH_highway_TW2_sunny_FHD_054,116.34513092041016,47.444549560546875
Buan_daemog_20201020_1130_TUE_15m_NH_highway_TW2_sunny_FHD_122,115.50232696533203,44.639652252197266
Chungju_danpyeong1brdg_20201021_1530_WED_15m_NH_highway_TW2_sunny_FHD_088,115.84259796142578,48.600616455078125
Cheonan_ogsan_20201020_1100_TUE_15m_RH_highway_TW3_sunny_FHD_058,115.90290069580078,44.50852966308594
Gangneung_nodong_20201020_0930_TUE_15m_NH_highway_TW2_sunny_FHD_018,101.40748596191406,77.11152648925781
Busan_busanportbrdg6_20201029_1500_THU_8m_NH_highway_TW3_sunny_FHD_098,166.7600555419922,50.12028121948242
Cheonan_gangjeong_20201020_1400_TUE_15m_NH_highway_TW3_sunny_FHD_077,85.10325622558594,49.07548904418945
Buan_yulchon_20201021_1000_WED_15m_NH_highway_TW2_sunny_FHD_116,115.78983306884766,53.686588287353516
Jeonju_gudeog_20201020_2000_TUE_15m_NH_highway_TW3_sunny_FHD_081,96.06785583496094,46.233577728271484
Jeonju_sangpyeongoverpass_20201020_1530_TUE_15m_NH_highway_TW2_sunny_FHD_127,103.34848022460938,62.95401382446289
Gangneung_gangdong2brdg_20201021_1030_WED_15m_NH_highway_TW2_sunny_FHD_027,115.39297485351562,59.45866012573242
Suwon_CH03_20200722_1700_WED_9m_NH_highway_OW5_sunny_FHD_052,111.98592376708984,35.06459426879883
Gangneung_nodong_20201020_0930_TUE_15m_NH_highway_TW2_sunny_FHD_071,100.0081787109375,76.24486541748047
Cheonan_seongnam2_20201020_1530_TUE_10m_NH_highway_TW3_sunny_FHD_099,114.24742889404297,42.196903228759766
Gangneung_nodong_20201020_0930_TUE_15m_NH_highway_TW2_sunny_FHD_083,100.96918487548828,76.9700698852539
Jeonju_gudeog_20201020_1000_TUE_15m_NH_highway_TW3_sunny_FHD_043,127.86114501953125,37.35493087768555
Cheonan_ogsan_20201020_1100_TUE_15m_RH_highway_TW3_sunny_FHD_020,115.5792465209961,43.85531997680664
Busan_busanportbrdg3_20201119_1030_THU_8m_NH_highway_TW3_rainy_FHD_053,164.5699005126953,55.4527473449707
Jincheon_namioverpass_20201020_0900_TUE_15m_NH_highway_OW2_fog_FHD_059,132.2264862060547,56.52886199951172
Jeonju_jeongeub_20201021_0700_WED_15m_NH_highway_TW2_sunny_FHD_075,117.77772521972656,46.98678970336914
Suwon_CH08_20201011_2149_SUN_9m_NH_highway_OW5_sunny_FHD_031,63.3704948425293,20.503643035888672
Jeonju_gudeog_20201021_1000_WED_15m_NH_highway_TW3_sunny_FHD_078,109.16167449951172,39.479881286621094
Buan_daemog_20201020_1130_TUE_15m_NH_highway_TW2_sunny_FHD_118,113.64562225341797,43.68702697753906
Jeonju_gudeog_20201021_1000_WED_15m_NH_highway_TW3_sunny_FHD_124,110.202880859375,40.01960754394531
Suwon_CH02_20201010_2038_SAT_9m_NH_highway_TW5_sunny_FHD_029,67.56320190429688,30.241622924804688
Gangneung_wichon2brdg_20201020_0830_TUE_15m_NH_highway_TW2_sunny_FHD_056,112.47209930419922,59.90679931640625
Cheonan_seongnam2_20201021_1430_WED_10m_NH_highway_TW3_sunny_FHD_111,112.87798309326172,41.374603271484375
Suwon_CH10_20200720_2030_MON_9m_NH_highway_TW5_sunny_FHD_039,58.0532341003418,20.53672981262207
Chungju_danpyeong1brdg_20201020_1100_TUE_15m_RH_highway_TW2_sunny_FHD_059,116.86417388916016,62.24546813964844
Gangneung_nodong1brdg_20201020_1530_TUE_15m_NH_highway_TW2_sunny_FHD_101,118.94517517089844,50.827720642089844
Chungju_sangwoo1brdg_20201020_1630_TUE_15m_NH_highway_TW2_sunny_HD_127,104.35986328125,41.83296203613281
Suwon_CH09_20200722_1600_WED_9m_NH_highway_OW5_sunny_FHD_050,110.12923431396484,34.81767272949219
Chungju_sangwoo1brdg_20201020_1630_TUE_15m_NH_highway_TW2_sunny_HD_032,107.25586700439453,46.20828628540039
Hongcheon_wonchang4brdg_20201019_1600_MON_15m_NH_highway_OW2_sunny_FHD_107,83.4823989868164,63.41810607910156
Suwon_CH04_20201011_2020_SUN_9m_NH_highway_OW5_sunny_FHD_064,66.71009826660156,29.469192504882812
Suwon_CH10_20200720_2030_MON_9m_NH_highway_TW5_sunny_FHD_106,63.322776794433594,21.07444953918457
Cheonan_gangjeong_20201021_0830_WED_15m_NH_highway_TW3_sunny_FHD_032,98.06343078613281,37.4109992980957
Jeonju_taeinshelter(seoul)_20201021_0730_WED_15m_NH_highway_TW2_sunny_FHD_046,108.50865936279297,40.979454040527344
Gangneung_nodong1brdg_20201020_1530_TUE_15m_NH_highway_TW2_sunny_FHD_054,120.9838638305664,50.40205383300781
Chungju_sangwoo1brdg_20201020_1630_TUE_15m_NH_highway_TW2_sunny_HD_072,105.10498046875,44.79543685913086
Buan_yulchon_20201020_1600_TUE_15m_NH_highway_TW2_sunny_FHD_113,114.53144073486328,51.63328552246094
Buan_yulchon_20201020_1100_TUE_15m_NH_highway_TW2_sunny_FHD_027,115.44137573242188,45.52248764038086
Jeonju_jeongeub_20201021_1200_WED_15m_NH_highway_TW2_sunny_FHD_088,119.42058563232422,44.54500961303711
Cheonan_ogsan_20201021_1000_WED_15m_RH_highway_TW3_sunny_FHD_090,121.3332748413086,41.74226760864258
Hongcheon_seomgangbrdg_20201021_0800_WED_15m_NH_highway_TW2_sunny_FHD_040,125.67969512939453,76.27924346923828
Buan_jongsin_20201021_1530_WED_15m_NH_highway_TW2_rainy_FHD_007,114.92364501953125,40.294551849365234
Chungju_chujeomtunnel(yangpyeong)_20201020_1730_TUE_15m_NH_highway_OW2_sunny_FHD_091,138.6953887939453,43.202938079833984
Suwon_CH07_20201010_1938_SAT_9m_NH_highway_OW5_sunny_FHD_035,57.849544525146484,25.010541915893555
Chungju_sangwoo1brdg_20201021_1030_WED_15m_NH_highway_TW2_sunny_HD_040,99.98946380615234,41.61819076538086
Suwon_CH10_20201213_0958_SUN_9m_NH_highway_OW5_snow_FHD_161,99.34085845947266,37.8443603515625
Cheonan_gangjeong_20201021_0830_WED_15m_NH_highway_TW3_sunny_FHD_057,97.5725326538086,38.297698974609375
Suwon_CH06_20201010_1932_SAT_9m_NH_highway_OW5_sunny_FHD_050,54.62970733642578,32.760826110839844
Suwon_CH03_20200720_2030_MON_9m_NH_highway_OW5_sunny_FHD_116,55.59939956665039,18.490318298339844
Suwon_CH04_20200721_1500_TUE_9m_NH_highway_OW5_sunny_FHD_062,114.1709213256836,27.707233428955078
Hongcheon_seomgangbrdg_20201019_1900_MON_15m_NH_highway_TW2_sunny_FHD_046,40.88209915161133,60.4814453125
Chungju_chujeomtunnel(yangpyeong)_20201021_1130_WED_15m_NH_highway_OW2_sunny_FHD_020,125.88126373291016,41.55689239501953
Chungju_sangwoo1brdg_20201021_1030_WED_15m_NH_highway_TW2_sunny_HD_030,96.0998764038086,44.72876739501953
Gangneung_hyangho2brdg_20201021_0730_WED_15m_NH_highway_TW2_sunny_FHD_074,130.81842041015625,51.329017639160156
Jeonju_deungcheon_20201021_1800_WED_10m_NH_highway_TW2_sunny_FHD_108,111.44659423828125,38.753517150878906
Cheonan_ogsan_20201020_1100_TUE_15m_RH_highway_TW3_sunny_FHD_054,115.9720458984375,43.443092346191406
Gangneung_nodong_20201020_1430_TUE_15m_NH_highway_TW2_sunny_FHD_120,93.51289367675781,85.2008285522461
Chungju_chujeomtunnel(changwon)_20201020_1130_TUE_15m_RH_highway_OW2_sunny_FHD_118,108.83645629882812,59.93756103515625
Busan_busanportbrdg2_20201027_1630_TUE_8m_NH_highway_TW3_sunny_FHD_068,157.2655487060547,64.96568298339844
Busan_busanportbrdg1_20201119_1230_THU_8m_NH_highway_TW2_rainy_FHD_064,161.65574645996094,70.37881469726562
Jeonju_sangpyeongoverpass_20201021_0930_WED_15m_NH_highway_TW2_sunny_FHD_122,113.16766357421875,41.150970458984375
Gangneung_wichon2brdg_20201020_0830_TUE_15m_NH_highway_TW2_sunny_FHD_073,117.91857147216797,57.777374267578125
Jeonju_taeinshelter(seoul)_20201021_1300_WED_15m_NH_highway_TW2_sunny_FHD_126,106.01961517333984,42.14692687988281
Busan_busanportbrdg1_20201029_1330_THU_8m_NH_highway_TW2_sunny_FHD_019,172.53700256347656,41.04202651977539
Buan_yulchon_20201021_1500_WED_15m_NH_highway_TW2_sunny_FHD_073,116.56705474853516,51.82377243041992
Suwon_CH08_20200721_1730_TUE_9m_NH_highway_OW5_sunny_FHD_021,95.41402435302734,26.259082794189453
Suwon_CH01_20201010_1930_SAT_9m_NH_highway_TW5_sunny_FHD_026,62.56044006347656,23.415813446044922
Busan_busanportbrdg5_20201029_1430_THU_8m_NH_highway_TW3_sunny_FHD_047,162.0707550048828,50.71788024902344
Gangneung_nodong1brdg_20201019_1630_MON_15m_NH_highway_TW2_sunny_FHD_063,124.15174102783203,50.400691986083984
Cheonan_seongnam2_20201020_1030_TUE_10m_RH_highway_TW3_sunny_FHD_111,113.19718170166016,44.537391662597656
Suwon_CH08_20201010_1945_SAT_9m_NH_highway_OW5_sunny_FHD_085,66.16891479492188,23.167367935180664
Suwon_CH02_20201010_2038_SAT_9m_NH_highway_TW5_sunny_FHD_025,66.50872039794922,27.520172119140625
Gangneung_wichon2brdg_20201020_0830_TUE_15m_NH_highway_TW2_sunny_FHD_006,116.94231414794922,57.52775192260742
Suwon_CH02_20200720_1830_MON_9m_NH_highway_TW5_sunny_FHD_055,98.6004409790039,28.419363021850586
Jincheon_namioverpass_20201019_1900_MON_15m_NH_highway_OW2_sunny_FHD_021,112.0611572265625,57.394508361816406
Suwon_CH05_20200721_2130_TUE_9m_NH_highway_OW5_sunny_FHD_037,55.67993927001953,24.06105613708496
Suwon_CH03_20200722_1700_WED_9m_NH_highway_OW5_sunny_FHD_012,111.72985076904297,41.244606018066406
Suwon_CH03_20200720_2030_MON_9m_NH_highway_OW5_sunny_FHD_047,55.088844299316406,16.18124771118164
Chungju_sangwoo1brdg_20201021_1030_WED_15m_NH_highway_TW2_sunny_HD_029,105.75996398925781,40.35978698730469
Jeonju_sangpyeongoverpass_20201020_1030_TUE_15m_NH_highway_TW2_sunny_FHD_089,108.04370880126953,60.4925422668457
Suwon_CH10_20201011_1957_SUN_9m_NH_highway_OW5_sunny_FHD_062,72.74055480957031,16.52785301208496
Suwon_CH10_20201011_1957_SUN_9m_NH_highway_OW5_sunny_FHD_038,67.54582977294922,23.847944259643555
Jeonju_gudeog_20201020_1000_TUE_15m_NH_highway_TW3_sunny_FHD_011,124.38302612304688,37.07693099975586
Suwon_CH08_20200721_1730_TUE_9m_NH_highway_OW5_sunny_FHD_040,95.1058120727539,26.684988021850586
Chungju_jogogli_20201021_1700_WED_15m_NH_highway_TW2_sunny_FHD_018,143.40008544921875,42.40426254272461
Jeonju_taeinshelter(seoul)_20201021_1300_WED_15m_NH_highway_TW2_sunny_FHD_000,106.75885772705078,42.78691101074219
Hongcheon_gwanggyeog1brdg_20201021_1030_WED_15m_NH_highway_TW2_sunny_FHD_009,99.74818420410156,59.14260482788086
Buan_daemog_20201019_1730_MON_15m_NH_highway_TW2_sunny_FHD_052,108.39152526855469,56.250911712646484
Suwon_CH06_20201012_2012_MON_9m_NH_highway_OW5_sunny_FHD_046,49.42787170410156,25.139638900756836
Chungju_danpyeong1brdg_20201021_1530_WED_15m_NH_highway_TW2_sunny_FHD_028,125.52948760986328,47.4401969909668
Gangneung_nodong_20201021_1330_WED_15m_NH_highway_TW2_sunny_FHD_002,97.89772033691406,85.85121154785156
Cheonan_seongnam2_20201021_1430_WED_10m_NH_highway_TW3_sunny_FHD_092,112.32090759277344,40.71448516845703
Busan_busanportbrdg6_20201028_1330_TUE_8m_NH_highway_TW3_sunny_FHD_058,162.4891815185547,50.66416931152344
Suwon_CH03_20200721_2000_TUE_9m_NH_highway_OW5_sunny_FHD_003,81.51614379882812,24.447141647338867
Busan_busanportbrdg6_20201027_1500_TUE_8m_NH_highway_TW3_sunny_FHD_113,163.41622924804688,57.53153610229492
Cheonan_sajeong_20201021_1330_WED_15m_NH_highway_TW3_sunny_FHD_005,118.82417297363281,50.5329475402832
Buan_jongsin_20201020_1630_TUE_15m_NH_highway_TW2_sunny_FHD_044,117.61844635009766,40.44837188720703
Jeonju_deungcheon_20201020_0800_TUE_10m_NH_highway_TW2_sunny_FHD_026,119.05313873291016,54.83417510986328
Suwon_CH07_20201012_1955_MON_9m_NH_highway_OW5_sunny_FHD_129,51.93320846557617,22.98912239074707
Chungju_jogogli_20201020_1300_TUE_15m_RH_highway_TW2_sunny_FHD_061,124.81549072265625,54.616783142089844
Jeonju_deungcheon_20201020_1300_TUE_10m_NH_highway_TW2_sunny_FHD_023,115.79649353027344,39.61737823486328
Suwon_CH02_20201012_2059_MON_9m_NH_highway_TW5_sunny_FHD_044,65.0209732055664,26.719852447509766
Cheonan_gangjeong_20201019_1730_MON_15m_NH_highway_TW3_sunny_FHD_036,94.70396423339844,38.376304626464844
Gangneung_wichon2brdg_20201020_0830_TUE_15m_NH_highway_TW2_sunny_FHD_018,118.96237182617188,57.361785888671875
Busan_busanportbrdg6_20201029_1500_THU_8m_NH_highway_TW3_sunny_FHD_089,160.96676635742188,50.0941276550293
Gangneung_hyangho1brdg_20201020_1230_TUE_15m_NH_highway_TW2_sunny_FHD_009,115.62718200683594,63.75375747680664
Gangneung_wichon2brdg_20201020_1400_TUE_15m_NH_highway_TW2_sunny_FHD_001,118.7331314086914,57.58015441894531
Jeonju_jeongeub_20201020_0830_TUE_15m_NH_highway_TW2_fog_FHD_028,119.73566436767578,56.9222297668457
Hongcheon_seomgangbrdg_20201020_1400_TUE_15m_NH_highway_TW2_sunny_FHD_041,129.41661071777344,76.60768127441406
Buan_yeji_20201019_1600_MON_15m_NH_highway_TW2_sunny_FHD_047,104.98291015625,69.77082061767578
Jeonju_gudeog_20201020_1500_TUE_15m_NH_highway_TW3_sunny_FHD_003,113.240234375,46.133426666259766
Busan_busanportbrdg6_20201027_1500_TUE_8m_NH_highway_TW3_sunny_FHD_002,159.27589416503906,60.5377197265625
Suwon_CH09_20201012_2140_MON_9m_NH_highway_OW5_sunny_FHD_139,53.454952239990234,21.279354095458984
Buan_daemog_20201020_1630_TUE_15m_NH_highway_TW2_sunny_FHD_027,107.37797546386719,54.1126708984375
Chungju_danpyeong1brdg_20201021_1530_WED_15m_NH_highway_TW2_sunny_FHD_042,120.10904693603516,46.50348663330078
Chungju_sangwoo1brdg_20201020_1630_TUE_15m_NH_highway_TW2_sunny_HD_009,104.05230712890625,47.32826614379883
Jeonju_gudeog_20201020_1000_TUE_15m_NH_highway_TW3_sunny_FHD_072,126.7031478881836,38.22955322265625
Busan_busanportbrdg2_20201029_1130_THU_8m_NH_highway_TW3_sunny_FHD_108,171.72262573242188,48.74816131591797
Gangneung_wichon2brdg_20201019_1730_MON_15m_NH_highway_TW2_sunny_FHD_010,141.00367736816406,50.39207458496094
Gangneung_nodong1brdg_20201021_1430_WED_15m_NH_highway_TW2_sunny_FHD_034,120.70221710205078,58.67034912109375
Suwon_CH06_20200720_1800_MON_9m_NH_highway_OW5_sunny_FHD_102,92.42806243896484,31.486024856567383
Busan_busanportbrdg2_20201027_1630_TUE_8m_NH_highway_TW3_sunny_FHD_121,155.4438018798828,66.6300048828125
Busan_busanportbrdg6_20201027_1500_TUE_8m_NH_highway_TW3_sunny_FHD_109,155.49960327148438,58.309974670410156
Busan_busanportbrdg3_20201027_1300_TUE_8m_NH_highway_TW3_sunny_FHD_087,160.40756225585938,56.86485290527344
Jeonju_taeinshelter(seoul)_20201020_1400_TUE_15m_NH_highway_TW2_sunny_FHD_117,109.61878967285156,38.4134635925293
Cheonan_ogsan_20201019_1630_MON_15m_RH_highway_TW3_sunny_FHD_056,107.95621490478516,42.758541107177734
Suwon_CH04_20200720_1600_MON_9m_NH_highway_OW5_sunny_FHD_029,102.11453247070312,28.295217514038086
Gangneung_nodong1brdg_20201020_1530_TUE_15m_NH_highway_TW2_sunny_FHD_028,120.55258178710938,50.886600494384766
Suwon_CH02_20200722_1530_WED_9m_NH_highway_TW5_rainy_FHD_041,107.63290405273438,23.29203224182129
Busan_busanportbrdg1_20201119_1230_THU_8m_NH_highway_TW2_rainy_FHD_007,165.48397827148438,71.60337829589844
Buan_dongjisan_20201021_1300_WED_15m_NH_highway_TW2_sunny_FHD_101,128.07833862304688,51.752254486083984
Busan_busanportbrdg3_20201028_1100_TUE_8m_NH_highway_TW3_sunny_FHD_034,158.10037231445312,55.67177200317383
Suwon_CH01_20200721_1700_TUE_9m_RH_highway_TW5_sunny_FHD_104,113.5604248046875,31.900545120239258
Hongcheon_seomgangbrdg_20201021_1300_WED_15m_NH_highway_TW2_sunny_FHD_040,131.3025360107422,69.77032470703125
Busan_busanportbrdg2_20201029_1130_THU_8m_NH_highway_TW3_sunny_FHD_066,169.90774536132812,49.31865692138672
Cheonan_ogsan_20201020_1600_TUE_15m_RH_highway_TW3_sunny_FHD_055,103.85514831542969,45.0717658996582
Jeonju_gudeog_20201020_1000_TUE_15m_NH_highway_TW3_sunny_FHD_009,125.8644027709961,37.43231201171875
Chungju_chujeomtunnel(changwon)_20201021_1030_WED_15m_NH_highway_OW2_sunny_FHD_042,119.29219055175781,49.567874908447266
Buan_daemog_20201019_1730_MON_15m_NH_highway_TW2_sunny_FHD_034,108.36006927490234,56.93257141113281
Chungju_sangwoo1brdg_20201020_1130_TUE_15m_RH_highway_TW2_sunny_HD_056,106.98802185058594,44.89754867553711
Buan_soju2brdg_20201020_0800_TUE_15m_NH_highway_TW2_fog_FHD_022,124.5784912109375,41.414730072021484
Buan_soju2brdg_20201020_1300_TUE_15m_NH_highway_TW2_sunny_FHD_083,117.70244598388672,33.2546501159668
Jeonju_gudeog_20201021_1500_WED_15m_NH_highway_TW3_sunny_FHD_042,111.83685302734375,39.207191467285156
Suwon_CH04_20200721_2030_TUE_9m_NH_highway_OW5_sunny_FHD_089,56.54399108886719,22.01251220703125
Gangneung_wichon2brdg_20201019_1730_MON_15m_NH_highway_TW2_sunny_FHD_045,139.91200256347656,50.848876953125
Busan_busanportbrdg3_20201027_1300_TUE_8m_NH_highway_TW3_sunny_FHD_053,161.8684539794922,55.46938705444336
Suwon_CH06_20200721_1630_TUE_9m_NH_highway_OW5_sunny_FHD_096,109.87101745605469,32.883094787597656
Gangneung_nodong1brdg_20201020_1530_TUE_15m_NH_highway_TW2_sunny_FHD_073,119.98950958251953,51.19020080566406
Suwon_CH08_20201011_2149_SUN_9m_NH_highway_OW5_sunny_FHD_024,68.73822784423828,22.411239624023438
Buan_jongsin_20201019_1600_MON_15m_NH_highway_TW2_sunny_FHD_079,114.05107879638672,59.50948715209961
Gangneung_hyangho2brdg_20201021_1230_WED_15m_NH_highway_TW2_sunny_FHD_016,123.88350677490234,52.8087272644043
Busan_busanportbrdg2_20201027_1630_TUE_8m_NH_highway_TW3_sunny_FHD_022,170.6605987548828,61.19035339355469
Chungju_sangwoo1brdg_20201020_1630_TUE_15m_NH_highway_TW2_sunny_HD_047,102.41271209716797,45.8736457824707
Chungju_chujeomtunnel(changwon)_20201019_1730_MON_15m_NH_highway_OW2_sunny_FHD_078,121.06367492675781,49.68389892578125
Suwon_CH02_20200722_1530_WED_9m_NH_highway_TW5_rainy_FHD_009,100.82931518554688,26.19685173034668
Suwon_CH06_20201010_1932_SAT_9m_NH_highway_OW5_sunny_FHD_049,57.445308685302734,21.112632751464844
Busan_busanportbrdg3_20201029_1330_THU_8m_NH_highway_TW3_sunny_FHD_093,166.25497436523438,51.08256149291992
Chungju_danpyeong1brdg_20201021_1530_WED_15m_NH_highway_TW2_sunny_FHD_046,119.1971664428711,45.5823974609375
Chungju_jogogli_20201020_0800_TUE_15m_NH_highway_TW2_fog_FHD_000,134.1146240234375,48.84019088745117
Jeonju_sangpyeongoverpass_20201021_1430_WED_15m_NH_highway_TW2_sunny_FHD_047,113.59590911865234,43.859275817871094
Suwon_CH05_20201011_2058_SUN_9m_NH_highway_OW5_sunny_FHD_054,68.77375030517578,28.038084030151367
Hongcheon_seomgangbrdg_20201020_0900_TUE_15m_NH_highway_TW2_sunny_FHD_000,122.71680450439453,83.76673126220703
Suwon_CH05_20200721_2130_TUE_9m_NH_highway_OW5_sunny_FHD_102,52.17723846435547,19.406030654907227
Gangneung_gangdong2brdg_20201020_1630_TUE_15m_NH_highway_TW2_sunny_FHD_108,119.47563934326172,50.55485534667969
Jincheon_namioverpass_20201021_1900_WED_15m_NH_highway_OW2_sunny_FHD_060,108.09059143066406,57.98038101196289
Busan_busanportbrdg4_20201028_1300_TUE_8m_NH_highway_TW3_sunny_FHD_028,166.18324279785156,56.651424407958984
Jincheon_jangam_20201021_0830_WED_15m_NH_highway_TW2_sunny_FHD_044,111.76793670654297,58.15202331542969
Chungju_chujeomtunnel(yangpyeong)_20201020_1230_TUE_15m_RH_highway_OW2_sunny_FHD_037,119.24653625488281,50.068763732910156
Busan_busanportbrdg4_20201119_1130_THU_8m_NH_highway_TW3_rainy_FHD_081,159.2134246826172,55.273597717285156
Busan_busanportbrdg5_20201029_1430_THU_8m_NH_highway_TW3_sunny_FHD_038,172.54689025878906,50.59206008911133
Busan_busanportbrdg5_20201027_1530_TUE_8m_NH_highway_TW3_sunny_FHD_007,162.38528442382812,56.61133575439453
Hongcheon_wonchang4brdg_20201021_1000_WED_15m_NH_highway_OW2_sunny_FHD_106,97.63016510009766,58.33628845214844
Cheonan_gangjeong_20201019_1730_MON_15m_NH_highway_TW3_sunny_FHD_082,97.35330200195312,39.49616241455078
Buan_yeji_20201021_1230_WED_15m_NH_highway_TW2_sunny_FHD_114,123.13363647460938,57.306785583496094
Chungju_jogogli_20201021_0700_WED_15m_NH_highway_TW2_sunny_FHD_112,123.96321868896484,40.073631286621094
Gangneung_wichon2brdg_20201021_1430_WED_15m_NH_highway_TW2_sunny_FHD_065,131.6071014404297,56.774131774902344
Suwon_CH02_20200721_1800_TUE_9m_RH_highway_TW5_sunny_FHD_044,110.697021484375,33.578094482421875
Buan_jongsin_20201021_1530_WED_15m_NH_highway_TW2_rainy_FHD_059,121.92701721191406,39.823272705078125
Suwon_CH10_20200720_2030_MON_9m_NH_highway_TW5_sunny_FHD_102,58.47733688354492,18.934717178344727
Busan_busanportbrdg5_20201029_0930_THU_8m_NH_highway_TW3_sunny_FHD_123,165.893310546875,49.14678955078125
Jeonju_jeongeub_20201021_1200_WED_15m_NH_highway_TW2_sunny_FHD_090,120.10922241210938,45.81155776977539
Busan_busanportbrdg2_20201028_1400_TUE_8m_NH_highway_TW3_sunny_FHD_112,176.07546997070312,48.001686096191406
Cheonan_ogsan_20201020_1100_TUE_15m_RH_highway_TW3_sunny_FHD_090,115.76446533203125,43.07975387573242
Suwon_CH02_20201012_2059_MON_9m_NH_highway_TW5_sunny_FHD_033,65.56346130371094,27.27171516418457
Suwon_CH02_20201012_2059_MON_9m_NH_highway_TW5_sunny_FHD_068,67.3788833618164,28.769046783447266
Buan_yeji_20201021_1730_WED_15m_NH_highway_TW2_rainy_FHD_028,121.83616638183594,55.6854133605957
Suwon_CH09_20200721_1730_TUE_9m_NH_highway_OW5_sunny_FHD_088,99.08584594726562,39.53213119506836
Jincheon_jangam_20201021_0830_WED_15m_NH_highway_TW2_sunny_FHD_126,116.20433807373047,55.542388916015625
Cheonan_seongnam2_20201019_1630_MON_10m_RH_highway_TW3_sunny_FHD_069,113.96121978759766,40.18583297729492
Jeonju_deungcheon_20201019_1800_MON_10m_NH_highway_TW2_sunny_FHD_076,106.13973236083984,48.76373291015625
Buan_jongsin_20201020_1630_TUE_15m_NH_highway_TW2_sunny_FHD_067,117.84170532226562,39.92072677612305
Cheonan_ogsan_20201021_1500_WED_15m_NH_highway_TW3_sunny_FHD_116,122.53390502929688,42.643592834472656
Chungju_jogogli_20201020_1300_TUE_15m_RH_highway_TW2_sunny_FHD_000,120.07759094238281,59.062744140625
Suwon_CH02_20201012_2059_MON_9m_NH_highway_TW5_sunny_FHD_010,68.47754669189453,31.728145599365234
Cheonan_sajeong_20201019_1730_MON_15m_NH_highway_TW3_sunny_FHD_029,109.34050750732422,51.437599182128906
Hongcheon_guljitunnel_20201020_1030_TUE_15m_NH_highway_TW2_sunny_FHD_100,104.99368286132812,55.734527587890625
Jeonju_deungcheon_20201020_1300_TUE_10m_NH_highway_TW2_sunny_FHD_054,114.35509490966797,40.212547302246094
Suwon_CH04_20200722_1800_WED_9m_NH_highway_OW5_sunny_FHD_049,90.45417785644531,27.316131591796875
Cheonan_seongnam2_20201021_0930_WED_10m_RH_highway_TW3_sunny_FHD_033,114.36363983154297,40.18300247192383
Gangneung_gangdong2brdg_20201020_1630_TUE_15m_NH_highway_TW2_sunny_FHD_002,115.17652893066406,61.49308776855469
Busan_busanportbrdg2_20201029_1630_THU_8m_NH_highway_TW3_sunny_FHD_040,156.46249389648438,62.71889877319336
Jincheon_namioverpass_20201020_1900_TUE_15m_NH_highway_OW2_sunny_FHD_025,103.14081573486328,59.35603713989258
Chungju_chujeomtunnel(yangpyeong)_20201020_1730_TUE_15m_NH_highway_OW2_sunny_FHD_086,139.977783203125,42.73161315917969
Suwon_CH10_20201011_1957_SUN_9m_NH_highway_OW5_sunny_FHD_019,73.30459594726562,18.78634262084961
Jeonju_sangpyeongoverpass_20201020_1530_TUE_15m_NH_highway_TW2_sunny_FHD_084,103.65028381347656,63.113121032714844
Suwon_CH01_20200720_1830_MON_9m_RH_highway_TW5_sunny_FHD_113,108.6378173828125,34.15769577026367
Busan_busanportbrdg1_20201027_1430_TUE_8m_NH_highway_TW2_sunny_FHD_114,173.78030395507812,47.10356140136719
Suwon_CH05_20200721_2130_TUE_9m_NH_highway_OW5_sunny_FHD_004,49.8765983581543,20.94978904724121
Suwon_CH02_20200720_1830_MON_9m_NH_highway_TW5_sunny_FHD_027,114.00689697265625,40.18011474609375
Gangneung_gangdong2brdg_20201021_1530_WED_15m_NH_highway_TW2_sunny_FHD_115,114.95420837402344,57.24945068359375
Gangneung_nodong1brdg_20201021_0930_WED_15m_NH_highway_TW2_sunny_FHD_091,123.82061767578125,52.46300506591797
Cheonan_seongnam2_20201019_1630_MON_10m_RH_highway_TW3_sunny_FHD_119,116.39872741699219,39.94709014892578
Gangneung_wichon2brdg_20201021_1930_WED_15m_NH_highway_TW2_sunny_FHD_115,123.73663330078125,70.77458190917969
Suwon_CH01_20200721_1700_TUE_9m_RH_highway_TW5_sunny_FHD_030,119.2149658203125,30.280637741088867
Jeonju_deungcheon_20201021_1800_WED_10m_NH_highway_TW2_sunny_FHD_102,114.11894989013672,38.96284484863281
Gangneung_wichon2brdg_20201021_0930_WED_15m_NH_highway_TW2_sunny_FHD_052,125.90774536132812,51.77476119995117
Chungju_chujeomtunnel(changwon)_20201020_1130_TUE_15m_RH_highway_OW2_sunny_FHD_034,107.2138900756836,62.405540466308594
Gangneung_nodong_20201021_1330_WED_15m_NH_highway_TW2_sunny_FHD_060,91.3321762084961,81.15824127197266
Cheonan_gangjeong_20201020_1400_TUE_15m_NH_highway_TW3_sunny_FHD_066,86.66512298583984,49.76469421386719
Chungju_jogogli_20201020_1300_TUE_15m_RH_highway_TW2_sunny_FHD_122,123.78279113769531,56.350250244140625
Buan_soju2brdg_20201021_0830_WED_15m_NH_highway_TW2_sunny_FHD_065,125.99746704101562,32.858680725097656
Jeonju_jeongeub_20201021_0700_WED_15m_NH_highway_TW2_sunny_FHD_010,122.42028045654297,50.14811706542969
Suwon_CH01_20201010_1930_SAT_9m_NH_highway_TW5_sunny_FHD_013,63.44682693481445,24.4328670501709
Suwon_CH08_20201010_1945_SAT_9m_NH_highway_OW5_sunny_FHD_098,67.568603515625,21.597244262695312
Buan_yulchon_20201020_1600_TUE_15m_NH_highway_TW2_sunny_FHD_117,115.28898620605469,52.624080657958984
Suwon_CH08_20201010_1945_SAT_9m_NH_highway_OW5_sunny_FHD_058,70.36441802978516,22.91450309753418
Chungju_sangwoo1brdg_20201021_1530_WED_15m_NH_highway_TW2_sunny_HD_058,105.8070297241211,38.535701751708984
Gangneung_hyangho1brdg_20201020_0730_TUE_15m_NH_highway_TW2_sunny_FHD_090,112.26786804199219,67.42981719970703
Hongcheon_guljitunnel_20201021_1430_WED_15m_NH_highway_TW2_sunny_FHD_028,108.26536560058594,52.496009826660156
Cheonan_sajeong_20201019_1730_MON_15m_NH_highway_TW3_sunny_FHD_037,122.3609619140625,50.49362564086914
Jeonju_taeinshelter(seoul)_20201021_0730_WED_15m_NH_highway_TW2_sunny_FHD_018,107.76496887207031,40.649410247802734
Chungju_danpyeong1brdg_20201021_1030_WED_15m_NH_highway_TW2_sunny_FHD_029,121.12419128417969,41.35082244873047
Cheonan_gangjeong_20201021_1330_WED_15m_NH_highway_TW3_sunny_FHD_089,112.51789855957031,42.57372283935547
Busan_busanportbrdg5_20201119_1100_THU_8m_NH_highway_TW3_rainy_FHD_098,163.67543029785156,47.88039779663086
Chungju_sangwoo1brdg_20201020_1130_TUE_15m_RH_highway_TW2_sunny_HD_069,104.80357360839844,46.6704216003418
Busan_busanportbrdg4_20201119_1130_THU_8m_NH_highway_TW3_rainy_FHD_090,167.03347778320312,51.03464889526367
Jincheon_namioverpass_20201021_1900_WED_15m_NH_highway_OW2_sunny_FHD_081,104.51834106445312,56.64500045776367
Jeonju_sangpyeongoverpass_20201021_0930_WED_15m_NH_highway_TW2_sunny_FHD_001,114.4005126953125,39.73979187011719
Buan_jongsin_20201021_1030_WED_15m_NH_highway_TW2_sunny_FHD_072,120.32328796386719,38.66561508178711
Gangneung_hyangho1brdg_20201021_1630_WED_15m_NH_highway_TW2_sunny_FHD_001,115.56482696533203,63.173030853271484
Gangneung_gangdong2brdg_20201020_1130_TUE_15m_NH_highway_TW2_sunny_FHD_101,110.87166595458984,71.50740814208984
Chungju_jogogli_20201021_1700_WED_15m_NH_highway_TW2_sunny_FHD_080,140.34991455078125,42.31358337402344
Busan_busanportbrdg3_20201027_1300_TUE_8m_NH_highway_TW3_sunny_FHD_029,159.58099365234375,56.78971862792969
Suwon_CH02_20201012_2059_MON_9m_NH_highway_TW5_sunny_FHD_056,70.90076446533203,32.56584930419922
Chungju_sangwoo1brdg_20201019_2030_MON_15m_NH_highway_TW2_sunny_HD_087,39.963401794433594,46.269325256347656
Jeonju_deungcheon_20201021_1800_WED_10m_NH_highway_TW2_sunny_FHD_005,113.51253509521484,39.836952209472656
Chungju_danpyeong1brdg_20201020_1600_TUE_15m_NH_highway_TW2_sunny_FHD_075,116.12761688232422,56.44255828857422
Jeonju_gudeog_20201019_2000_MON_15m_NH_highway_TW3_sunny_FHD_075,99.57415771484375,47.49616622924805
Jeonju_sangpyeongoverpass_20201021_1430_WED_15m_NH_highway_TW2_sunny_FHD_000,115.4012680053711,37.38554382324219
Hongcheon_guljitunnel_20201020_1530_TUE_15m_NH_highway_TW2_sunny_FHD_035,108.12104034423828,44.55051803588867
Cheonan_seongnam2_20201020_1030_TUE_10m_RH_highway_TW3_sunny_FHD_114,115.70489501953125,43.69121170043945
Busan_busanportbrdg1_20201027_1430_TUE_8m_NH_highway_TW2_sunny_FHD_122,173.91867065429688,46.34028244018555
Jincheon_namioverpass_20201019_1900_MON_15m_NH_highway_OW2_sunny_FHD_051,99.90635681152344,55.82846450805664
Buan_dongjisan_20201021_0800_WED_15m_NH_highway_TW2_sunny_FHD_083,128.68612670898438,47.89402770996094
Buan_yulchon_20201020_1600_TUE_15m_NH_highway_TW2_sunny_FHD_023,112.17102813720703,53.44539260864258
Jeonju_deungcheon_20201021_1300_WED_10m_NH_highway_TW2_sunny_FHD_093,106.48413848876953,38.36329650878906
Jeonju_jeongeub_20201020_1330_TUE_15m_NH_highway_TW2_sunny_FHD_065,118.17491912841797,68.67894744873047
Jeonju_jeongeub_20201019_1700_MON_15m_NH_highway_TW2_sunny_FHD_032,116.66831970214844,46.079994201660156
Jeonju_gudeog_20201021_1500_WED_15m_NH_highway_TW3_sunny_FHD_081,113.33243560791016,40.31898880004883
Busan_busanportbrdg1_20201028_1300_TUE_8m_NH_highway_TW2_sunny_FHD_100,175.8985137939453,41.57352066040039
Jeonju_deungcheon_20201019_1800_MON_10m_NH_highway_TW2_sunny_FHD_034,124.19271850585938,52.580989837646484
Busan_busanportbrdg3_20201028_1600_TUE_8m_NH_highway_TW3_sunny_FHD_016,155.21380615234375,61.24659729003906
Chungju_chujeomtunnel(yangpyeong)_20201021_1130_WED_15m_NH_highway_OW2_sunny_FHD_035,125.48290252685547,41.27049255371094
Hongcheon_gwanggyeog1brdg_20201019_1730_MON_15m_NH_highway_TW2_sunny_FHD_099,94.87256622314453,54.45860290527344
Jeonju_gudeog_20201020_1000_TUE_15m_NH_highway_TW3_sunny_FHD_028,123.97721099853516,38.125701904296875
Busan_busanportbrdg5_20201029_0930_THU_8m_NH_highway_TW3_sunny_FHD_044,164.0034637451172,49.5272331237793
Cheonan_gangjeong_20201021_0830_WED_15m_NH_highway_TW3_sunny_FHD_019,98.03923797607422,38.97407150268555
Busan_busanportbrdg4_20201119_1130_THU_8m_NH_highway_TW3_rainy_FHD_104,168.0071258544922,56.09077835083008
Jincheon_namioverpass_20201020_1400_TUE_15m_NH_highway_OW2_sunny_FHD_053,131.97164916992188,55.12912368774414
Suwon_CH03_20200720_2030_MON_9m_NH_highway_OW5_sunny_FHD_024,53.183494567871094,15.503706932067871
Buan_yeji_20201019_1600_MON_15m_NH_highway_TW2_sunny_FHD_003,106.4276123046875,68.31866455078125
Hongcheon_gwanggyeog1brdg_20201020_1630_TUE_15m_NH_highway_TW2_sunny_FHD_064,100.78060913085938,55.530696868896484
Suwon_CH10_20200720_2030_MON_9m_NH_highway_TW5_sunny_FHD_096,59.69226837158203,18.22365951538086
Suwon_CH05_20200720_1700_MON_9m_NH_highway_OW5_sunny_FHD_091,96.89912414550781,30.900726318359375
Gangneung_gangdong2brdg_20201020_1630_TUE_15m_NH_highway_TW2_sunny_FHD_067,115.77418518066406,57.33036804199219
Gangneung_wichon2brdg_20201020_0830_TUE_15m_NH_highway_TW2_sunny_FHD_028,119.72837829589844,57.340667724609375
Buan_daemog_20201020_1130_TUE_15m_NH_highway_TW2_sunny_FHD_024,117.14486694335938,43.47709655761719
Chungju_chujeomtunnel(changwon)_20201021_1530_WED_15m_NH_highway_OW2_sunny_FHD_078,118.93180847167969,51.32081985473633
Busan_busanportbrdg4_20201029_1430_THU_8m_NH_highway_TW3_sunny_FHD_024,165.3948211669922,60.277191162109375
Chungju_sangwoo1brdg_20201020_1630_TUE_15m_NH_highway_TW2_sunny_HD_020,105.63335418701172,46.84033966064453
Chungju_chujeomtunnel(yangpyeong)_20201020_0730_TUE_15m_NH_highway_OW2_fog_FHD_094,117.49014282226562,54.29774856567383
Buan_daemog_20201020_1630_TUE_15m_NH_highway_TW2_sunny_FHD_030,106.19303894042969,52.88640213012695
Suwon_CH02_20200720_1830_MON_9m_NH_highway_TW5_sunny_FHD_128,93.06704711914062,25.200664520263672
Busan_busanportbrdg3_20201029_1330_THU_8m_NH_highway_TW3_sunny_FHD_102,161.96234130859375,51.037384033203125
Buan_yulchon_20201021_1500_WED_15m_NH_highway_TW2_sunny_FHD_101,114.52967834472656,54.176753997802734
Gangneung_wichon2brdg_20201021_0930_WED_15m_NH_highway_TW2_sunny_FHD_104,125.35582733154297,52.39256286621094
Gangneung_nodong_20201021_0830_WED_15m_NH_highway_TW2_sunny_FHD_124,94.27873229980469,77.52134704589844
Busan_busanportbrdg4_20201029_1430_THU_8m_NH_highway_TW3_sunny_FHD_056,158.2850341796875,57.07975769042969
Busan_busanportbrdg4_20201029_0930_THU_8m_NH_highway_TW3_sunny_FHD_072,160.07774353027344,54.942466735839844
Buan_jongsin_20201021_1530_WED_15m_NH_highway_TW2_rainy_FHD_098,116.56486511230469,40.19643783569336
Buan_jongsin_20201020_1130_TUE_15m_NH_highway_TW2_sunny_FHD_000,118.44931030273438,30.532604217529297
Suwon_CH07_20201010_1938_SAT_9m_NH_highway_OW5_sunny_FHD_028,52.33815002441406,22.1553955078125
Busan_busanportbrdg5_20201119_1100_THU_8m_NH_highway_TW3_rainy_FHD_120,166.61058044433594,48.55044174194336
Jeonju_sangpyeongoverpass_20201020_1030_TUE_15m_NH_highway_TW2_sunny_FHD_118,107.04522705078125,60.942562103271484
Hongcheon_guljitunnel_20201020_1530_TUE_15m_NH_highway_TW2_sunny_FHD_044,107.39192962646484,44.29119873046875
Busan_busanportbrdg4_20201029_1430_THU_8m_NH_highway_TW3_sunny_FHD_045,162.7802734375,58.51729202270508
Cheonan_seongnam2_20201020_1030_TUE_10m_RH_highway_TW3_sunny_FHD_045,118.22969818115234,42.37839889526367
Busan_busanportbrdg2_20201028_1400_TUE_8m_NH_highway_TW3_sunny_FHD_011,177.45111083984375,43.760581970214844
Buan_soju2brdg_20201020_0800_TUE_15m_NH_highway_TW2_fog_FHD_077,126.55987548828125,51.86137390136719
Gangneung_hyangho1brdg_20201020_1730_TUE_15m_NH_highway_TW2_sunny_FHD_077,110.47969818115234,68.82376098632812
Jeonju_jeongeub_20201021_1700_WED_15m_NH_highway_TW2_rainy_FHD_057,117.28684997558594,48.05162048339844
Jeonju_deungcheon_20201021_1800_WED_10m_NH_highway_TW2_sunny_FHD_003,110.93069458007812,38.863826751708984
Suwon_CH06_20200720_1800_MON_9m_NH_highway_OW5_sunny_FHD_144,99.05774688720703,25.448881149291992
Chungju_sangwoo1brdg_20201019_2030_MON_15m_NH_highway_TW2_sunny_HD_018,33.264060974121094,42.88099670410156
Suwon_CH10_20200721_1930_TUE_9m_NH_highway_TW5_sunny_FHD_065,86.8667221069336,30.011520385742188
Suwon_CH09_20201010_2022_SAT_9m_NH_highway_OW5_sunny_FHD_004,54.260555267333984,21.842876434326172
Jeonju_deungcheon_20201020_1800_TUE_10m_NH_highway_TW2_sunny_FHD_011,126.1050796508789,53.16185760498047
Suwon_CH05_20200721_1530_TUE_9m_NH_highway_OW5_sunny_FHD_037,110.99698638916016,36.67946243286133
Buan_yulchon_20201021_1000_WED_15m_NH_highway_TW2_sunny_FHD_036,111.87794494628906,52.103477478027344
Busan_busanportbrdg6_20201028_1330_TUE_8m_NH_highway_TW3_sunny_FHD_074,161.15867614746094,50.50382995605469
Suwon_CH02_20200722_1530_WED_9m_NH_highway_TW5_rainy_FHD_016,98.03564453125,22.785999298095703
Chungju_chujeomtunnel(changwon)_20201021_1030_WED_15m_NH_highway_OW2_sunny_FHD_071,117.12834930419922,50.05174255371094
Busan_busanportbrdg5_20201027_1530_TUE_8m_NH_highway_TW3_sunny_FHD_098,159.14370727539062,57.474029541015625
Cheonan_gangjeong_20201019_1730_MON_15m_NH_highway_TW3_sunny_FHD_081,94.27428436279297,40.677555084228516
Suwon_CH06_20201012_2012_MON_9m_NH_highway_OW5_sunny_FHD_025,46.199222564697266,22.43734359741211
Suwon_CH01_20201012_2023_MON_9m_NH_highway_TW5_sunny_FHD_086,67.43477630615234,28.449560165405273
Suwon_CH07_20200720_1800_MON_9m_NH_highway_OW5_sunny_FHD_132,90.0925064086914,24.711671829223633
Jeonju_jeongeub_20201021_1700_WED_15m_NH_highway_TW2_rainy_FHD_027,115.29121398925781,45.751983642578125
Chungju_danpyeong1brdg_20201021_1530_WED_15m_NH_highway_TW2_sunny_FHD_059,118.54736328125,44.89052200317383
Jeonju_taeinshelter(seoul)_20201020_0900_TUE_15m_NH_highway_TW2_fog_FHD_039,113.08636474609375,23.608747482299805
Buan_jongsin_20201020_1130_TUE_15m_NH_highway_TW2_sunny_FHD_076,119.51423645019531,31.319448471069336
Chungju_danpyeong1brdg_20201020_1100_TUE_15m_RH_highway_TW2_sunny_FHD_050,118.38961791992188,60.57706069946289
Cheonan_seongnam2_20201020_1030_TUE_10m_RH_highway_TW3_sunny_FHD_038,116.41932678222656,44.411834716796875
Jeonju_gudeog_20201021_1000_WED_15m_NH_highway_TW3_sunny_FHD_102,117.0450668334961,40.277565002441406
Suwon_CH06_20200720_1800_MON_9m_NH_highway_OW5_sunny_FHD_003,97.30957794189453,27.03927993774414
Suwon_CH08_20201010_1945_SAT_9m_NH_highway_OW5_sunny_FHD_101,73.97311401367188,23.915218353271484
Hongcheon_wonchang4brdg_20201021_1500_WED_15m_NH_highway_OW2_sunny_FHD_016,101.5577392578125,58.091949462890625
Chungju_chujeomtunnel(changwon)_20201021_1530_WED_15m_NH_highway_OW2_sunny_FHD_089,117.3241195678711,48.52552795410156
Gangneung_nodong1brdg_20201021_0930_WED_15m_NH_highway_TW2_sunny_FHD_122,122.1551284790039,53.076316833496094
Cheonan_sajeong_20201021_1330_WED_15m_NH_highway_TW3_sunny_FHD_080,114.77200317382812,48.317970275878906
Jeonju_gudeog_20201021_1500_WED_15m_NH_highway_TW3_sunny_FHD_018,112.31362915039062,38.929893493652344
Gangneung_gangdong2brdg_20201021_1030_WED_15m_NH_highway_TW2_sunny_FHD_034,117.44340515136719,59.71554946899414
Suwon_CH07_20201012_1955_MON_9m_NH_highway_OW5_sunny_FHD_048,54.874305725097656,28.103294372558594
Jeonju_deungcheon_20201019_1800_MON_10m_NH_highway_TW2_sunny_FHD_118,90.75230407714844,53.73593521118164
Chungju_chujeomtunnel(yangpyeong)_20201020_0730_TUE_15m_NH_highway_OW2_fog_FHD_103,121.34683227539062,58.123260498046875
Chungju_chujeomtunnel(changwon)_20201021_1030_WED_15m_NH_highway_OW2_sunny_FHD_111,114.74322509765625,50.16596221923828
Gangneung_gangdong2brdg_20201020_1130_TUE_15m_NH_highway_TW2_sunny_FHD_075,110.91365814208984,70.96207427978516
Jeonju_gudeog_20201021_1000_WED_15m_NH_highway_TW3_sunny_FHD_027,113.998046875,38.476802825927734
Cheonan_sajeong_20201019_1730_MON_15m_NH_highway_TW3_sunny_FHD_015,123.19560241699219,50.352901458740234
Gangneung_hyangho2brdg_20201021_1730_WED_15m_NH_highway_TW2_sunny_FHD_008,135.2320098876953,57.64305114746094
Jeonju_jeongeub_20201020_1330_TUE_15m_NH_highway_TW2_sunny_FHD_059,118.55489349365234,68.59688568115234
Suwon_CH06_20201010_1932_SAT_9m_NH_highway_OW5_sunny_FHD_065,59.23556137084961,28.748292922973633
Chungju_danpyeong1brdg_20201021_1530_WED_15m_NH_highway_TW2_sunny_FHD_077,108.42683410644531,43.560546875
Jeonju_gudeog_20201019_2000_MON_15m_NH_highway_TW3_sunny_FHD_077,95.36839294433594,46.5025749206543
Jeonju_jeongeub_20201021_1200_WED_15m_NH_highway_TW2_sunny_FHD_091,120.93527221679688,44.26087951660156
Cheonan_sajeong_20201019_1730_MON_15m_NH_highway_TW3_sunny_FHD_085,114.42778778076172,50.63984680175781
Suwon_CH05_20200721_2130_TUE_9m_NH_highway_OW5_sunny_FHD_098,55.998497009277344,23.086688995361328
Busan_busanportbrdg2_20201027_1630_TUE_8m_NH_highway_TW3_sunny_FHD_087,159.82302856445312,65.44742584228516
Chungju_jogogli_20201020_1300_TUE_15m_RH_highway_TW2_sunny_FHD_075,123.7900619506836,55.59381103515625
Chungju_jogogli_20201021_1200_WED_15m_NH_highway_TW2_sunny_FHD_062,126.46129608154297,46.96308517456055
Buan_daemog_20201020_1630_TUE_15m_NH_highway_TW2_sunny_FHD_005,106.90240478515625,53.331764221191406
Jeonju_jeongeub_20201021_1700_WED_15m_NH_highway_TW2_rainy_FHD_105,118.7928237915039,49.162322998046875
Jeonju_jeongeub_20201021_1200_WED_15m_NH_highway_TW2_sunny_FHD_094,122.89490509033203,47.546016693115234
Hongcheon_wonchang4brdg_20201019_1600_MON_15m_NH_highway_OW2_sunny_FHD_005,88.51077270507812,64.3492660522461
Suwon_CH09_20201012_2140_MON_9m_NH_highway_OW5_sunny_FHD_039,49.67033004760742,20.541072845458984
Cheonan_sajeong_20201021_0730_WED_15m_NH_highway_TW3_sunny_FHD_119,124.60324096679688,48.45340347290039
Jeonju_jeongeub_20201020_1330_TUE_15m_NH_highway_TW2_sunny_FHD_127,117.4369125366211,69.96220397949219
Inje_injetunnel2_20201210_0956_THU_4.8m_NH_highway_OW2_tunnel_FHD_066,99.35938262939453,30.839031219482422
Suwon_CH08_20201011_2149_SUN_9m_NH_highway_OW5_sunny_FHD_038,69.11370086669922,22.26563835144043
Gangneung_nodong1brdg_20201020_1030_TUE_15m_NH_highway_TW2_sunny_FHD_119,125.94520568847656,53.08160400390625
Jeonju_sangpyeongoverpass_20201020_1030_TUE_15m_NH_highway_TW2_sunny_FHD_012,107.22004699707031,60.438697814941406
Jincheon_namioverpass_20201020_1400_TUE_15m_NH_highway_OW2_sunny_FHD_080,132.21620178222656,54.66303634643555
Buan_daemog_20201019_1730_MON_15m_NH_highway_TW2_sunny_FHD_075,108.54777526855469,56.44273376464844
Suwon_CH03_20200722_1700_WED_9m_NH_highway_OW5_sunny_FHD_095,110.18197631835938,38.84343338012695
Gangneung_wichon2brdg_20201019_1730_MON_15m_NH_highway_TW2_sunny_FHD_058,140.69839477539062,50.822540283203125
Suwon_CH05_20200720_1700_MON_9m_NH_highway_OW5_sunny_FHD_085,104.2704086303711,39.64736557006836
Busan_busanportbrdg6_20201119_1230_THU_8m_NH_highway_TW3_rainy_FHD_103,167.6886749267578,47.97185134887695
Suwon_CH01_20201010_1930_SAT_9m_NH_highway_TW5_sunny_FHD_068,62.256187438964844,24.397634506225586
Jeonju_deungcheon_20201020_0800_TUE_10m_NH_highway_TW2_sunny_FHD_051,110.83340454101562,47.895782470703125
Jeonju_deungcheon_20201019_1800_MON_10m_NH_highway_TW2_sunny_FHD_093,97.31539916992188,50.74192810058594
Suwon_CH10_20201011_1957_SUN_9m_NH_highway_OW5_sunny_FHD_073,71.67015838623047,17.987985610961914
Suwon_CH04_20200721_1500_TUE_9m_NH_highway_OW5_sunny_FHD_047,110.64986419677734,30.73035430908203
Cheonan_gangjeong_20201021_0830_WED_15m_NH_highway_TW3_sunny_FHD_103,98.09346008300781,38.05814743041992
Suwon_CH01_20201010_1930_SAT_9m_NH_highway_TW5_sunny_FHD_033,63.4011116027832,22.515525817871094
Suwon_CH02_20201010_2038_SAT_9m_NH_highway_TW5_sunny_FHD_072,66.50118255615234,27.77631378173828
Jeonju_gudeog_20201019_2000_MON_15m_NH_highway_TW3_sunny_FHD_032,97.08395385742188,46.5208740234375
Jeonju_deungcheon_20201021_1800_WED_10m_NH_highway_TW2_sunny_FHD_088,112.72978210449219,38.502723693847656
Cheonan_ogsan_20201020_1100_TUE_15m_RH_highway_TW3_sunny_FHD_055,117.2128677368164,44.055442810058594
Gangneung_nodong1brdg_20201020_1030_TUE_15m_NH_highway_TW2_sunny_FHD_049,124.91187286376953,52.43937301635742
Cheonan_seongnam2_20201020_1030_TUE_10m_RH_highway_TW3_sunny_FHD_090,120.36461639404297,44.30589294433594
Gangneung_hyangho2brdg_20201020_0830_TUE_15m_NH_highway_TW2_sunny_FHD_000,119.97874450683594,47.0578498840332
Suwon_CH03_20200720_2030_MON_9m_NH_highway_OW5_sunny_FHD_032,54.465641021728516,16.31459617614746
Gangneung_gangdong2brdg_20201021_1030_WED_15m_NH_highway_TW2_sunny_FHD_033,118.28761291503906,60.04018020629883
Gangneung_hyangho2brdg_20201021_1230_WED_15m_NH_highway_TW2_sunny_FHD_107,123.29358673095703,53.794151306152344
Jincheon_namioverpass_20201020_0900_TUE_15m_NH_highway_OW2_fog_FHD_104,131.09396362304688,56.966800689697266
Gangneung_nodong1brdg_20201019_1630_MON_15m_NH_highway_TW2_sunny_FHD_050,124.59274291992188,50.540584564208984
Suwon_CH05_20200721_2130_TUE_9m_NH_highway_OW5_sunny_FHD_034,50.73215866088867,21.16436767578125
Chungju_danpyeong1brdg_20201020_1100_TUE_15m_RH_highway_TW2_sunny_FHD_107,116.25350189208984,60.20112991333008
Inje_injetunnel2_20201210_0956_THU_4.8m_NH_highway_OW2_tunnel_FHD_100,96.8858413696289,30.73276710510254
Jeonju_taeinshelter(seoul)_20201021_1300_WED_15m_NH_highway_TW2_sunny_FHD_116,106.20989990234375,42.44677734375
Buan_yulchon_20201020_1600_TUE_15m_NH_highway_TW2_sunny_FHD_003,115.28211212158203,51.18906021118164
Busan_busanportbrdg3_20201028_1100_TUE_8m_NH_highway_TW3_sunny_FHD_009,162.6574249267578,60.28921890258789
Chungju_danpyeong1brdg_20201021_1030_WED_15m_NH_highway_TW2_sunny_FHD_113,110.83381652832031,41.80972671508789
Buan_daemog_20201019_1730_MON_15m_NH_highway_TW2_sunny_FHD_100,107.9210433959961,56.231788635253906
Jeonju_gudeog_20201020_2000_TUE_15m_NH_highway_TW3_sunny_FHD_020,103.48334503173828,50.1678466796875
Buan_soju2brdg_20201021_1330_WED_15m_NH_highway_TW2_sunny_FHD_018,122.90768432617188,37.5527458190918
Gangneung_nodong_20201020_1430_TUE_15m_NH_highway_TW2_sunny_FHD_053,96.15789794921875,87.47919464111328
Buan_yeji_20201021_0730_WED_15m_NH_highway_TW2_sunny_FHD_019,123.58588409423828,55.276527404785156
Chungju_sangwoo1brdg_20201021_1030_WED_15m_NH_highway_TW2_sunny_HD_052,100.41317749023438,40.32194519042969
Jeonju_gudeog_20201020_1500_TUE_15m_NH_highway_TW3_sunny_FHD_105,114.90492248535156,44.53974151611328
Suwon_CH08_20200720_1830_MON_9m_NH_highway_OW5_sunny_FHD_118,78.52448272705078,22.81196403503418
Buan_jongsin_20201021_1030_WED_15m_NH_highway_TW2_sunny_FHD_038,118.57183837890625,41.195343017578125
Suwon_CH09_20200721_1730_TUE_9m_NH_highway_OW5_sunny_FHD_033,109.11176300048828,41.44232940673828
Jeonju_jeongeub_20201021_0700_WED_15m_NH_highway_TW2_sunny_FHD_120,119.72761535644531,46.202659606933594
Suwon_CH02_20200720_1830_MON_9m_NH_highway_TW5_sunny_FHD_099,109.17451477050781,42.451961517333984
Gangneung_nodong1brdg_20201020_1530_TUE_15m_NH_highway_TW2_sunny_FHD_026,120.31932830810547,50.221473693847656
Gangneung_wichon2brdg_20201019_1730_MON_15m_NH_highway_TW2_sunny_FHD_052,140.03097534179688,50.953941345214844
Jeonju_gudeog_20201020_2000_TUE_15m_NH_highway_TW3_sunny_FHD_030,99.2259292602539,46.67870330810547
Suwon_CH09_20200720_1900_MON_9m_NH_highway_OW5_sunny_FHD_002,75.87034606933594,28.88370132446289
Chungju_jogogli_20201020_1300_TUE_15m_RH_highway_TW2_sunny_FHD_092,125.35346984863281,55.15328598022461
Suwon_CH02_20200720_1830_MON_9m_NH_highway_TW5_sunny_FHD_012,113.52295684814453,40.97968292236328
Jeonju_jeongeub_20201020_1330_TUE_15m_NH_highway_TW2_sunny_FHD_034,117.96924591064453,68.34477233886719
Jeonju_jeongeub_20201020_1330_TUE_15m_NH_highway_TW2_sunny_FHD_106,119.43871307373047,69.3580093383789
Jeonju_jeongeub_20201021_1200_WED_15m_NH_highway_TW2_sunny_FHD_110,121.6268539428711,44.50962829589844
Jeonju_taeinshelter(seoul)_20201021_1300_WED_15m_NH_highway_TW2_sunny_FHD_103,106.26490020751953,44.22441864013672
Gangneung_nodong1brdg_20201019_1630_MON_15m_NH_highway_TW2_sunny_FHD_126,125.23466491699219,49.49604797363281
Buan_soju2brdg_20201021_1330_WED_15m_NH_highway_TW2_sunny_FHD_086,122.82925415039062,38.04613494873047
Buan_dongjisan_20201021_1300_WED_15m_NH_highway_TW2_sunny_FHD_055,130.63475036621094,48.191524505615234
Busan_busanportbrdg1_20201027_1430_TUE_8m_NH_highway_TW2_sunny_FHD_049,168.8738555908203,45.57633972167969
Suwon_CH09_20200722_1600_WED_9m_NH_highway_OW5_sunny_FHD_092,104.45901489257812,35.028228759765625
Suwon_CH05_20200721_2130_TUE_9m_NH_highway_OW5_sunny_FHD_068,53.289512634277344,19.65161895751953
Buan_yulchon_20201020_1600_TUE_15m_NH_highway_TW2_sunny_FHD_034,114.63143157958984,52.06386184692383
Gangneung_nodong_20201020_0930_TUE_15m_NH_highway_TW2_sunny_FHD_042,96.71310424804688,75.73037719726562
Suwon_CH01_20200721_1700_TUE_9m_RH_highway_TW5_sunny_FHD_013,114.78797912597656,33.017818450927734
Suwon_CH10_20200721_1930_TUE_9m_NH_highway_TW5_sunny_FHD_031,89.72129821777344,30.731834411621094
Chungju_jogogli_20201021_1200_WED_15m_NH_highway_TW2_sunny_FHD_010,125.46436309814453,43.095577239990234
Chungju_chujeomtunnel(changwon)_20201021_1030_WED_15m_NH_highway_OW2_sunny_FHD_097,114.64667510986328,49.89504623413086
Suwon_CH05_20200721_1530_TUE_9m_NH_highway_OW5_sunny_FHD_069,117.83415222167969,39.10924530029297
Jeonju_gudeog_20201021_1500_WED_15m_NH_highway_TW3_sunny_FHD_065,121.04370880126953,51.219146728515625
Suwon_CH07_20201010_1938_SAT_9m_NH_highway_OW5_sunny_FHD_043,58.240447998046875,27.03553581237793
Suwon_CH07_20201010_1938_SAT_9m_NH_highway_OW5_sunny_FHD_094,63.87997817993164,25.256999969482422
Gangneung_wichon2brdg_20201021_0930_WED_15m_NH_highway_TW2_sunny_FHD_113,124.6207275390625,52.05968475341797
Suwon_CH04_20200721_1500_TUE_9m_NH_highway_OW5_sunny_FHD_086,113.70819854736328,35.77275466918945
Jincheon_namioverpass_20201021_0900_WED_15m_NH_highway_OW2_sunny_FHD_065,137.14932250976562,52.42540740966797
Buan_daemog_20201020_1630_TUE_15m_NH_highway_TW2_sunny_FHD_096,101.21638488769531,63.10773468017578
Gangneung_hyangho1brdg_20201020_0730_TUE_15m_NH_highway_TW2_sunny_FHD_061,111.86929321289062,67.86573028564453
Suwon_CH02_20200721_1800_TUE_9m_RH_highway_TW5_sunny_FHD_052,123.18761444091797,44.450172424316406
Cheonan_ogsan_20201021_1000_WED_15m_RH_highway_TW3_sunny_FHD_002,125.20077514648438,42.506229400634766
Cheonan_ogsan_20201020_1600_TUE_15m_RH_highway_TW3_sunny_FHD_001,103.17744445800781,43.355411529541016
Suwon_CH05_20200720_1700_MON_9m_NH_highway_OW5_sunny_FHD_062,110.78993225097656,35.068660736083984
Buan_daemog_20201020_1130_TUE_15m_NH_highway_TW2_sunny_FHD_125,114.32196807861328,44.71592330932617
Jincheon_namioverpass_20201020_1900_TUE_15m_NH_highway_OW2_sunny_FHD_106,109.55135345458984,58.719818115234375
Gangneung_nodong_20201021_0830_WED_15m_NH_highway_TW2_sunny_FHD_054,99.13746643066406,82.60541534423828
Buan_soju2brdg_20201021_0830_WED_15m_NH_highway_TW2_sunny_FHD_106,131.70669555664062,38.06844711303711
Hongcheon_guljitunnel_20201021_0930_WED_15m_NH_highway_TW2_sunny_FHD_076,108.56387329101562,45.781856536865234
Hongcheon_gwanggyeog1brdg_20201019_1730_MON_15m_NH_highway_TW2_sunny_FHD_052,84.69149017333984,52.08855438232422
Gangneung_wichon2brdg_20201021_1430_WED_15m_NH_highway_TW2_sunny_FHD_052,128.96945190429688,56.98786544799805
Busan_busanportbrdg2_20201029_1130_THU_8m_NH_highway_TW3_sunny_FHD_025,168.55833435058594,51.556556701660156
Gangneung_gangdong2brdg_20201021_1030_WED_15m_NH_highway_TW2_sunny_FHD_124,118.35816192626953,60.829185485839844
Suwon_CH06_20200720_1800_MON_9m_NH_highway_OW5_sunny_FHD_052,102.7722396850586,28.490337371826172
Hongcheon_wonchang4brdg_20201019_1600_MON_15m_NH_highway_OW2_sunny_FHD_051,90.5307388305664,65.45923614501953
Jeonju_sangpyeongoverpass_20201021_1430_WED_15m_NH_highway_TW2_sunny_FHD_037,110.90928649902344,43.90361022949219
Jeonju_deungcheon_20201020_1800_TUE_10m_NH_highway_TW2_sunny_FHD_024,125.66514587402344,53.01608657836914
Suwon_CH04_20200722_1800_WED_9m_NH_highway_OW5_sunny_FHD_033,90.19920349121094,21.47354507446289
Chungju_chujeomtunnel(changwon)_20201020_1130_TUE_15m_RH_highway_OW2_sunny_FHD_119,109.9787368774414,59.62091827392578
Suwon_CH03_20201010_2145_SAT_9m_NH_highway_OW5_sunny_FHD_077,62.345516204833984,25.000699996948242
Jincheon_namioverpass_20201021_1400_WED_15m_NH_highway_OW2_sunny_FHD_022,135.2969207763672,50.42716598510742
Gangneung_wichon2brdg_20201020_1900_TUE_15m_NH_highway_TW2_sunny_FHD_117,122.74561309814453,61.57504653930664
Jeonju_taeinshelter(seoul)_20201021_1300_WED_15m_NH_highway_TW2_sunny_FHD_082,107.18421173095703,42.46306228637695
Suwon_CH02_20201010_2038_SAT_9m_NH_highway_TW5_sunny_FHD_031,68.33380889892578,30.43465232849121
Gangneung_nodong_20201020_0930_TUE_15m_NH_highway_TW2_sunny_FHD_099,100.75991821289062,77.44731903076172
Cheonan_seongnam2_20201019_1630_MON_10m_RH_highway_TW3_sunny_FHD_015,115.93116760253906,39.60837173461914
Jeonju_jeongeub_20201021_1700_WED_15m_NH_highway_TW2_rainy_FHD_117,119.8738021850586,49.014957427978516
Jeonju_sangpyeongoverpass_20201020_1530_TUE_15m_NH_highway_TW2_sunny_FHD_069,107.72270202636719,61.909423828125
Busan_busanportbrdg6_20201029_1000_THU_8m_NH_highway_TW3_sunny_FHD_059,169.18788146972656,51.73484802246094
Hongcheon_guljitunnel_20201021_0930_WED_15m_NH_highway_TW2_sunny_FHD_093,107.81523132324219,45.54861831665039
Suwon_CH08_20201010_1945_SAT_9m_NH_highway_OW5_sunny_FHD_071,73.13167572021484,22.986583709716797
Chungju_jogogli_20201021_0700_WED_15m_NH_highway_TW2_sunny_FHD_079,124.7083740234375,39.42620086669922
Gangneung_nodong_20201021_0830_WED_15m_NH_highway_TW2_sunny_FHD_125,98.72434997558594,79.28727722167969
Cheonan_seongnam2_20201020_1030_TUE_10m_RH_highway_TW3_sunny_FHD_096,114.53208923339844,43.09016418457031
Gangneung_gangdong2brdg_20201021_1530_WED_15m_NH_highway_TW2_sunny_FHD_109,114.74112701416016,57.38064956665039
Chungju_chujeomtunnel(yangpyeong)_20201020_1230_TUE_15m_RH_highway_OW2_sunny_FHD_108,122.54033660888672,49.458927154541016
Busan_busanportbrdg2_20201028_1400_TUE_8m_NH_highway_TW3_sunny_FHD_125,169.89329528808594,51.52198791503906
Chungju_sangwoo1brdg_20201021_1030_WED_15m_NH_highway_TW2_sunny_HD_101,103.09210205078125,42.499855041503906
Busan_busanportbrdg3_20201029_1330_THU_8m_NH_highway_TW3_sunny_FHD_033,161.39781188964844,52.094337463378906
Chungju_danpyeong1brdg_20201020_1600_TUE_15m_NH_highway_TW2_sunny_FHD_081,119.30811309814453,57.0141716003418
Gangneung_nodong1brdg_20201020_1030_TUE_15m_NH_highway_TW2_sunny_FHD_112,125.29653930664062,53.14431381225586
Suwon_CH08_20201010_1945_SAT_9m_NH_highway_OW5_sunny_FHD_009,70.80084991455078,25.835155487060547
Suwon_CH09_20200721_1730_TUE_9m_NH_highway_OW5_sunny_FHD_145,103.33554077148438,40.841129302978516
Suwon_CH09_20200721_1730_TUE_9m_NH_highway_OW5_sunny_FHD_096,114.7532958984375,41.074798583984375
Chungju_chujeomtunnel(changwon)_20201021_1530_WED_15m_NH_highway_OW2_sunny_FHD_036,114.35728454589844,49.267425537109375
Hongcheon_gwanggyeog1brdg_20201021_1030_WED_15m_NH_highway_TW2_sunny_FHD_034,98.39761352539062,59.120208740234375
Inje_injetunnel2_20201210_0956_THU_4.8m_NH_highway_OW2_tunnel_FHD_430,99.8078842163086,30.813690185546875
Suwon_CH07_20200720_1800_MON_9m_NH_highway_OW5_sunny_FHD_086,109.57229614257812,36.956214904785156
Cheonan_seongnam2_20201020_1530_TUE_10m_NH_highway_TW3_sunny_FHD_126,112.01787567138672,41.744117736816406
Jeonju_deungcheon_20201019_1800_MON_10m_NH_highway_TW2_sunny_FHD_075,106.6278305053711,48.732913970947266
Busan_busanportbrdg6_20201119_1230_THU_8m_NH_highway_TW3_rainy_FHD_072,167.1403350830078,46.86967849731445
Buan_dongjisan_20201021_1300_WED_15m_NH_highway_TW2_sunny_FHD_073,128.42684936523438,52.70746612548828
Cheonan_ogsan_20201020_1100_TUE_15m_RH_highway_TW3_sunny_FHD_014,116.0062026977539,42.23621368408203
Chungju_chujeomtunnel(yangpyeong)_20201020_1730_TUE_15m_NH_highway_OW2_sunny_FHD_115,104.49342346191406,50.59942626953125
Chungju_sangwoo1brdg_20201021_1030_WED_15m_NH_highway_TW2_sunny_HD_103,107.64302062988281,42.76712417602539
Suwon_CH06_20200721_1630_TUE_9m_NH_highway_OW5_sunny_FHD_020,107.67523956298828,27.41389274597168
Suwon_CH04_20201011_2020_SUN_9m_NH_highway_OW5_sunny_FHD_089,57.79233169555664,28.75274658203125
Gangneung_nodong1brdg_20201021_1430_WED_15m_NH_highway_TW2_sunny_FHD_054,117.8227767944336,57.851356506347656
Buan_yeji_20201021_0730_WED_15m_NH_highway_TW2_sunny_FHD_042,125.49154663085938,55.65087890625
Cheonan_seongnam2_20201020_1030_TUE_10m_RH_highway_TW3_sunny_FHD_025,116.60057830810547,45.89784240722656
Busan_busanportbrdg3_20201029_1330_THU_8m_NH_highway_TW3_sunny_FHD_050,166.22805786132812,49.58612060546875
Buan_yeji_20201021_1730_WED_15m_NH_highway_TW2_rainy_FHD_118,115.00870513916016,46.29481506347656
Gangneung_hyangho2brdg_20201021_0730_WED_15m_NH_highway_TW2_sunny_FHD_069,130.06265258789062,49.988006591796875
Cheonan_ogsan_20201020_1600_TUE_15m_RH_highway_TW3_sunny_FHD_048,102.3152847290039,45.89105987548828
Busan_busanportbrdg2_20201029_1130_THU_8m_NH_highway_TW3_sunny_FHD_083,169.6641387939453,48.95505905151367
Jincheon_namioverpass_20201020_0900_TUE_15m_NH_highway_OW2_fog_FHD_055,134.51138305664062,56.21089172363281
Suwon_CH04_20201011_2020_SUN_9m_NH_highway_OW5_sunny_FHD_055,57.81114196777344,19.89278793334961
Busan_busanportbrdg2_20201029_1630_THU_8m_NH_highway_TW3_sunny_FHD_076,157.3201904296875,67.25419616699219
Busan_busanportbrdg4_20201028_1300_TUE_8m_NH_highway_TW3_sunny_FHD_006,174.14646911621094,55.19463348388672
Cheonan_seongnam2_20201021_1430_WED_10m_NH_highway_TW3_sunny_FHD_097,110.38312530517578,40.65403366088867
Suwon_CH02_20200720_1830_MON_9m_NH_highway_TW5_sunny_FHD_032,99.28907775878906,27.946189880371094
Chungju_chujeomtunnel(changwon)_20201020_1630_TUE_15m_NH_highway_OW2_sunny_FHD_088,115.378662109375,53.163002014160156
Chungju_chujeomtunnel(changwon)_20201021_1530_WED_15m_NH_highway_OW2_sunny_FHD_088,120.42855834960938,48.24040603637695
Chungju_jogogli_20201021_1200_WED_15m_NH_highway_TW2_sunny_FHD_081,125.17455291748047,43.42219543457031
Suwon_CH03_20200720_2030_MON_9m_NH_highway_OW5_sunny_FHD_134,55.14739227294922,17.6870174407959
Hongcheon_guljitunnel_20201021_1430_WED_15m_NH_highway_TW2_sunny_FHD_119,106.71389770507812,50.07403564453125
Jeonju_taeinshelter(seoul)_20201020_0900_TUE_15m_NH_highway_TW2_fog_FHD_076,115.88581848144531,29.103002548217773
Jeonju_deungcheon_20201019_1800_MON_10m_NH_highway_TW2_sunny_FHD_015,124.4465103149414,53.566402435302734
Cheonan_gangjeong_20201021_0830_WED_15m_NH_highway_TW3_sunny_FHD_080,97.66201782226562,37.60270690917969
Busan_busanportbrdg1_20201027_1430_TUE_8m_NH_highway_TW2_sunny_FHD_066,166.4322967529297,45.744258880615234
Suwon_CH03_20200722_1700_WED_9m_NH_highway_OW5_sunny_FHD_058,108.75889587402344,37.97346496582031
Busan_busanportbrdg6_20201028_1330_TUE_8m_NH_highway_TW3_sunny_FHD_029,162.0003204345703,54.0258674621582
Gangneung_wichon2brdg_20201020_1900_TUE_15m_NH_highway_TW2_sunny_FHD_060,126.73164367675781,62.89372253417969
Suwon_CH05_20201011_2058_SUN_9m_NH_highway_OW5_sunny_FHD_074,63.35516357421875,26.707704544067383
Jeonju_jeongeub_20201021_0700_WED_15m_NH_highway_TW2_sunny_FHD_008,120.99884796142578,47.87525177001953
Busan_busanportbrdg4_20201029_0930_THU_8m_NH_highway_TW3_sunny_FHD_116,163.04254150390625,54.93003845214844
Cheonan_ogsan_20201020_1600_TUE_15m_RH_highway_TW3_sunny_FHD_059,103.04086303710938,45.2237548828125
Jeonju_sangpyeongoverpass_20201020_1030_TUE_15m_NH_highway_TW2_sunny_FHD_040,105.83497619628906,60.334110260009766
Gangneung_wichon2brdg_20201020_1900_TUE_15m_NH_highway_TW2_sunny_FHD_090,125.60633087158203,64.37350463867188
Buan_daemog_20201019_1730_MON_15m_NH_highway_TW2_sunny_FHD_035,107.92340850830078,57.362056732177734
Hongcheon_wonchang4brdg_20201019_1600_MON_15m_NH_highway_OW2_sunny_FHD_053,86.25918579101562,64.70569610595703
Jeonju_gudeog_20201021_1500_WED_15m_NH_highway_TW3_sunny_FHD_025,106.32485961914062,40.12322235107422
Buan_daemog_20201020_1130_TUE_15m_NH_highway_TW2_sunny_FHD_069,114.11687469482422,45.669673919677734
Suwon_CH08_20200721_1730_TUE_9m_NH_highway_OW5_sunny_FHD_023,97.2057113647461,28.94399642944336
Jeonju_taeinshelter(seoul)_20201021_0730_WED_15m_NH_highway_TW2_sunny_FHD_096,109.79936981201172,40.0214958190918
Gangneung_gangdong2brdg_20201021_1030_WED_15m_NH_highway_TW2_sunny_FHD_058,115.65571594238281,58.73301315307617
Hongcheon_seomgangbrdg_20201020_1400_TUE_15m_NH_highway_TW2_sunny_FHD_002,125.46529388427734,75.659912109375
Buan_soju2brdg_20201020_1300_TUE_15m_NH_highway_TW2_sunny_FHD_082,117.09556579589844,34.39533233642578
Hongcheon_seomgangbrdg_20201021_1300_WED_15m_NH_highway_TW2_sunny_FHD_052,136.2463836669922,74.43911743164062
Hongcheon_guljitunnel_20201021_0930_WED_15m_NH_highway_TW2_sunny_FHD_046,110.36302185058594,46.41902160644531
Hongcheon_gwanggyeog1brdg_20201020_1630_TUE_15m_NH_highway_TW2_sunny_FHD_094,99.0967025756836,54.109317779541016
Jeonju_gudeog_20201020_1500_TUE_15m_NH_highway_TW3_sunny_FHD_114,113.67613983154297,44.79549789428711
Busan_busanportbrdg3_20201029_1330_THU_8m_NH_highway_TW3_sunny_FHD_048,166.2548065185547,50.11880111694336
Cheonan_seongnam2_20201021_0930_WED_10m_RH_highway_TW3_sunny_FHD_086,117.92310333251953,42.0806884765625
Jeonju_sangpyeongoverpass_20201021_1430_WED_15m_NH_highway_TW2_sunny_FHD_008,112.96633911132812,39.65502166748047
Jeonju_sangpyeongoverpass_20201021_0930_WED_15m_NH_highway_TW2_sunny_FHD_007,114.02299499511719,40.66414260864258
Suwon_CH10_20201213_0958_SUN_9m_NH_highway_OW5_snow_FHD_085,97.28912353515625,35.632442474365234
Suwon_CH01_20200721_1700_TUE_9m_RH_highway_TW5_sunny_FHD_096,119.84845733642578,29.424339294433594
Busan_busanportbrdg3_20201027_1300_TUE_8m_NH_highway_TW3_sunny_FHD_056,162.43641662597656,54.8375129699707
Busan_busanportbrdg5_20201119_1100_THU_8m_NH_highway_TW3_rainy_FHD_118,170.5185089111328,47.80885314941406
Hongcheon_guljitunnel_20201021_0930_WED_15m_NH_highway_TW2_sunny_FHD_095,105.6442642211914,44.42073059082031
Suwon_CH08_20201010_1945_SAT_9m_NH_highway_OW5_sunny_FHD_086,68.24542999267578,21.937124252319336
Suwon_CH06_20201010_1932_SAT_9m_NH_highway_OW5_sunny_FHD_098,52.49726104736328,31.805768966674805
Suwon_CH01_20201012_2023_MON_9m_NH_highway_TW5_sunny_FHD_053,60.047237396240234,25.594114303588867
Jincheon_jangam_20201021_0830_WED_15m_NH_highway_TW2_sunny_FHD_091,112.43673706054688,57.69587326049805
Chungju_chujeomtunnel(yangpyeong)_20201020_1230_TUE_15m_RH_highway_OW2_sunny_FHD_058,121.38749694824219,48.88674545288086
Hongcheon_gwanggyeog1brdg_20201021_1530_WED_15m_NH_highway_TW2_sunny_FHD_037,97.0777359008789,57.44834518432617
Jeonju_gudeog_20201021_1500_WED_15m_NH_highway_TW3_sunny_FHD_079,112.71932983398438,39.92146682739258
Gangneung_gangdong2brdg_20201020_1630_TUE_15m_NH_highway_TW2_sunny_FHD_101,120.28751373291016,50.917938232421875
Suwon_CH01_20201012_2023_MON_9m_NH_highway_TW5_sunny_FHD_019,60.026512145996094,22.281267166137695
Suwon_CH09_20200722_1600_WED_9m_NH_highway_OW5_sunny_FHD_006,101.64295196533203,30.55413246154785
Gangneung_wichon2brdg_20201021_0930_WED_15m_NH_highway_TW2_sunny_FHD_128,124.79954528808594,52.79218673706055
Suwon_CH08_20200720_1830_MON_9m_NH_highway_OW5_sunny_FHD_042,80.78196716308594,21.93045425415039
Chungju_jogogli_20201021_1200_WED_15m_NH_highway_TW2_sunny_FHD_074,126.86327362060547,43.98452377319336
Suwon_CH01_20200720_1830_MON_9m_RH_highway_TW5_sunny_FHD_036,103.93243408203125,27.84066390991211
Buan_soju2brdg_20201020_0800_TUE_15m_NH_highway_TW2_fog_FHD_042,133.2300262451172,41.74446487426758
Busan_busanportbrdg3_20201119_1030_THU_8m_NH_highway_TW3_rainy_FHD_119,160.9631805419922,57.04222869873047
Suwon_CH04_20200722_1800_WED_9m_NH_highway_OW5_sunny_FHD_031,96.48512268066406,33.66606521606445
Suwon_CH09_20200722_1600_WED_9m_NH_highway_OW5_sunny_FHD_090,103.07577514648438,34.54237365722656
Buan_jongsin_20201021_1530_WED_15m_NH_highway_TW2_rainy_FHD_003,115.01675415039062,40.70389938354492
Suwon_CH03_20201010_2145_SAT_9m_NH_highway_OW5_sunny_FHD_058,62.53204345703125,24.929338455200195
Gangneung_hyangho2brdg_20201020_1330_TUE_15m_NH_highway_TW2_sunny_FHD_018,114.13565063476562,63.39715576171875
Gangneung_wichon2brdg_20201019_1730_MON_15m_NH_highway_TW2_sunny_FHD_060,138.779541015625,50.7940673828125
Chungju_chujeomtunnel(yangpyeong)_20201021_1630_WED_15m_NH_highway_OW2_sunny_FHD_019,140.3831787109375,42.863285064697266
Busan_busanportbrdg2_20201027_1630_TUE_8m_NH_highway_TW3_sunny_FHD_008,163.98631286621094,59.15203857421875
Chungju_sangwoo1brdg_20201020_1130_TUE_15m_RH_highway_TW2_sunny_HD_004,103.91889190673828,46.13285827636719
Suwon_CH02_20200721_1800_TUE_9m_RH_highway_TW5_sunny_FHD_123,118.57048797607422,42.32532501220703
Hongcheon_gwanggyeog1brdg_20201020_1630_TUE_15m_NH_highway_TW2_sunny_FHD_093,107.92366790771484,56.12714767456055
Jincheon_namioverpass_20201021_0900_WED_15m_NH_highway_OW2_sunny_FHD_121,140.70228576660156,54.7952995300293
Buan_jongsin_20201020_1130_TUE_15m_NH_highway_TW2_sunny_FHD_044,119.1937255859375,30.429386138916016
Suwon_CH10_20200721_1930_TUE_9m_NH_highway_TW5_sunny_FHD_014,87.03451538085938,37.456459045410156
Jincheon_namioverpass_20201021_1900_WED_15m_NH_highway_OW2_sunny_FHD_039,105.13202667236328,57.89250564575195
Suwon_CH02_20201010_2038_SAT_9m_NH_highway_TW5_sunny_FHD_048,71.6005859375,38.41646957397461
Chungju_chujeomtunnel(yangpyeong)_20201021_1630_WED_15m_NH_highway_OW2_sunny_FHD_087,142.63206481933594,42.73659896850586
Chungju_chujeomtunnel(yangpyeong)_20201021_1630_WED_15m_NH_highway_OW2_sunny_FHD_115,142.47727966308594,42.56648635864258
Suwon_CH04_20201011_2020_SUN_9m_NH_highway_OW5_sunny_FHD_013,65.92401123046875,29.89008140563965
Cheonan_gangjeong_20201020_1400_TUE_15m_NH_highway_TW3_sunny_FHD_116,83.66027069091797,49.48379898071289
Hongcheon_seomgangbrdg_20201021_1300_WED_15m_NH_highway_TW2_sunny_FHD_091,132.24386596679688,70.1859130859375
Cheonan_sajeong_20201021_1330_WED_15m_NH_highway_TW3_sunny_FHD_033,120.29825592041016,51.39635467529297
Cheonan_sajeong_20201021_1330_WED_15m_NH_highway_TW3_sunny_FHD_059,119.31404876708984,48.94009780883789
Jincheon_namioverpass_20201020_1900_TUE_15m_NH_highway_OW2_sunny_FHD_065,102.1717300415039,57.794715881347656
Hongcheon_wonchang4brdg_20201021_1500_WED_15m_NH_highway_OW2_sunny_FHD_062,97.08965301513672,57.94640350341797
Busan_busanportbrdg5_20201029_1430_THU_8m_NH_highway_TW3_sunny_FHD_027,173.0440673828125,48.70647430419922
Hongcheon_wonchang4brdg_20201019_1600_MON_15m_NH_highway_OW2_sunny_FHD_063,87.30996704101562,64.37777709960938
Busan_busanportbrdg6_20201027_1500_TUE_8m_NH_highway_TW3_sunny_FHD_050,157.4257049560547,59.22932815551758
Jeonju_deungcheon_20201021_1800_WED_10m_NH_highway_TW2_sunny_FHD_120,116.77722930908203,39.24555969238281
Suwon_CH05_20200721_1530_TUE_9m_NH_highway_OW5_sunny_FHD_012,116.42327117919922,41.69984817504883
Busan_busanportbrdg2_20201029_1130_THU_8m_NH_highway_TW3_sunny_FHD_112,172.4703369140625,49.33481979370117
Jeonju_taeinshelter(seoul)_20201020_1400_TUE_15m_NH_highway_TW2_sunny_FHD_114,109.20068359375,39.180633544921875
Jeonju_jeongeub_20201021_1200_WED_15m_NH_highway_TW2_sunny_FHD_111,122.5306625366211,48.028846740722656
Buan_yeji_20201019_1600_MON_15m_NH_highway_TW2_sunny_FHD_037,104.6539535522461,68.46398162841797
Busan_busanportbrdg2_20201029_1630_THU_8m_NH_highway_TW3_sunny_FHD_054,163.42771911621094,66.2018051147461
Buan_soju2brdg_20201021_1330_WED_15m_NH_highway_TW2_sunny_FHD_000,121.15682220458984,35.13014221191406
Gangneung_hyangho2brdg_20201020_1330_TUE_15m_NH_highway_TW2_sunny_FHD_123,115.17093658447266,63.75474548339844
Cheonan_seongnam2_20201020_1530_TUE_10m_NH_highway_TW3_sunny_FHD_121,116.74040222167969,41.173561096191406
Gangneung_wichon2brdg_20201021_0930_WED_15m_NH_highway_TW2_sunny_FHD_062,126.28821563720703,51.643211364746094
Jeonju_jeongeub_20201020_1330_TUE_15m_NH_highway_TW2_sunny_FHD_031,118.19786834716797,68.38683319091797
Jincheon_namioverpass_20201021_1900_WED_15m_NH_highway_OW2_sunny_FHD_102,108.21758270263672,55.37561798095703
Jeonju_deungcheon_20201020_1800_TUE_10m_NH_highway_TW2_sunny_FHD_107,95.31019592285156,54.97720718383789
Jeonju_taeinshelter(seoul)_20201021_0730_WED_15m_NH_highway_TW2_sunny_FHD_006,107.06293487548828,41.9508056640625
Jeonju_jeongeub_20201020_0830_TUE_15m_NH_highway_TW2_fog_FHD_113,119.74658966064453,61.45863723754883
Buan_soju2brdg_20201021_0830_WED_15m_NH_highway_TW2_sunny_FHD_100,130.5078582763672,36.15224838256836
Chungju_chujeomtunnel(changwon)_20201019_1730_MON_15m_NH_highway_OW2_sunny_FHD_085,121.53520202636719,49.76912307739258
Suwon_CH01_20200721_1700_TUE_9m_RH_highway_TW5_sunny_FHD_098,119.04584503173828,31.910934448242188
Cheonan_ogsan_20201019_1630_MON_15m_RH_highway_TW3_sunny_FHD_021,109.68724822998047,41.6498908996582
Suwon_CH05_20200721_1530_TUE_9m_NH_highway_OW5_sunny_FHD_006,106.79357147216797,33.64732360839844
Gangneung_gangdong2brdg_20201020_1130_TUE_15m_NH_highway_TW2_sunny_FHD_053,110.506591796875,71.23025512695312
Hongcheon_guljitunnel_20201020_1530_TUE_15m_NH_highway_TW2_sunny_FHD_100,108.91947174072266,44.08924102783203
Gangneung_nodong_20201020_1430_TUE_15m_NH_highway_TW2_sunny_FHD_083,97.79468536376953,87.21524047851562
Gangneung_wichon2brdg_20201020_1900_TUE_15m_NH_highway_TW2_sunny_FHD_033,129.18194580078125,64.47574615478516
Gangneung_nodong1brdg_20201021_1430_WED_15m_NH_highway_TW2_sunny_FHD_035,113.56352996826172,59.990116119384766
Busan_busanportbrdg2_20201029_1130_THU_8m_NH_highway_TW3_sunny_FHD_075,168.51829528808594,49.768959045410156
Busan_busanportbrdg4_20201119_1130_THU_8m_NH_highway_TW3_rainy_FHD_000,162.88868713378906,52.77423858642578
Buan_yeji_20201019_1600_MON_15m_NH_highway_TW2_sunny_FHD_028,105.54425811767578,68.48770904541016
Gangneung_gangdong2brdg_20201019_1730_MON_15m_NH_highway_TW2_sunny_FHD_059,116.96641540527344,53.41960144042969
Suwon_CH07_20200720_1800_MON_9m_NH_highway_OW5_sunny_FHD_010,109.3643798828125,38.08538055419922
Jeonju_deungcheon_20201020_1300_TUE_10m_NH_highway_TW2_sunny_FHD_006,114.60733032226562,39.08427810668945
Busan_busanportbrdg3_20201028_1600_TUE_8m_NH_highway_TW3_sunny_FHD_086,155.0751190185547,60.867801666259766
Jeonju_taeinshelter(seoul)_20201020_0900_TUE_15m_NH_highway_TW2_fog_FHD_087,110.3240966796875,27.324995040893555
Busan_busanportbrdg6_20201029_1500_THU_8m_NH_highway_TW3_sunny_FHD_009,166.18429565429688,51.71487808227539
Busan_busanportbrdg4_20201029_0930_THU_8m_NH_highway_TW3_sunny_FHD_038,163.9511260986328,57.46085739135742
Jincheon_namioverpass_20201021_1400_WED_15m_NH_highway_OW2_sunny_FHD_009,136.1267547607422,50.994110107421875
Busan_busanportbrdg3_20201029_1330_THU_8m_NH_highway_TW3_sunny_FHD_062,161.5924530029297,52.12033462524414
Busan_busanportbrdg3_20201028_1100_TUE_8m_NH_highway_TW3_sunny_FHD_103,156.60716247558594,58.15530776977539
Jincheon_namioverpass_20201020_1400_TUE_15m_NH_highway_OW2_sunny_FHD_035,130.63543701171875,55.200439453125
Suwon_CH02_20201010_2038_SAT_9m_NH_highway_TW5_sunny_FHD_079,70.16915130615234,35.16358184814453
Chungju_jogogli_20201021_1200_WED_15m_NH_highway_TW2_sunny_FHD_096,123.84921264648438,42.443504333496094
Cheonan_ogsan_20201019_1630_MON_15m_RH_highway_TW3_sunny_FHD_035,109.44512176513672,42.258323669433594
Jeonju_gudeog_20201020_1500_TUE_15m_NH_highway_TW3_sunny_FHD_044,111.4623031616211,47.10531234741211
Jincheon_namioverpass_20201020_1400_TUE_15m_NH_highway_OW2_sunny_FHD_060,133.19410705566406,55.041748046875
Buan_yulchon_20201020_1600_TUE_15m_NH_highway_TW2_sunny_FHD_109,114.17973327636719,52.921810150146484
Suwon_CH04_20200721_2030_TUE_9m_NH_highway_OW5_sunny_FHD_051,63.31210708618164,25.675678253173828
Chungju_danpyeong1brdg_20201021_1030_WED_15m_NH_highway_TW2_sunny_FHD_108,108.2109146118164,43.03987503051758
Busan_busanportbrdg4_20201029_1430_THU_8m_NH_highway_TW3_sunny_FHD_078,167.61924743652344,59.81446075439453
Cheonan_seongnam2_20201021_1430_WED_10m_NH_highway_TW3_sunny_FHD_074,104.13768768310547,39.87590408325195
Cheonan_seongnam2_20201021_1430_WED_10m_NH_highway_TW3_sunny_FHD_001,112.41004943847656,43.13004684448242
Jeonju_deungcheon_20201020_0800_TUE_10m_NH_highway_TW2_sunny_FHD_123,120.16317749023438,43.449371337890625
Chungju_jogogli_20201021_1700_WED_15m_NH_highway_TW2_sunny_FHD_058,143.3575439453125,42.121253967285156
Busan_busanportbrdg5_20201027_1530_TUE_8m_NH_highway_TW3_sunny_FHD_103,155.9893798828125,58.379417419433594
Busan_busanportbrdg3_20201029_1330_THU_8m_NH_highway_TW3_sunny_FHD_039,172.00839233398438,48.93391418457031
Buan_daemog_20201019_1730_MON_15m_NH_highway_TW2_sunny_FHD_017,107.7095947265625,63.78914260864258
Buan_yeji_20201021_1230_WED_15m_NH_highway_TW2_sunny_FHD_089,121.76189422607422,54.74317169189453
Chungju_jogogli_20201021_0700_WED_15m_NH_highway_TW2_sunny_FHD_092,123.9913330078125,40.41849899291992
Hongcheon_gwanggyeog1brdg_20201021_1030_WED_15m_NH_highway_TW2_sunny_FHD_048,99.42647552490234,57.85398483276367
Suwon_CH05_20200721_2130_TUE_9m_NH_highway_OW5_sunny_FHD_040,53.8768424987793,20.586618423461914
Jeonju_sangpyeongoverpass_20201021_1430_WED_15m_NH_highway_TW2_sunny_FHD_021,107.3906478881836,39.874839782714844
Suwon_CH03_20200720_2030_MON_9m_NH_highway_OW5_sunny_FHD_053,54.30522537231445,17.267925262451172
Jincheon_namioverpass_20201019_1900_MON_15m_NH_highway_OW2_sunny_FHD_075,106.0706787109375,59.02889633178711
Gangneung_hyangho2brdg_20201021_0730_WED_15m_NH_highway_TW2_sunny_FHD_010,128.5832061767578,48.89842987060547
Hongcheon_gwanggyeog1brdg_20201019_1730_MON_15m_NH_highway_TW2_sunny_FHD_003,91.1296157836914,53.442745208740234
Cheonan_seongnam2_20201021_1430_WED_10m_NH_highway_TW3_sunny_FHD_044,110.09927368164062,41.535743713378906
Hongcheon_gwanggyeog1brdg_20201019_1730_MON_15m_NH_highway_TW2_sunny_FHD_097,85.86528015136719,52.952796936035156
Jeonju_jeongeub_20201021_1700_WED_15m_NH_highway_TW2_rainy_FHD_089,117.2212142944336,46.123477935791016
Gangneung_wichon2brdg_20201020_1400_TUE_15m_NH_highway_TW2_sunny_FHD_037,117.49549865722656,56.9221076965332
Suwon_CH06_20201010_1932_SAT_9m_NH_highway_OW5_sunny_FHD_021,55.91604232788086,30.189857482910156
Jeonju_deungcheon_20201021_0800_WED_10m_NH_highway_TW2_sunny_FHD_120,101.0951156616211,42.480106353759766
Gangneung_nodong_20201020_0930_TUE_15m_NH_highway_TW2_sunny_FHD_001,99.60182189941406,76.24893188476562
Suwon_CH06_20200720_1800_MON_9m_NH_highway_OW5_sunny_FHD_133,97.84624481201172,26.70769500732422
Cheonan_seongnam2_20201021_0930_WED_10m_RH_highway_TW3_sunny_FHD_027,117.2181396484375,43.29548263549805
Busan_busanportbrdg2_20201028_1400_TUE_8m_NH_highway_TW3_sunny_FHD_079,180.0076446533203,41.10386276245117
Chungju_danpyeong1brdg_20201020_1600_TUE_15m_NH_highway_TW2_sunny_FHD_049,115.44677734375,56.175140380859375
Jeonju_taeinshelter(seoul)_20201020_0900_TUE_15m_NH_highway_TW2_fog_FHD_123,111.46826171875,28.879173278808594
Buan_jongsin_20201020_1630_TUE_15m_NH_highway_TW2_sunny_FHD_112,120.72598266601562,34.573814392089844
Jeonju_gudeog_20201020_1500_TUE_15m_NH_highway_TW3_sunny_FHD_011,115.0179214477539,44.6191520690918
Suwon_CH03_20200721_2000_TUE_9m_NH_highway_OW5_sunny_FHD_087,73.97344970703125,24.135129928588867
Chungju_jogogli_20201020_0800_TUE_15m_NH_highway_TW2_fog_FHD_022,134.45668029785156,47.77938461303711
Busan_busanportbrdg1_20201028_1300_TUE_8m_NH_highway_TW2_sunny_FHD_020,172.4864044189453,42.25675964355469
Buan_yulchon_20201020_1600_TUE_15m_NH_highway_TW2_sunny_FHD_102,116.65982818603516,53.473628997802734
Gangneung_hyangho2brdg_20201021_0730_WED_15m_NH_highway_TW2_sunny_FHD_117,126.74129486083984,52.401466369628906
Suwon_CH01_20200721_1700_TUE_9m_RH_highway_TW5_sunny_FHD_015,118.91329956054688,31.22279930114746
Busan_busanportbrdg5_20201119_1100_THU_8m_NH_highway_TW3_rainy_FHD_055,167.07305908203125,45.8838996887207
Gangneung_wichon2brdg_20201020_0830_TUE_15m_NH_highway_TW2_sunny_FHD_069,111.18038177490234,62.33515930175781
Chungju_sangwoo1brdg_20201019_2030_MON_15m_NH_highway_TW2_sunny_HD_110,26.98130226135254,39.583736419677734
Gangneung_hyangho1brdg_20201020_1230_TUE_15m_NH_highway_TW2_sunny_FHD_018,117.40889739990234,64.07967376708984
Gangneung_nodong1brdg_20201019_1630_MON_15m_NH_highway_TW2_sunny_FHD_103,122.83123779296875,50.01787185668945
Busan_busanportbrdg4_20201027_1530_TUE_8m_NH_highway_TW3_sunny_FHD_053,160.7812957763672,65.10779571533203
Inje_injetunnel2_20201210_0956_THU_4.8m_NH_highway_OW2_tunnel_FHD_306,96.97492218017578,30.9114933013916
Gangneung_gangdong2brdg_20201021_1530_WED_15m_NH_highway_TW2_sunny_FHD_118,119.51136016845703,58.75807571411133
Chungju_chujeomtunnel(changwon)_20201020_1630_TUE_15m_NH_highway_OW2_sunny_FHD_095,116.2861328125,52.82430648803711
Gangneung_wichon2brdg_20201019_1730_MON_15m_NH_highway_TW2_sunny_FHD_026,140.0644989013672,50.62629318237305
Chungju_chujeomtunnel(yangpyeong)_20201021_1630_WED_15m_NH_highway_OW2_sunny_FHD_120,140.91685485839844,43.7601432800293
Busan_busanportbrdg5_20201119_1100_THU_8m_NH_highway_TW3_rainy_FHD_019,173.82118225097656,46.62854766845703
Suwon_CH01_20201010_1930_SAT_9m_NH_highway_TW5_sunny_FHD_088,65.72924041748047,26.556337356567383
Gangneung_nodong1brdg_20201021_1430_WED_15m_NH_highway_TW2_sunny_FHD_027,120.59783935546875,58.40176773071289
Gangneung_hyangho2brdg_20201020_1330_TUE_15m_NH_highway_TW2_sunny_FHD_105,115.5524673461914,64.18354797363281
Busan_busanportbrdg3_20201029_1330_THU_8m_NH_highway_TW3_sunny_FHD_031,172.69436645507812,48.89235305786133
Suwon_CH01_20200720_1830_MON_9m_RH_highway_TW5_sunny_FHD_125,108.6048812866211,30.85593605041504
Hongcheon_wonchang4brdg_20201019_1600_MON_15m_NH_highway_OW2_sunny_FHD_064,84.80691528320312,63.7394905090332
Gangneung_hyangho1brdg_20201021_1130_WED_15m_NH_highway_TW2_sunny_FHD_026,115.39877319335938,66.21961212158203
Gangneung_gangdong2brdg_20201019_1730_MON_15m_NH_highway_TW2_sunny_FHD_124,76.99787139892578,43.04989242553711
Gangneung_hyangho1brdg_20201021_1130_WED_15m_NH_highway_TW2_sunny_FHD_020,117.71839904785156,66.42852020263672
Buan_daemog_20201020_1130_TUE_15m_NH_highway_TW2_sunny_FHD_021,113.80794525146484,42.6098518371582
Cheonan_seongnam2_20201020_1530_TUE_10m_NH_highway_TW3_sunny_FHD_004,114.72666931152344,42.17463302612305
Jeonju_jeongeub_20201021_1200_WED_15m_NH_highway_TW2_sunny_FHD_076,121.18209075927734,45.87544250488281
Buan_soju2brdg_20201020_1300_TUE_15m_NH_highway_TW2_sunny_FHD_026,123.32664489746094,32.42315673828125
Buan_yulchon_20201021_1500_WED_15m_NH_highway_TW2_sunny_FHD_040,115.56907653808594,50.91254806518555
Busan_busanportbrdg1_20201119_1230_THU_8m_NH_highway_TW2_rainy_FHD_042,167.6647186279297,65.7486801147461
Gangneung_wichon2brdg_20201020_0830_TUE_15m_NH_highway_TW2_sunny_FHD_022,118.89353942871094,57.67129135131836
Jeonju_taeinshelter(seoul)_20201021_1300_WED_15m_NH_highway_TW2_sunny_FHD_058,106.53941345214844,43.051673889160156
Cheonan_gangjeong_20201021_1330_WED_15m_NH_highway_TW3_sunny_FHD_104,113.4926986694336,41.99849319458008
Chungju_chujeomtunnel(changwon)_20201020_1630_TUE_15m_NH_highway_OW2_sunny_FHD_070,114.51417541503906,53.570518493652344
Suwon_CH08_20201011_2149_SUN_9m_NH_highway_OW5_sunny_FHD_078,70.71599578857422,23.284286499023438
Cheonan_sajeong_20201021_1330_WED_15m_NH_highway_TW3_sunny_FHD_088,120.8233413696289,47.81069564819336
Busan_busanportbrdg5_20201029_1430_THU_8m_NH_highway_TW3_sunny_FHD_123,167.9127655029297,51.2895622253418
Buan_jongsin_20201021_1030_WED_15m_NH_highway_TW2_sunny_FHD_075,120.59184265136719,38.63556671142578
Jeonju_jeongeub_20201021_1200_WED_15m_NH_highway_TW2_sunny_FHD_035,121.78367614746094,45.398590087890625
Hongcheon_gwanggyeog1brdg_20201020_1130_TUE_15m_NH_highway_TW2_sunny_FHD_068,100.77349853515625,73.32138061523438
Busan_busanportbrdg3_20201029_1330_THU_8m_NH_highway_TW3_sunny_FHD_099,162.2072296142578,52.948909759521484
Hongcheon_guljitunnel_20201021_1430_WED_15m_NH_highway_TW2_sunny_FHD_005,107.38480377197266,50.760719299316406
Hongcheon_gwanggyeog1brdg_20201021_1530_WED_15m_NH_highway_TW2_sunny_FHD_081,101.0024642944336,56.3039665222168
Jeonju_taeinshelter(seoul)_20201021_0730_WED_15m_NH_highway_TW2_sunny_FHD_042,107.538330078125,39.22102355957031
Busan_busanportbrdg3_20201028_1100_TUE_8m_NH_highway_TW3_sunny_FHD_126,162.49679565429688,56.154624938964844
Buan_yulchon_20201020_1600_TUE_15m_NH_highway_TW2_sunny_FHD_019,116.68317413330078,50.59101486206055
Suwon_CH03_20200720_2030_MON_9m_NH_highway_OW5_sunny_FHD_014,55.68867874145508,18.30999183654785
Gangneung_hyangho1brdg_20201021_1630_WED_15m_NH_highway_TW2_sunny_FHD_011,117.1624526977539,63.14670944213867
Busan_busanportbrdg6_20201029_1000_THU_8m_NH_highway_TW3_sunny_FHD_035,164.2725067138672,53.018455505371094
Chungju_danpyeong1brdg_20201020_1100_TUE_15m_RH_highway_TW2_sunny_FHD_069,117.09212493896484,60.7297477722168
Suwon_CH06_20201010_1932_SAT_9m_NH_highway_OW5_sunny_FHD_031,60.75743103027344,25.401552200317383
Hongcheon_seomgangbrdg_20201020_0900_TUE_15m_NH_highway_TW2_sunny_FHD_035,122.76315307617188,84.81682586669922
Busan_busanportbrdg6_20201028_1330_TUE_8m_NH_highway_TW3_sunny_FHD_126,168.4165496826172,49.04808807373047
Gangneung_wichon2brdg_20201021_1430_WED_15m_NH_highway_TW2_sunny_FHD_111,127.89868927001953,57.65334701538086
Busan_busanportbrdg4_20201028_1300_TUE_8m_NH_highway_TW3_sunny_FHD_111,159.45994567871094,59.309932708740234
Jeonju_deungcheon_20201021_0800_WED_10m_NH_highway_TW2_sunny_FHD_022,106.54146575927734,39.41939926147461
Suwon_CH01_20200720_1830_MON_9m_RH_highway_TW5_sunny_FHD_010,100.22040557861328,25.154251098632812
Suwon_CH04_20200721_1500_TUE_9m_NH_highway_OW5_sunny_FHD_006,112.44549560546875,33.89226150512695
Gangneung_nodong1brdg_20201021_0930_WED_15m_NH_highway_TW2_sunny_FHD_074,124.55278778076172,52.99483871459961
Jeonju_deungcheon_20201020_1800_TUE_10m_NH_highway_TW2_sunny_FHD_014,124.25948333740234,53.200050354003906
Suwon_CH08_20200721_1730_TUE_9m_NH_highway_OW5_sunny_FHD_001,94.61164093017578,25.087560653686523
Suwon_CH06_20201012_2012_MON_9m_NH_highway_OW5_sunny_FHD_064,48.41563415527344,23.995197296142578
Suwon_CH05_20201011_2058_SUN_9m_NH_highway_OW5_sunny_FHD_009,59.21284103393555,22.343595504760742
Gangneung_nodong1brdg_20201020_1030_TUE_15m_NH_highway_TW2_sunny_FHD_038,123.74115753173828,52.71204376220703
Buan_yulchon_20201021_1000_WED_15m_NH_highway_TW2_sunny_FHD_077,115.94824981689453,53.20077133178711
Chungju_chujeomtunnel(yangpyeong)_20201020_1730_TUE_15m_NH_highway_OW2_sunny_FHD_055,142.7573699951172,42.944637298583984
Busan_busanportbrdg6_20201119_1230_THU_8m_NH_highway_TW3_rainy_FHD_105,167.53561401367188,46.16956329345703
Buan_jongsin_20201021_1530_WED_15m_NH_highway_TW2_rainy_FHD_065,120.76500701904297,41.97807693481445
Suwon_CH07_20200720_1800_MON_9m_NH_highway_OW5_sunny_FHD_117,90.41705322265625,19.173181533813477
Suwon_CH09_20201012_2140_MON_9m_NH_highway_OW5_sunny_FHD_035,52.87331008911133,21.97760581970215
Gangneung_wichon2brdg_20201021_1430_WED_15m_NH_highway_TW2_sunny_FHD_010,128.51708984375,56.77907180786133
Busan_busanportbrdg6_20201029_1000_THU_8m_NH_highway_TW3_sunny_FHD_106,162.3517608642578,53.54822540283203
Jeonju_jeongeub_20201020_0830_TUE_15m_NH_highway_TW2_fog_FHD_128,120.5831298828125,61.246212005615234
Suwon_CH07_20200720_1800_MON_9m_NH_highway_OW5_sunny_FHD_052,110.05486297607422,42.59313201904297
Cheonan_seongnam2_20201021_1430_WED_10m_NH_highway_TW3_sunny_FHD_104,109.53787994384766,39.80034255981445
Jeonju_gudeog_20201020_1500_TUE_15m_NH_highway_TW3_sunny_FHD_025,111.2996597290039,45.80462646484375
Gangneung_gangdong2brdg_20201021_1030_WED_15m_NH_highway_TW2_sunny_FHD_087,116.15597534179688,58.59914016723633
Buan_yulchon_20201020_1600_TUE_15m_NH_highway_TW2_sunny_FHD_018,114.15099334716797,51.764564514160156
Busan_busanportbrdg4_20201029_0930_THU_8m_NH_highway_TW3_sunny_FHD_060,159.6793212890625,55.69822311401367
Hongcheon_gwanggyeog1brdg_20201020_1630_TUE_15m_NH_highway_TW2_sunny_FHD_082,99.30026245117188,54.54892349243164
Suwon_CH09_20201012_2140_MON_9m_NH_highway_OW5_sunny_FHD_044,47.310447692871094,20.05552101135254
Suwon_CH09_20201010_2022_SAT_9m_NH_highway_OW5_sunny_FHD_094,55.03501510620117,20.34600257873535
Cheonan_sajeong_20201021_0730_WED_15m_NH_highway_TW3_sunny_FHD_080,129.9822540283203,49.23508071899414
Busan_busanportbrdg6_20201027_1500_TUE_8m_NH_highway_TW3_sunny_FHD_106,159.1790771484375,61.11568832397461
Jincheon_namioverpass_20201020_0900_TUE_15m_NH_highway_OW2_fog_FHD_024,132.35862731933594,56.4676628112793
Suwon_CH04_20200720_1600_MON_9m_NH_highway_OW5_sunny_FHD_013,103.81749725341797,32.76891326904297
Chungju_chujeomtunnel(yangpyeong)_20201020_1730_TUE_15m_NH_highway_OW2_sunny_FHD_035,122.9743423461914,41.99577713012695
Chungju_chujeomtunnel(yangpyeong)_20201021_1630_WED_15m_NH_highway_OW2_sunny_FHD_103,138.36077880859375,42.61374282836914
Hongcheon_guljitunnel_20201020_1530_TUE_15m_NH_highway_TW2_sunny_FHD_113,108.29096221923828,43.988433837890625
Suwon_CH07_20200721_1730_TUE_9m_NH_highway_OW5_sunny_FHD_113,107.54175567626953,25.916259765625
Jeonju_jeongeub_20201020_0830_TUE_15m_NH_highway_TW2_fog_FHD_064,119.56155395507812,60.254173278808594
Gangneung_nodong_20201020_1430_TUE_15m_NH_highway_TW2_sunny_FHD_019,95.21807861328125,87.6639175415039
Busan_busanportbrdg1_20201028_1300_TUE_8m_NH_highway_TW2_sunny_FHD_097,175.66664123535156,41.64669418334961
Buan_yeji_20201021_1730_WED_15m_NH_highway_TW2_rainy_FHD_022,121.7037582397461,54.842308044433594
Hongcheon_seomgangbrdg_20201020_1400_TUE_15m_NH_highway_TW2_sunny_FHD_082,129.37811279296875,77.0645751953125
Suwon_CH05_20201011_2058_SUN_9m_NH_highway_OW5_sunny_FHD_065,49.066280364990234,21.987329483032227
Chungju_chujeomtunnel(yangpyeong)_20201020_1230_TUE_15m_RH_highway_OW2_sunny_FHD_099,124.70115661621094,49.82958984375
Cheonan_ogsan_20201019_1630_MON_15m_RH_highway_TW3_sunny_FHD_029,108.60259246826172,42.066619873046875
Jincheon_namioverpass_20201021_0900_WED_15m_NH_highway_OW2_sunny_FHD_088,138.16159057617188,55.18789291381836
Suwon_CH09_20201012_2140_MON_9m_NH_highway_OW5_sunny_FHD_012,50.05487823486328,18.297954559326172
Gangneung_wichon2brdg_20201019_1730_MON_15m_NH_highway_TW2_sunny_FHD_083,141.16946411132812,50.891117095947266
Gangneung_gangdong2brdg_20201021_1030_WED_15m_NH_highway_TW2_sunny_FHD_025,115.9425048828125,59.77021789550781
Chungju_jogogli_20201021_0700_WED_15m_NH_highway_TW2_sunny_FHD_059,125.50738525390625,39.252323150634766
Gangneung_hyangho1brdg_20201021_1130_WED_15m_NH_highway_TW2_sunny_FHD_000,116.7052993774414,65.69099426269531
Jincheon_namioverpass_20201021_1900_WED_15m_NH_highway_OW2_sunny_FHD_118,101.57894134521484,52.971580505371094
Busan_busanportbrdg6_20201027_1500_TUE_8m_NH_highway_TW3_sunny_FHD_120,156.7858428955078,58.19795227050781
Gangneung_nodong1brdg_20201019_1630_MON_15m_NH_highway_TW2_sunny_FHD_015,124.1438217163086,50.72874069213867
Gangneung_wichon2brdg_20201021_0930_WED_15m_NH_highway_TW2_sunny_FHD_093,125.17886352539062,51.81847381591797
Suwon_CH02_20200721_1800_TUE_9m_RH_highway_TW5_sunny_FHD_144,112.59527587890625,41.99284362792969
Jeonju_taeinshelter(seoul)_20201021_1300_WED_15m_NH_highway_TW2_sunny_FHD_079,108.67646026611328,46.4329719543457
Busan_busanportbrdg6_20201119_1230_THU_8m_NH_highway_TW3_rainy_FHD_047,171.4992218017578,47.3665657043457
Chungju_chujeomtunnel(changwon)_20201021_1530_WED_15m_NH_highway_OW2_sunny_FHD_019,115.37432861328125,48.94432830810547
Gangneung_nodong1brdg_20201021_0930_WED_15m_NH_highway_TW2_sunny_FHD_019,124.0854721069336,53.07099914550781
Gangneung_hyangho2brdg_20201020_1330_TUE_15m_NH_highway_TW2_sunny_FHD_028,115.05058288574219,62.921138763427734
Chungju_sangwoo1brdg_20201021_1530_WED_15m_NH_highway_TW2_sunny_HD_056,106.46495056152344,41.18185806274414
Buan_soju2brdg_20201020_1300_TUE_15m_NH_highway_TW2_sunny_FHD_072,119.16993713378906,33.365814208984375
Hongcheon_guljitunnel_20201021_0930_WED_15m_NH_highway_TW2_sunny_FHD_128,109.71024322509766,47.705116271972656
Busan_busanportbrdg3_20201027_1300_TUE_8m_NH_highway_TW3_sunny_FHD_099,164.76113891601562,54.697731018066406
Busan_busanportbrdg4_20201027_1530_TUE_8m_NH_highway_TW3_sunny_FHD_009,162.01773071289062,65.72332000732422
Hongcheon_guljitunnel_20201021_1430_WED_15m_NH_highway_TW2_sunny_FHD_092,108.95085906982422,51.95616149902344
Busan_busanportbrdg1_20201119_1230_THU_8m_NH_highway_TW2_rainy_FHD_105,164.2748260498047,69.92725372314453
Jeonju_taeinshelter(seoul)_20201021_1300_WED_15m_NH_highway_TW2_sunny_FHD_075,109.12066650390625,47.16482162475586
Suwon_CH07_20200722_1500_WED_9m_NH_highway_OW5_rainy_FHD_033,109.30679321289062,25.879512786865234
Suwon_CH01_20201012_2023_MON_9m_NH_highway_TW5_sunny_FHD_028,60.777099609375,24.398006439208984
Busan_busanportbrdg1_20201027_1430_TUE_8m_NH_highway_TW2_sunny_FHD_096,164.29547119140625,45.825077056884766
Gangneung_gangdong2brdg_20201021_1530_WED_15m_NH_highway_TW2_sunny_FHD_004,118.70507049560547,59.10966873168945
Busan_busanportbrdg5_20201029_0930_THU_8m_NH_highway_TW3_sunny_FHD_000,169.64414978027344,51.928497314453125
Jeonju_sangpyeongoverpass_20201021_1430_WED_15m_NH_highway_TW2_sunny_FHD_085,114.38651275634766,41.374732971191406
Jincheon_namioverpass_20201020_1900_TUE_15m_NH_highway_OW2_sunny_FHD_077,106.17192840576172,56.38308334350586
Suwon_CH04_20200721_2030_TUE_9m_NH_highway_OW5_sunny_FHD_075,60.69062423706055,24.923288345336914
Buan_yeji_20201019_1600_MON_15m_NH_highway_TW2_sunny_FHD_060,102.84638977050781,70.18438720703125
Cheonan_seongnam2_20201020_1530_TUE_10m_NH_highway_TW3_sunny_FHD_084,114.00541687011719,41.270931243896484
Jincheon_namioverpass_20201021_1400_WED_15m_NH_highway_OW2_sunny_FHD_115,137.56869506835938,50.515438079833984
Gangneung_wichon2brdg_20201020_1900_TUE_15m_NH_highway_TW2_sunny_FHD_114,126.81450653076172,62.95319366455078
Busan_busanportbrdg4_20201029_1430_THU_8m_NH_highway_TW3_sunny_FHD_109,162.26071166992188,59.70012664794922
Cheonan_sajeong_20201021_1330_WED_15m_NH_highway_TW3_sunny_FHD_049,119.9110107421875,49.48092269897461
Chungju_chujeomtunnel(yangpyeong)_20201020_1730_TUE_15m_NH_highway_OW2_sunny_FHD_030,144.44790649414062,41.886573791503906
Busan_busanportbrdg3_20201028_1600_TUE_8m_NH_highway_TW3_sunny_FHD_089,152.93397521972656,61.820648193359375
Suwon_CH06_20200720_1800_MON_9m_NH_highway_OW5_sunny_FHD_136,97.00465393066406,25.903989791870117
Jeonju_deungcheon_20201020_1300_TUE_10m_NH_highway_TW2_sunny_FHD_061,113.05964660644531,40.0933723449707
Hongcheon_seomgangbrdg_20201020_0900_TUE_15m_NH_highway_TW2_sunny_FHD_072,122.45611572265625,85.02450561523438
Suwon_CH09_20200721_1730_TUE_9m_NH_highway_OW5_sunny_FHD_102,109.67049407958984,40.63005065917969
Jeonju_gudeog_20201020_1500_TUE_15m_NH_highway_TW3_sunny_FHD_102,113.19863891601562,44.765830993652344
Jeonju_deungcheon_20201020_1300_TUE_10m_NH_highway_TW2_sunny_FHD_060,112.26624298095703,40.11116027832031
Gangneung_gangdong2brdg_20201021_1530_WED_15m_NH_highway_TW2_sunny_FHD_017,116.87220764160156,59.32543182373047
Busan_busanportbrdg4_20201029_0930_THU_8m_NH_highway_TW3_sunny_FHD_023,157.54124450683594,55.92990493774414
Busan_busanportbrdg4_20201029_0930_THU_8m_NH_highway_TW3_sunny_FHD_113,160.72007751464844,57.786102294921875
Buan_soju2brdg_20201021_0830_WED_15m_NH_highway_TW2_sunny_FHD_092,130.88552856445312,34.14744567871094
Hongcheon_gwanggyeog1brdg_20201021_1030_WED_15m_NH_highway_TW2_sunny_FHD_004,101.72477722167969,58.83173370361328
Suwon_CH02_20200722_1530_WED_9m_NH_highway_TW5_rainy_FHD_026,113.14460754394531,34.20899963378906
Busan_busanportbrdg6_20201029_1500_THU_8m_NH_highway_TW3_sunny_FHD_026,166.80673217773438,51.15888595581055
Buan_dongjisan_20201021_0800_WED_15m_NH_highway_TW2_sunny_FHD_112,127.84619140625,47.02824401855469
Suwon_CH09_20201012_2140_MON_9m_NH_highway_OW5_sunny_FHD_118,53.47416687011719,20.935819625854492
Gangneung_gangdong2brdg_20201020_1130_TUE_15m_NH_highway_TW2_sunny_FHD_059,110.18169403076172,70.69215393066406
Jeonju_sangpyeongoverpass_20201021_0930_WED_15m_NH_highway_TW2_sunny_FHD_100,116.02302551269531,42.92277526855469
Cheonan_ogsan_20201021_1000_WED_15m_RH_highway_TW3_sunny_FHD_057,124.1988754272461,42.412994384765625
Suwon_CH02_20200721_1800_TUE_9m_RH_highway_TW5_sunny_FHD_073,106.98922729492188,30.441499710083008
Cheonan_seongnam2_20201019_1630_MON_10m_RH_highway_TW3_sunny_FHD_021,109.73096466064453,40.42008972167969
Chungju_chujeomtunnel(yangpyeong)_20201021_1630_WED_15m_NH_highway_OW2_sunny_FHD_126,143.18807983398438,42.71970748901367
Jeonju_gudeog_20201021_1000_WED_15m_NH_highway_TW3_sunny_FHD_125,110.00341796875,40.0721435546875
Suwon_CH02_20201012_2059_MON_9m_NH_highway_TW5_sunny_FHD_069,66.61524200439453,26.587932586669922
Busan_busanportbrdg6_20201027_1500_TUE_8m_NH_highway_TW3_sunny_FHD_030,156.06394958496094,58.1405143737793
Suwon_CH05_20200720_1700_MON_9m_NH_highway_OW5_sunny_FHD_121,103.90206909179688,42.0943489074707
Suwon_CH05_20200721_1530_TUE_9m_NH_highway_OW5_sunny_FHD_064,131.078857421875,40.66795349121094
Chungju_chujeomtunnel(changwon)_20201021_1030_WED_15m_NH_highway_OW2_sunny_FHD_091,114.06861877441406,49.75743103027344
Busan_busanportbrdg6_20201119_1230_THU_8m_NH_highway_TW3_rainy_FHD_079,172.34669494628906,46.853939056396484
Jeonju_taeinshelter(seoul)_20201020_0900_TUE_15m_NH_highway_TW2_fog_FHD_088,110.43728637695312,27.084177017211914
Busan_busanportbrdg1_20201027_1430_TUE_8m_NH_highway_TW2_sunny_FHD_003,170.30966186523438,44.38192367553711
Buan_jongsin_20201021_1530_WED_15m_NH_highway_TW2_rainy_FHD_064,122.62718963623047,41.163673400878906
Suwon_CH07_20200721_1730_TUE_9m_NH_highway_OW5_sunny_FHD_106,115.85205841064453,41.78221893310547
Buan_dongjisan_20201021_1300_WED_15m_NH_highway_TW2_sunny_FHD_122,131.34259033203125,49.236934661865234
Jeonju_sangpyeongoverpass_20201021_0930_WED_15m_NH_highway_TW2_sunny_FHD_017,115.55382537841797,40.87204360961914
Busan_busanportbrdg6_20201027_1500_TUE_8m_NH_highway_TW3_sunny_FHD_094,156.34954833984375,60.549808502197266
Gangneung_nodong1brdg_20201020_1030_TUE_15m_NH_highway_TW2_sunny_FHD_007,126.64471435546875,52.838191986083984
Inje_injetunnel2_20201210_0956_THU_4.8m_NH_highway_OW2_tunnel_FHD_056,99.6975326538086,30.936574935913086
Buan_dongjisan_20201021_1300_WED_15m_NH_highway_TW2_sunny_FHD_078,130.01988220214844,52.1683464050293
Suwon_CH04_20200722_1800_WED_9m_NH_highway_OW5_sunny_FHD_003,97.91304779052734,33.04914474487305
Gangneung_gangdong2brdg_20201020_1630_TUE_15m_NH_highway_TW2_sunny_FHD_111,120.24703216552734,50.58800506591797
Suwon_CH03_20201010_2145_SAT_9m_NH_highway_OW5_sunny_FHD_059,66.65421295166016,26.133092880249023
Jeonju_deungcheon_20201020_0800_TUE_10m_NH_highway_TW2_sunny_FHD_038,121.08153533935547,51.90045928955078
Busan_busanportbrdg3_20201027_1300_TUE_8m_NH_highway_TW3_sunny_FHD_124,168.17083740234375,54.09181594848633
Suwon_CH09_20200720_1900_MON_9m_NH_highway_OW5_sunny_FHD_052,67.3782730102539,25.661457061767578
Cheonan_gangjeong_20201021_1330_WED_15m_NH_highway_TW3_sunny_FHD_103,112.75804901123047,42.4841423034668
Gangneung_hyangho2brdg_20201021_0730_WED_15m_NH_highway_TW2_sunny_FHD_021,126.3054428100586,48.12917709350586
Buan_dongjisan_20201021_0800_WED_15m_NH_highway_TW2_sunny_FHD_036,133.3397979736328,48.99481964111328
Gangneung_gangdong2brdg_20201020_1630_TUE_15m_NH_highway_TW2_sunny_FHD_123,121.06108093261719,50.64658737182617
Gangneung_wichon2brdg_20201021_0930_WED_15m_NH_highway_TW2_sunny_FHD_000,126.56717681884766,51.31528854370117
Gangneung_hyangho2brdg_20201020_1330_TUE_15m_NH_highway_TW2_sunny_FHD_012,114.39704895019531,62.912654876708984
Buan_dongjisan_20201021_0800_WED_15m_NH_highway_TW2_sunny_FHD_097,130.3996124267578,47.09402084350586
Gangneung_wichon2brdg_20201020_1900_TUE_15m_NH_highway_TW2_sunny_FHD_061,129.7676544189453,65.33794403076172
Suwon_CH03_20200721_2000_TUE_9m_NH_highway_OW5_sunny_FHD_089,72.59178161621094,26.901174545288086
Suwon_CH07_20200721_1730_TUE_9m_NH_highway_OW5_sunny_FHD_149,113.5471420288086,39.408226013183594
Hongcheon_seomgangbrdg_20201021_0800_WED_15m_NH_highway_TW2_sunny_FHD_051,128.71836853027344,77.33683013916016
Busan_busanportbrdg3_20201028_1600_TUE_8m_NH_highway_TW3_sunny_FHD_067,161.50193786621094,60.4758415222168
Chungju_danpyeong1brdg_20201020_1100_TUE_15m_RH_highway_TW2_sunny_FHD_067,117.64143371582031,60.56954574584961
Suwon_CH03_20200721_2000_TUE_9m_NH_highway_OW5_sunny_FHD_009,83.44249725341797,27.827051162719727
Busan_busanportbrdg6_20201028_1330_TUE_8m_NH_highway_TW3_sunny_FHD_019,169.52923583984375,54.12419891357422
Jeonju_sangpyeongoverpass_20201021_1430_WED_15m_NH_highway_TW2_sunny_FHD_070,115.91558837890625,40.6010627746582
Cheonan_ogsan_20201020_1600_TUE_15m_RH_highway_TW3_sunny_FHD_032,102.25408935546875,43.93547058105469
Jeonju_deungcheon_20201020_0800_TUE_10m_NH_highway_TW2_sunny_FHD_117,123.00801849365234,44.055908203125
Buan_jongsin_20201020_1130_TUE_15m_NH_highway_TW2_sunny_FHD_007,120.61566925048828,30.43376922607422
Jeonju_gudeog_20201019_2000_MON_15m_NH_highway_TW3_sunny_FHD_029,97.61522674560547,46.51462936401367
Suwon_CH02_20200721_1800_TUE_9m_RH_highway_TW5_sunny_FHD_007,108.69955444335938,36.18537139892578
Gangneung_nodong_20201021_1330_WED_15m_NH_highway_TW2_sunny_FHD_095,96.8075942993164,84.76902770996094
Jincheon_namioverpass_20201021_0900_WED_15m_NH_highway_OW2_sunny_FHD_021,138.95484924316406,51.72311782836914
Suwon_CH01_20200720_1830_MON_9m_RH_highway_TW5_sunny_FHD_080,108.72767639160156,32.91799545288086
Suwon_CH09_20200722_1600_WED_9m_NH_highway_OW5_sunny_FHD_044,99.07689666748047,34.286170959472656
Cheonan_ogsan_20201020_1600_TUE_15m_RH_highway_TW3_sunny_FHD_060,101.39109802246094,47.698062896728516
Suwon_CH07_20200721_1730_TUE_9m_NH_highway_OW5_sunny_FHD_024,112.35388946533203,45.755313873291016
Gangneung_nodong_20201021_0830_WED_15m_NH_highway_TW2_sunny_FHD_089,94.55622863769531,79.2878189086914
Busan_busanportbrdg3_20201027_1300_TUE_8m_NH_highway_TW3_sunny_FHD_118,169.7996368408203,61.01949691772461
Suwon_CH02_20201012_2059_MON_9m_NH_highway_TW5_sunny_FHD_038,67.83405303955078,29.727365493774414
Hongcheon_wonchang4brdg_20201019_1600_MON_15m_NH_highway_OW2_sunny_FHD_076,87.4675064086914,64.19527435302734
Busan_busanportbrdg5_20201027_1530_TUE_8m_NH_highway_TW3_sunny_FHD_105,157.7703094482422,57.734012603759766
Jincheon_namioverpass_20201021_0900_WED_15m_NH_highway_OW2_sunny_FHD_039,137.9851837158203,51.5738639831543
Suwon_CH05_20200721_1530_TUE_9m_NH_highway_OW5_sunny_FHD_049,116.07164764404297,40.995357513427734
Jincheon_namioverpass_20201020_0900_TUE_15m_NH_highway_OW2_fog_FHD_033,133.31076049804688,56.80843734741211
Suwon_CH05_20201011_2058_SUN_9m_NH_highway_OW5_sunny_FHD_075,49.86653518676758,20.76184844970703
Jincheon_namioverpass_20201019_1900_MON_15m_NH_highway_OW2_sunny_FHD_019,110.12578582763672,57.348472595214844
Buan_dongjisan_20201021_1300_WED_15m_NH_highway_TW2_sunny_FHD_103,128.77613830566406,52.0629768371582
Buan_soju2brdg_20201020_1300_TUE_15m_NH_highway_TW2_sunny_FHD_024,123.49984741210938,33.29210662841797
Buan_dongjisan_20201021_0800_WED_15m_NH_highway_TW2_sunny_FHD_128,130.20428466796875,48.92149353027344
Gangneung_hyangho1brdg_20201020_1230_TUE_15m_NH_highway_TW2_sunny_FHD_056,113.22232055664062,63.003047943115234
Chungju_chujeomtunnel(changwon)_20201021_1530_WED_15m_NH_highway_OW2_sunny_FHD_119,117.67512512207031,49.170310974121094
Buan_yeji_20201021_0730_WED_15m_NH_highway_TW2_sunny_FHD_018,123.69843292236328,55.082523345947266
Busan_busanportbrdg4_20201027_1530_TUE_8m_NH_highway_TW3_sunny_FHD_046,159.81114196777344,65.49110412597656
Busan_busanportbrdg4_20201027_1530_TUE_8m_NH_highway_TW3_sunny_FHD_040,157.1752166748047,65.08658599853516
Buan_yulchon_20201021_1500_WED_15m_NH_highway_TW2_sunny_FHD_018,114.9591064453125,53.02027893066406
Jeonju_deungcheon_20201021_1800_WED_10m_NH_highway_TW2_sunny_FHD_032,108.8275375366211,38.9135627746582
Suwon_CH03_20200721_2000_TUE_9m_NH_highway_OW5_sunny_FHD_056,78.9645004272461,28.128376007080078
Gangneung_wichon2brdg_20201020_0830_TUE_15m_NH_highway_TW2_sunny_FHD_095,119.00334930419922,57.09501266479492
Cheonan_ogsan_20201019_1630_MON_15m_RH_highway_TW3_sunny_FHD_043,107.59259796142578,43.63351821899414
Buan_soju2brdg_20201020_0800_TUE_15m_NH_highway_TW2_fog_FHD_041,132.37850952148438,41.60836410522461
Suwon_CH01_20201010_1930_SAT_9m_NH_highway_TW5_sunny_FHD_097,63.00463104248047,23.83142852783203
Hongcheon_guljitunnel_20201021_0930_WED_15m_NH_highway_TW2_sunny_FHD_000,109.14783477783203,45.49925994873047
Gangneung_nodong_20201020_0930_TUE_15m_NH_highway_TW2_sunny_FHD_050,98.80455780029297,75.79141235351562
Suwon_CH05_20200720_1700_MON_9m_NH_highway_OW5_sunny_FHD_031,111.13280487060547,37.169921875
Cheonan_seongnam2_20201020_1530_TUE_10m_NH_highway_TW3_sunny_FHD_051,115.38294219970703,41.72243118286133
Busan_busanportbrdg5_20201029_1430_THU_8m_NH_highway_TW3_sunny_FHD_128,165.18101501464844,50.89736557006836
Chungju_jogogli_20201020_0800_TUE_15m_NH_highway_TW2_fog_FHD_020,135.01002502441406,48.51485824584961
Suwon_CH07_20200721_1730_TUE_9m_NH_highway_OW5_sunny_FHD_055,108.16999816894531,22.995532989501953
Jeonju_deungcheon_20201021_0800_WED_10m_NH_highway_TW2_sunny_FHD_091,108.3635025024414,45.22315979003906
Cheonan_gangjeong_20201021_1330_WED_15m_NH_highway_TW3_sunny_FHD_052,111.74981689453125,43.236427307128906
Chungju_jogogli_20201021_1200_WED_15m_NH_highway_TW2_sunny_FHD_004,128.09457397460938,40.82707214355469
Jeonju_sangpyeongoverpass_20201020_1030_TUE_15m_NH_highway_TW2_sunny_FHD_035,107.61984252929688,60.20867919921875
Buan_yeji_20201021_0730_WED_15m_NH_highway_TW2_sunny_FHD_059,126.49359893798828,54.83305358886719
Jeonju_deungcheon_20201021_1300_WED_10m_NH_highway_TW2_sunny_FHD_085,98.81979370117188,46.080318450927734
Suwon_CH06_20200720_1800_MON_9m_NH_highway_OW5_sunny_FHD_100,97.4547348022461,26.644969940185547
Hongcheon_guljitunnel_20201020_1030_TUE_15m_NH_highway_TW2_sunny_FHD_117,105.30777740478516,57.008453369140625
Hongcheon_guljitunnel_20201021_0930_WED_15m_NH_highway_TW2_sunny_FHD_018,105.88064575195312,44.179622650146484
Jeonju_deungcheon_20201019_1800_MON_10m_NH_highway_TW2_sunny_FHD_009,125.25397491455078,53.27419662475586
Cheonan_ogsan_20201020_1100_TUE_15m_RH_highway_TW3_sunny_FHD_009,116.59656524658203,42.815284729003906
Suwon_CH05_20200720_1700_MON_9m_NH_highway_OW5_sunny_FHD_070,96.9385757446289,29.838977813720703
Busan_busanportbrdg6_20201028_1330_TUE_8m_NH_highway_TW3_sunny_FHD_128,165.77867126464844,49.511539459228516
Busan_busanportbrdg1_20201119_1230_THU_8m_NH_highway_TW2_rainy_FHD_035,166.89907836914062,68.41905975341797
Jeonju_gudeog_20201021_1500_WED_15m_NH_highway_TW3_sunny_FHD_031,110.19367218017578,38.86623001098633
Chungju_chujeomtunnel(changwon)_20201021_1030_WED_15m_NH_highway_OW2_sunny_FHD_020,114.586669921875,50.10525131225586
Busan_busanportbrdg6_20201029_1500_THU_8m_NH_highway_TW3_sunny_FHD_065,169.69955444335938,50.723670959472656
Hongcheon_seomgangbrdg_20201020_1400_TUE_15m_NH_highway_TW2_sunny_FHD_062,127.28961181640625,76.58424377441406
Suwon_CH03_20200721_2000_TUE_9m_NH_highway_OW5_sunny_FHD_008,83.8309555053711,27.648067474365234
Busan_busanportbrdg6_20201029_1500_THU_8m_NH_highway_TW3_sunny_FHD_013,165.00990295410156,53.92066955566406
Busan_busanportbrdg3_20201027_1300_TUE_8m_NH_highway_TW3_sunny_FHD_031,161.49404907226562,55.80684280395508
Jincheon_namioverpass_20201021_1900_WED_15m_NH_highway_OW2_sunny_FHD_111,102.73609924316406,57.27900695800781
Cheonan_ogsan_20201020_1100_TUE_15m_RH_highway_TW3_sunny_FHD_030,115.73310089111328,43.730133056640625
Gangneung_wichon2brdg_20201020_1900_TUE_15m_NH_highway_TW2_sunny_FHD_041,118.63008880615234,60.374366760253906
Gangneung_wichon2brdg_20201021_1930_WED_15m_NH_highway_TW2_sunny_FHD_059,122.65444946289062,68.45182037353516
Suwon_CH09_20200721_1730_TUE_9m_NH_highway_OW5_sunny_FHD_093,116.984619140625,40.38687515258789
Suwon_CH09_20200720_1900_MON_9m_NH_highway_OW5_sunny_FHD_145,50.89164352416992,18.229001998901367
Busan_busanportbrdg1_20201119_1230_THU_8m_NH_highway_TW2_rainy_FHD_013,160.15524291992188,74.95085906982422
Chungju_sangwoo1brdg_20201021_1530_WED_15m_NH_highway_TW2_sunny_HD_054,105.44352722167969,39.48358917236328
Cheonan_gangjeong_20201020_1400_TUE_15m_NH_highway_TW3_sunny_FHD_001,83.89118194580078,51.47896957397461
Suwon_CH08_20200720_1830_MON_9m_NH_highway_OW5_sunny_FHD_132,83.54129028320312,25.015060424804688
Inje_injetunnel2_20201210_0956_THU_4.8m_NH_highway_OW2_tunnel_FHD_301,99.26718139648438,30.7680606842041
Chungju_sangwoo1brdg_20201019_2030_MON_15m_NH_highway_TW2_sunny_HD_043,32.821041107177734,44.75497055053711
Busan_busanportbrdg4_20201028_1300_TUE_8m_NH_highway_TW3_sunny_FHD_097,172.31704711914062,57.427059173583984
Chungju_chujeomtunnel(yangpyeong)_20201020_1730_TUE_15m_NH_highway_OW2_sunny_FHD_065,141.4788818359375,43.5374755859375
Gangneung_nodong1brdg_20201020_1530_TUE_15m_NH_highway_TW2_sunny_FHD_061,120.12254333496094,50.551273345947266
Chungju_danpyeong1brdg_20201021_1030_WED_15m_NH_highway_TW2_sunny_FHD_089,106.18795776367188,42.61323165893555
Gangneung_hyangho1brdg_20201020_1230_TUE_15m_NH_highway_TW2_sunny_FHD_110,115.46136474609375,64.62118530273438
Gangneung_hyangho1brdg_20201020_1730_TUE_15m_NH_highway_TW2_sunny_FHD_124,100.11511993408203,68.11783599853516
Jeonju_jeongeub_20201019_1700_MON_15m_NH_highway_TW2_sunny_FHD_057,118.77116394042969,44.82140350341797
Chungju_sangwoo1brdg_20201021_1030_WED_15m_NH_highway_TW2_sunny_HD_072,92.6998062133789,40.933258056640625
Chungju_chujeomtunnel(changwon)_20201020_1630_TUE_15m_NH_highway_OW2_sunny_FHD_017,114.39196014404297,54.73479080200195
Busan_busanportbrdg6_20201028_1330_TUE_8m_NH_highway_TW3_sunny_FHD_100,169.4534454345703,49.73160171508789
Jeonju_jeongeub_20201021_1700_WED_15m_NH_highway_TW2_rainy_FHD_124,117.5270004272461,47.23392105102539
Jeonju_gudeog_20201021_1000_WED_15m_NH_highway_TW3_sunny_FHD_081,112.58609008789062,39.387107849121094
Chungju_chujeomtunnel(yangpyeong)_20201021_1630_WED_15m_NH_highway_OW2_sunny_FHD_099,142.1179962158203,42.537574768066406
Buan_jongsin_20201020_1630_TUE_15m_NH_highway_TW2_sunny_FHD_074,116.51071166992188,38.9363899230957
Gangneung_nodong1brdg_20201021_1430_WED_15m_NH_highway_TW2_sunny_FHD_063,121.03943634033203,58.53076934814453
Cheonan_ogsan_20201019_1630_MON_15m_RH_highway_TW3_sunny_FHD_039,107.62004852294922,42.299564361572266
Chungju_chujeomtunnel(changwon)_20201020_1630_TUE_15m_NH_highway_OW2_sunny_FHD_068,114.97030639648438,53.57312774658203
Buan_yeji_20201021_1730_WED_15m_NH_highway_TW2_rainy_FHD_010,121.70478820800781,51.88040542602539
Chungju_jogogli_20201021_1700_WED_15m_NH_highway_TW2_sunny_FHD_076,143.18453979492188,42.16111373901367
Jeonju_taeinshelter(seoul)_20201020_1400_TUE_15m_NH_highway_TW2_sunny_FHD_104,110.29243469238281,39.12994384765625
Chungju_jogogli_20201021_1200_WED_15m_NH_highway_TW2_sunny_FHD_089,123.5536880493164,41.822147369384766
Busan_busanportbrdg4_20201029_0930_THU_8m_NH_highway_TW3_sunny_FHD_052,159.4817657470703,55.15784454345703
Busan_busanportbrdg3_20201028_1100_TUE_8m_NH_highway_TW3_sunny_FHD_101,156.0696563720703,57.657310485839844
Buan_yulchon_20201020_1100_TUE_15m_NH_highway_TW2_sunny_FHD_094,115.75464630126953,43.63149642944336
Busan_busanportbrdg2_20201028_1400_TUE_8m_NH_highway_TW3_sunny_FHD_025,166.49049377441406,50.70247268676758
Hongcheon_wonchang4brdg_20201021_1500_WED_15m_NH_highway_OW2_sunny_FHD_057,97.27346801757812,57.9284782409668
Busan_busanportbrdg6_20201028_1330_TUE_8m_NH_highway_TW3_sunny_FHD_123,169.28646850585938,49.5760498046875
Cheonan_gangjeong_20201020_1400_TUE_15m_NH_highway_TW3_sunny_FHD_052,86.4083480834961,49.90623474121094
Busan_busanportbrdg1_20201027_1430_TUE_8m_NH_highway_TW2_sunny_FHD_004,170.42141723632812,44.33043670654297
Chungju_danpyeong1brdg_20201021_1530_WED_15m_NH_highway_TW2_sunny_FHD_103,117.56523895263672,48.61956024169922
Hongcheon_seomgangbrdg_20201020_1400_TUE_15m_NH_highway_TW2_sunny_FHD_013,123.7358627319336,76.08634185791016
Suwon_CH10_20200722_1800_WED_9m_NH_highway_TW5_sunny_FHD_018,100.17991638183594,32.4345588684082
Hongcheon_wonchang4brdg_20201021_1500_WED_15m_NH_highway_OW2_sunny_FHD_045,96.87989807128906,57.465023040771484
Gangneung_wichon2brdg_20201021_1430_WED_15m_NH_highway_TW2_sunny_FHD_011,126.97492980957031,57.42180633544922
Jincheon_namioverpass_20201021_1400_WED_15m_NH_highway_OW2_sunny_FHD_064,138.11007690429688,50.25469970703125
Jincheon_namioverpass_20201019_1900_MON_15m_NH_highway_OW2_sunny_FHD_094,111.91554260253906,53.4229736328125
Hongcheon_gwanggyeog1brdg_20201020_1130_TUE_15m_NH_highway_TW2_sunny_FHD_102,102.84904479980469,73.76300811767578
Hongcheon_seomgangbrdg_20201021_1300_WED_15m_NH_highway_TW2_sunny_FHD_090,133.421630859375,70.4039535522461
Suwon_CH05_20200721_1530_TUE_9m_NH_highway_OW5_sunny_FHD_041,106.80046844482422,33.358699798583984
Suwon_CH08_20200721_1730_TUE_9m_NH_highway_OW5_sunny_FHD_067,95.09392547607422,26.305389404296875
Suwon_CH04_20200721_1500_TUE_9m_NH_highway_OW5_sunny_FHD_016,113.10639190673828,36.699676513671875
Suwon_CH06_20201012_2012_MON_9m_NH_highway_OW5_sunny_FHD_074,50.248046875,25.92448616027832
Jeonju_sangpyeongoverpass_20201020_1030_TUE_15m_NH_highway_TW2_sunny_FHD_116,108.1511001586914,61.228790283203125
Jincheon_namioverpass_20201021_1900_WED_15m_NH_highway_OW2_sunny_FHD_028,107.05284118652344,56.00182342529297
Suwon_CH01_20201010_1930_SAT_9m_NH_highway_TW5_sunny_FHD_057,61.04117965698242,23.44721794128418
Gangneung_hyangho1brdg_20201021_1130_WED_15m_NH_highway_TW2_sunny_FHD_091,122.0303955078125,65.06602478027344
Busan_busanportbrdg3_20201028_1600_TUE_8m_NH_highway_TW3_sunny_FHD_093,151.717529296875,61.32876205444336
Chungju_danpyeong1brdg_20201020_1600_TUE_15m_NH_highway_TW2_sunny_FHD_062,118.98039245605469,58.13090515136719
Suwon_CH09_20200720_1900_MON_9m_NH_highway_OW5_sunny_FHD_149,54.57677459716797,17.154067993164062
Jeonju_gudeog_20201021_1000_WED_15m_NH_highway_TW3_sunny_FHD_053,112.72682189941406,38.4573974609375
Chungju_sangwoo1brdg_20201021_1530_WED_15m_NH_highway_TW2_sunny_HD_083,103.53025817871094,39.75200271606445
Suwon_CH09_20200720_1900_MON_9m_NH_highway_OW5_sunny_FHD_143,49.31752395629883,16.676115036010742
Jeonju_deungcheon_20201021_0800_WED_10m_NH_highway_TW2_sunny_FHD_122,106.79820251464844,40.853172302246094
Gangneung_hyangho1brdg_20201020_1230_TUE_15m_NH_highway_TW2_sunny_FHD_077,113.52587127685547,63.6220588684082
Busan_busanportbrdg3_20201028_1100_TUE_8m_NH_highway_TW3_sunny_FHD_050,158.7716522216797,55.72987747192383
Suwon_CH02_20200722_1530_WED_9m_NH_highway_TW5_rainy_FHD_043,113.3428955078125,40.700828552246094
Chungju_sangwoo1brdg_20201021_1030_WED_15m_NH_highway_TW2_sunny_HD_060,101.88255310058594,42.781124114990234
Cheonan_sajeong_20201021_0730_WED_15m_NH_highway_TW3_sunny_FHD_103,122.44070434570312,49.75489044189453
Gangneung_nodong1brdg_20201021_0930_WED_15m_NH_highway_TW2_sunny_FHD_105,125.36248016357422,54.26471710205078
Suwon_CH01_20201010_1930_SAT_9m_NH_highway_TW5_sunny_FHD_071,65.0938949584961,25.35584831237793
Cheonan_gangjeong_20201021_1330_WED_15m_NH_highway_TW3_sunny_FHD_102,113.95744323730469,41.60353088378906
Busan_busanportbrdg4_20201028_1300_TUE_8m_NH_highway_TW3_sunny_FHD_059,163.1459503173828,58.42991256713867
Busan_busanportbrdg3_20201028_1100_TUE_8m_NH_highway_TW3_sunny_FHD_046,160.339599609375,54.571067810058594
Gangneung_nodong_20201020_0930_TUE_15m_NH_highway_TW2_sunny_FHD_098,101.90250396728516,77.32759094238281
Cheonan_sajeong_20201021_0730_WED_15m_NH_highway_TW3_sunny_FHD_002,122.71891021728516,49.94800567626953
Busan_busanportbrdg6_20201028_1330_TUE_8m_NH_highway_TW3_sunny_FHD_093,170.61793518066406,48.04584503173828
Buan_jongsin_20201019_1600_MON_15m_NH_highway_TW2_sunny_FHD_077,108.4079360961914,59.644203186035156
Busan_busanportbrdg6_20201029_1500_THU_8m_NH_highway_TW3_sunny_FHD_124,167.2120361328125,47.42911148071289
Suwon_CH05_20200721_1530_TUE_9m_NH_highway_OW5_sunny_FHD_003,109.81957244873047,38.36049270629883
Suwon_CH07_20201010_1938_SAT_9m_NH_highway_OW5_sunny_FHD_078,59.02537155151367,24.7103271484375
Gangneung_nodong_20201020_0930_TUE_15m_NH_highway_TW2_sunny_FHD_108,100.81854248046875,77.16162109375
Gangneung_hyangho1brdg_20201021_1630_WED_15m_NH_highway_TW2_sunny_FHD_108,116.21981811523438,63.708370208740234
Suwon_CH02_20200722_1530_WED_9m_NH_highway_TW5_rainy_FHD_004,101.56394958496094,27.460012435913086
Buan_jongsin_20201021_1030_WED_15m_NH_highway_TW2_sunny_FHD_039,118.9083480834961,41.033626556396484
Hongcheon_gwanggyeog1brdg_20201021_1030_WED_15m_NH_highway_TW2_sunny_FHD_094,95.06636810302734,59.95604705810547
Cheonan_ogsan_20201021_1000_WED_15m_RH_highway_TW3_sunny_FHD_095,120.77180480957031,42.26070785522461
Cheonan_gangjeong_20201020_1400_TUE_15m_NH_highway_TW3_sunny_FHD_060,84.90294647216797,49.24061584472656
Busan_busanportbrdg1_20201029_1330_THU_8m_NH_highway_TW2_sunny_FHD_120,163.35438537597656,56.956817626953125
Suwon_CH06_20200722_1430_WED_9m_NH_highway_OW5_rainy_FHD_044,89.35881042480469,31.3190975189209
Busan_busanportbrdg6_20201119_1230_THU_8m_NH_highway_TW3_rainy_FHD_065,170.16111755371094,46.515838623046875
Suwon_CH08_20200720_1830_MON_9m_NH_highway_OW5_sunny_FHD_049,87.01206970214844,24.962064743041992
Suwon_CH10_20200720_2030_MON_9m_NH_highway_TW5_sunny_FHD_117,63.80651092529297,21.870315551757812
Suwon_CH10_20200720_2030_MON_9m_NH_highway_TW5_sunny_FHD_098,61.9796142578125,22.114593505859375
Suwon_CH04_20200721_2030_TUE_9m_NH_highway_OW5_sunny_FHD_008,59.77150344848633,24.791227340698242
Chungju_jogogli_20201021_0700_WED_15m_NH_highway_TW2_sunny_FHD_089,123.88700103759766,39.520957946777344
Jeonju_taeinshelter(seoul)_20201021_1300_WED_15m_NH_highway_TW2_sunny_FHD_100,106.46002960205078,42.54164505004883
Suwon_CH08_20200721_1730_TUE_9m_NH_highway_OW5_sunny_FHD_138,88.86013793945312,23.77960205078125
Jeonju_taeinshelter(seoul)_20201020_0900_TUE_15m_NH_highway_TW2_fog_FHD_012,111.20287322998047,28.653974533081055
Cheonan_ogsan_20201021_1500_WED_15m_NH_highway_TW3_sunny_FHD_000,126.64073181152344,42.32166290283203
Buan_dongjisan_20201021_1300_WED_15m_NH_highway_TW2_sunny_FHD_058,129.38845825195312,51.2999153137207
Busan_busanportbrdg4_20201119_1130_THU_8m_NH_highway_TW3_rainy_FHD_101,164.1192626953125,55.82701110839844
Busan_busanportbrdg6_20201029_1000_THU_8m_NH_highway_TW3_sunny_FHD_108,162.17138671875,53.21086120605469
Suwon_CH09_20201012_2140_MON_9m_NH_highway_OW5_sunny_FHD_106,55.21611022949219,23.717620849609375
Jincheon_namioverpass_20201020_0900_TUE_15m_NH_highway_OW2_fog_FHD_030,126.16929626464844,60.135215759277344
Hongcheon_wonchang4brdg_20201021_1000_WED_15m_NH_highway_OW2_sunny_FHD_024,89.79460144042969,54.86564636230469
Chungju_danpyeong1brdg_20201020_1100_TUE_15m_RH_highway_TW2_sunny_FHD_105,115.00790405273438,60.43889617919922
Suwon_CH07_20201012_1955_MON_9m_NH_highway_OW5_sunny_FHD_038,50.67820358276367,20.8068904876709
Gangneung_nodong1brdg_20201021_1430_WED_15m_NH_highway_TW2_sunny_FHD_040,121.03150939941406,58.62946319580078
Busan_busanportbrdg1_20201027_1430_TUE_8m_NH_highway_TW2_sunny_FHD_085,164.4420928955078,46.44355773925781
Jeonju_sangpyeongoverpass_20201021_0930_WED_15m_NH_highway_TW2_sunny_FHD_101,111.44342803955078,47.079978942871094
Buan_yeji_20201020_1100_TUE_15m_NH_highway_TW2_sunny_FHD_023,120.48470306396484,45.77100372314453
Chungju_chujeomtunnel(yangpyeong)_20201020_1230_TUE_15m_RH_highway_OW2_sunny_FHD_066,118.05096435546875,48.93564987182617
Buan_jongsin_20201021_1030_WED_15m_NH_highway_TW2_sunny_FHD_001,117.51110076904297,37.17634582519531
Suwon_CH08_20201010_1945_SAT_9m_NH_highway_OW5_sunny_FHD_035,68.94277954101562,22.04532814025879
Gangneung_hyangho1brdg_20201020_1730_TUE_15m_NH_highway_TW2_sunny_FHD_035,115.47242736816406,68.94336700439453
Jeonju_jeongeub_20201019_1700_MON_15m_NH_highway_TW2_sunny_FHD_107,115.8160400390625,45.172584533691406
Gangneung_hyangho2brdg_20201020_1330_TUE_15m_NH_highway_TW2_sunny_FHD_097,112.08575439453125,63.01954650878906
Jeonju_jeongeub_20201021_1200_WED_15m_NH_highway_TW2_sunny_FHD_100,122.14004516601562,44.50979232788086
Busan_busanportbrdg1_20201029_1330_THU_8m_NH_highway_TW2_sunny_FHD_124,164.52796936035156,61.337120056152344
Suwon_CH03_20201010_2145_SAT_9m_NH_highway_OW5_sunny_FHD_070,61.38211441040039,24.13395118713379
Busan_busanportbrdg4_20201028_1300_TUE_8m_NH_highway_TW3_sunny_FHD_068,166.0424346923828,58.138057708740234
Cheonan_seongnam2_20201020_1530_TUE_10m_NH_highway_TW3_sunny_FHD_029,113.52178192138672,42.47616195678711
Buan_jongsin_20201020_1630_TUE_15m_NH_highway_TW2_sunny_FHD_029,116.48273468017578,39.96415328979492
Suwon_CH03_20200721_2000_TUE_9m_NH_highway_OW5_sunny_FHD_041,77.5138931274414,22.92722511291504
Chungju_sangwoo1brdg_20201019_2030_MON_15m_NH_highway_TW2_sunny_HD_051,37.776512145996094,48.916255950927734
Jeonju_deungcheon_20201020_1800_TUE_10m_NH_highway_TW2_sunny_FHD_029,124.78540802001953,52.41362380981445
Buan_jongsin_20201020_1130_TUE_15m_NH_highway_TW2_sunny_FHD_105,119.07230377197266,30.747360229492188
Suwon_CH08_20201011_2149_SUN_9m_NH_highway_OW5_sunny_FHD_068,69.65096282958984,21.66472053527832
Jeonju_gudeog_20201021_1000_WED_15m_NH_highway_TW3_sunny_FHD_017,111.51764678955078,39.132076263427734
Suwon_CH08_20200720_1830_MON_9m_NH_highway_OW5_sunny_FHD_126,81.42375946044922,23.87052345275879
Gangneung_hyangho2brdg_20201021_1730_WED_15m_NH_highway_TW2_sunny_FHD_017,134.50010681152344,57.66048812866211
Jeonju_gudeog_20201020_1500_TUE_15m_NH_highway_TW3_sunny_FHD_058,115.38040161132812,45.01654815673828
Suwon_CH07_20201010_1938_SAT_9m_NH_highway_OW5_sunny_FHD_092,61.033973693847656,27.123249053955078
Buan_yeji_20201021_1730_WED_15m_NH_highway_TW2_rainy_FHD_081,120.10193634033203,46.883758544921875
Busan_busanportbrdg4_20201029_0930_THU_8m_NH_highway_TW3_sunny_FHD_073,159.52391052246094,55.848995208740234
Hongcheon_guljitunnel_20201021_1430_WED_15m_NH_highway_TW2_sunny_FHD_072,107.0748291015625,49.378116607666016
Chungju_sangwoo1brdg_20201020_1130_TUE_15m_RH_highway_TW2_sunny_HD_063,103.90532684326172,45.258399963378906
Suwon_CH09_20200720_1900_MON_9m_NH_highway_OW5_sunny_FHD_049,65.31571197509766,25.716581344604492
Chungju_jogogli_20201020_0800_TUE_15m_NH_highway_TW2_fog_FHD_071,133.0401611328125,47.877193450927734
Busan_busanportbrdg3_20201028_1600_TUE_8m_NH_highway_TW3_sunny_FHD_081,156.30552673339844,61.06568908691406
Busan_busanportbrdg1_20201028_1300_TUE_8m_NH_highway_TW2_sunny_FHD_014,167.3352508544922,43.944129943847656
Cheonan_ogsan_20201021_1500_WED_15m_NH_highway_TW3_sunny_FHD_084,122.72615051269531,41.961883544921875
Jincheon_namioverpass_20201020_1900_TUE_15m_NH_highway_OW2_sunny_FHD_121,99.91342163085938,56.183101654052734
Busan_busanportbrdg5_20201029_0930_THU_8m_NH_highway_TW3_sunny_FHD_053,176.83932495117188,48.659019470214844
Gangneung_nodong_20201021_0830_WED_15m_NH_highway_TW2_sunny_FHD_096,94.12337493896484,77.71784973144531
Suwon_CH04_20201011_2020_SUN_9m_NH_highway_OW5_sunny_FHD_028,59.103172302246094,27.33331871032715
Busan_busanportbrdg3_20201119_1030_THU_8m_NH_highway_TW3_rainy_FHD_054,170.56973266601562,53.62026596069336
Gangneung_hyangho1brdg_20201020_1730_TUE_15m_NH_highway_TW2_sunny_FHD_111,104.5496597290039,68.3025894165039
Buan_yulchon_20201021_1500_WED_15m_NH_highway_TW2_sunny_FHD_115,117.5310287475586,53.665061950683594
Busan_busanportbrdg5_20201029_0930_THU_8m_NH_highway_TW3_sunny_FHD_065,164.27423095703125,50.210166931152344
Gangneung_gangdong2brdg_20201019_1730_MON_15m_NH_highway_TW2_sunny_FHD_013,118.77400207519531,53.487762451171875
Gangneung_hyangho1brdg_20201021_1130_WED_15m_NH_highway_TW2_sunny_FHD_112,121.14552307128906,64.16864013671875
Chungju_chujeomtunnel(changwon)_20201021_1530_WED_15m_NH_highway_OW2_sunny_FHD_041,115.62178802490234,48.99545669555664
Jeonju_gudeog_20201021_1500_WED_15m_NH_highway_TW3_sunny_FHD_019,104.95198059082031,39.074623107910156
Gangneung_nodong1brdg_20201021_1430_WED_15m_NH_highway_TW2_sunny_FHD_080,120.21539306640625,58.438232421875
Gangneung_wichon2brdg_20201020_1400_TUE_15m_NH_highway_TW2_sunny_FHD_116,120.07562255859375,57.11714172363281
Cheonan_seongnam2_20201019_1630_MON_10m_RH_highway_TW3_sunny_FHD_037,117.46361541748047,41.374019622802734
Cheonan_ogsan_20201021_1000_WED_15m_RH_highway_TW3_sunny_FHD_116,123.6244125366211,42.19632339477539
Suwon_CH03_20200722_1700_WED_9m_NH_highway_OW5_sunny_FHD_031,106.77033996582031,41.012149810791016
Chungju_chujeomtunnel(yangpyeong)_20201020_0730_TUE_15m_NH_highway_OW2_fog_FHD_014,117.89227294921875,55.460350036621094
Suwon_CH04_20201011_2020_SUN_9m_NH_highway_OW5_sunny_FHD_079,57.93829345703125,26.307119369506836
Gangneung_wichon2brdg_20201021_1430_WED_15m_NH_highway_TW2_sunny_FHD_008,128.19847106933594,56.8941535949707
Gangneung_gangdong2brdg_20201021_1530_WED_15m_NH_highway_TW2_sunny_FHD_057,119.58863830566406,58.592376708984375
Gangneung_wichon2brdg_20201021_1430_WED_15m_NH_highway_TW2_sunny_FHD_000,128.12110900878906,57.14409255981445
Cheonan_seongnam2_20201019_1630_MON_10m_RH_highway_TW3_sunny_FHD_038,113.14628601074219,39.94416809082031
Hongcheon_wonchang4brdg_20201021_1500_WED_15m_NH_highway_OW2_sunny_FHD_125,95.96112823486328,56.204124450683594
Suwon_CH04_20200722_1800_WED_9m_NH_highway_OW5_sunny_FHD_029,91.2486343383789,21.761734008789062
Gangneung_wichon2brdg_20201021_1930_WED_15m_NH_highway_TW2_sunny_FHD_092,121.7691650390625,68.64263153076172
Gangneung_nodong_20201020_1430_TUE_15m_NH_highway_TW2_sunny_FHD_092,94.76689910888672,85.9913558959961
Busan_busanportbrdg6_20201029_1000_THU_8m_NH_highway_TW3_sunny_FHD_077,169.6527099609375,51.49494552612305
Cheonan_sajeong_20201021_0730_WED_15m_NH_highway_TW3_sunny_FHD_076,123.7483139038086,48.532142639160156
Chungju_sangwoo1brdg_20201019_2030_MON_15m_NH_highway_TW2_sunny_HD_066,37.73869705200195,44.94147491455078
Busan_busanportbrdg1_20201029_1330_THU_8m_NH_highway_TW2_sunny_FHD_094,170.91033935546875,45.6365966796875
Suwon_CH03_20201010_2145_SAT_9m_NH_highway_OW5_sunny_FHD_047,65.30354309082031,27.74750328063965
Gangneung_nodong_20201020_1430_TUE_15m_NH_highway_TW2_sunny_FHD_048,96.19615936279297,87.7239761352539
Suwon_CH04_20200721_1500_TUE_9m_NH_highway_OW5_sunny_FHD_095,112.78648376464844,26.5977840423584
Suwon_CH06_20201010_1932_SAT_9m_NH_highway_OW5_sunny_FHD_046,55.297515869140625,22.710840225219727
Suwon_CH06_20200720_1800_MON_9m_NH_highway_OW5_sunny_FHD_017,100.91643524169922,23.947011947631836
Gangneung_hyangho1brdg_20201020_0730_TUE_15m_NH_highway_TW2_sunny_FHD_039,110.03429412841797,67.75836181640625
Jeonju_jeongeub_20201019_1700_MON_15m_NH_highway_TW2_sunny_FHD_034,116.82452392578125,46.8198356628418
Busan_busanportbrdg3_20201119_1030_THU_8m_NH_highway_TW3_rainy_FHD_099,174.3053741455078,50.5763053894043
Busan_busanportbrdg6_20201029_1000_THU_8m_NH_highway_TW3_sunny_FHD_025,166.92633056640625,51.87860870361328
Chungju_chujeomtunnel(yangpyeong)_20201020_1730_TUE_15m_NH_highway_OW2_sunny_FHD_073,139.09609985351562,42.73257064819336
Busan_busanportbrdg5_20201027_1530_TUE_8m_NH_highway_TW3_sunny_FHD_119,164.94398498535156,56.96686553955078
Jincheon_jangam_20201021_0830_WED_15m_NH_highway_TW2_sunny_FHD_050,114.83692932128906,57.466758728027344
Chungju_jogogli_20201021_1200_WED_15m_NH_highway_TW2_sunny_FHD_040,134.479248046875,53.13674545288086
Jeonju_deungcheon_20201021_0800_WED_10m_NH_highway_TW2_sunny_FHD_102,109.73676300048828,40.325252532958984
Suwon_CH07_20201012_1955_MON_9m_NH_highway_OW5_sunny_FHD_030,54.223690032958984,25.016719818115234
Suwon_CH01_20201012_2023_MON_9m_NH_highway_TW5_sunny_FHD_093,61.0471076965332,25.734251022338867
Hongcheon_seomgangbrdg_20201021_0800_WED_15m_NH_highway_TW2_sunny_FHD_047,127.8196029663086,76.94198608398438
Buan_dongjisan_20201021_1300_WED_15m_NH_highway_TW2_sunny_FHD_020,129.9560546875,50.165260314941406
Gangneung_hyangho2brdg_20201021_1730_WED_15m_NH_highway_TW2_sunny_FHD_033,134.43505859375,56.67471694946289
Busan_busanportbrdg5_20201029_1430_THU_8m_NH_highway_TW3_sunny_FHD_127,163.34971618652344,52.30921936035156
Busan_busanportbrdg2_20201029_1630_THU_8m_NH_highway_TW3_sunny_FHD_026,159.9303741455078,58.24981689453125
Buan_yeji_20201021_1230_WED_15m_NH_highway_TW2_sunny_FHD_082,127.05558013916016,55.24922180175781
Gangneung_hyangho1brdg_20201020_1230_TUE_15m_NH_highway_TW2_sunny_FHD_097,113.4464111328125,64.5216064453125
Suwon_CH06_20201012_2012_MON_9m_NH_highway_OW5_sunny_FHD_116,51.942962646484375,28.370147705078125
Jeonju_jeongeub_20201020_0830_TUE_15m_NH_highway_TW2_fog_FHD_122,119.78236389160156,61.38914489746094
Jeonju_deungcheon_20201020_1300_TUE_10m_NH_highway_TW2_sunny_FHD_013,114.14653015136719,39.81666946411133
Jincheon_jangam_20201021_0830_WED_15m_NH_highway_TW2_sunny_FHD_117,116.16474914550781,55.366920471191406
Buan_jongsin_20201021_1530_WED_15m_NH_highway_TW2_rainy_FHD_043,121.75616455078125,39.924537658691406
Jeonju_sangpyeongoverpass_20201021_0930_WED_15m_NH_highway_TW2_sunny_FHD_081,112.854736328125,42.03602981567383
Suwon_CH08_20200721_1730_TUE_9m_NH_highway_OW5_sunny_FHD_004,93.98968505859375,25.390850067138672
Jeonju_taeinshelter(seoul)_20201020_1400_TUE_15m_NH_highway_TW2_sunny_FHD_113,108.71154022216797,38.8245735168457
Chungju_chujeomtunnel(changwon)_20201019_1730_MON_15m_NH_highway_OW2_sunny_FHD_086,119.92096710205078,49.84152603149414
Busan_busanportbrdg1_20201119_1230_THU_8m_NH_highway_TW2_rainy_FHD_074,166.88352966308594,66.60057067871094
Hongcheon_guljitunnel_20201020_1530_TUE_15m_NH_highway_TW2_sunny_FHD_087,107.34228515625,43.944026947021484
Jeonju_gudeog_20201019_2000_MON_15m_NH_highway_TW3_sunny_FHD_013,89.47419738769531,45.89921188354492
Buan_jongsin_20201021_1030_WED_15m_NH_highway_TW2_sunny_FHD_046,118.49098205566406,41.51377487182617
Chungju_chujeomtunnel(yangpyeong)_20201020_1230_TUE_15m_RH_highway_OW2_sunny_FHD_029,123.16101837158203,50.400917053222656
Buan_soju2brdg_20201021_0830_WED_15m_NH_highway_TW2_sunny_FHD_039,121.61467742919922,33.5839729309082
Busan_busanportbrdg6_20201029_1500_THU_8m_NH_highway_TW3_sunny_FHD_067,164.37843322753906,51.99862289428711
Cheonan_gangjeong_20201021_1330_WED_15m_NH_highway_TW3_sunny_FHD_124,114.41512298583984,43.503753662109375
Suwon_CH01_20201012_2023_MON_9m_NH_highway_TW5_sunny_FHD_056,65.51783752441406,26.604473114013672
Jeonju_gudeog_20201020_2000_TUE_15m_NH_highway_TW3_sunny_FHD_115,98.096923828125,47.472530364990234
Jeonju_jeongeub_20201021_0700_WED_15m_NH_highway_TW2_sunny_FHD_000,120.85832214355469,47.92146682739258
Jincheon_namioverpass_20201021_1400_WED_15m_NH_highway_OW2_sunny_FHD_042,133.9496307373047,50.54341506958008
Chungju_chujeomtunnel(changwon)_20201021_1530_WED_15m_NH_highway_OW2_sunny_FHD_033,114.56463623046875,48.684120178222656
Buan_jongsin_20201021_1030_WED_15m_NH_highway_TW2_sunny_FHD_089,120.35173034667969,37.625640869140625
Suwon_CH03_20200721_2000_TUE_9m_NH_highway_OW5_sunny_FHD_072,74.33080291748047,24.48819923400879
Hongcheon_gwanggyeog1brdg_20201021_1530_WED_15m_NH_highway_TW2_sunny_FHD_012,92.78226470947266,56.725868225097656
Gangneung_wichon2brdg_20201020_0830_TUE_15m_NH_highway_TW2_sunny_FHD_093,119.0022201538086,57.311363220214844
Hongcheon_wonchang4brdg_20201021_1500_WED_15m_NH_highway_OW2_sunny_FHD_023,101.2734603881836,57.37798309326172
Suwon_CH07_20200721_1730_TUE_9m_NH_highway_OW5_sunny_FHD_105,115.96172332763672,42.268516540527344
Cheonan_ogsan_20201021_1500_WED_15m_NH_highway_TW3_sunny_FHD_078,121.43902587890625,42.58442306518555
Busan_busanportbrdg3_20201119_1030_THU_8m_NH_highway_TW3_rainy_FHD_004,158.65101623535156,58.68511199951172
Suwon_CH07_20201012_1955_MON_9m_NH_highway_OW5_sunny_FHD_068,51.34260177612305,19.855417251586914
Suwon_CH09_20201010_2022_SAT_9m_NH_highway_OW5_sunny_FHD_078,56.73264694213867,24.490283966064453
Gangneung_gangdong2brdg_20201019_1730_MON_15m_NH_highway_TW2_sunny_FHD_102,88.10871887207031,44.73108673095703
Suwon_CH09_20201010_2022_SAT_9m_NH_highway_OW5_sunny_FHD_053,53.85254669189453,23.182588577270508
Cheonan_seongnam2_20201021_0930_WED_10m_RH_highway_TW3_sunny_FHD_018,112.80486297607422,39.65154266357422
Hongcheon_wonchang4brdg_20201021_1000_WED_15m_NH_highway_OW2_sunny_FHD_128,91.0788345336914,55.78901290893555
Chungju_chujeomtunnel(yangpyeong)_20201020_0730_TUE_15m_NH_highway_OW2_fog_FHD_079,119.19261932373047,53.82577896118164
Buan_jongsin_20201019_1600_MON_15m_NH_highway_TW2_sunny_FHD_103,111.02924346923828,59.44526290893555
Cheonan_ogsan_20201019_1630_MON_15m_RH_highway_TW3_sunny_FHD_008,107.71485137939453,42.18790817260742
Busan_busanportbrdg5_20201027_1530_TUE_8m_NH_highway_TW3_sunny_FHD_106,155.54849243164062,59.56376647949219
Hongcheon_seomgangbrdg_20201021_1300_WED_15m_NH_highway_TW2_sunny_FHD_069,131.10055541992188,70.4400634765625
Chungju_jogogli_20201021_0700_WED_15m_NH_highway_TW2_sunny_FHD_069,123.59596252441406,40.301822662353516
Hongcheon_guljitunnel_20201021_1430_WED_15m_NH_highway_TW2_sunny_FHD_048,106.99715423583984,50.767845153808594
Hongcheon_gwanggyeog1brdg_20201021_1030_WED_15m_NH_highway_TW2_sunny_FHD_028,98.94498443603516,58.790061950683594
Suwon_CH09_20201010_2022_SAT_9m_NH_highway_OW5_sunny_FHD_068,56.40843200683594,24.611793518066406
Hongcheon_seomgangbrdg_20201021_1300_WED_15m_NH_highway_TW2_sunny_FHD_050,129.92901611328125,74.20919799804688
Jeonju_sangpyeongoverpass_20201020_1030_TUE_15m_NH_highway_TW2_sunny_FHD_015,106.19608306884766,60.17721176147461
Chungju_sangwoo1brdg_20201021_1530_WED_15m_NH_highway_TW2_sunny_HD_120,105.51898956298828,41.56710433959961
Suwon_CH06_20201012_2012_MON_9m_NH_highway_OW5_sunny_FHD_082,48.122684478759766,23.149538040161133
Cheonan_seongnam2_20201021_0930_WED_10m_RH_highway_TW3_sunny_FHD_088,112.62487030029297,40.11664581298828
Suwon_CH07_20201012_1955_MON_9m_NH_highway_OW5_sunny_FHD_035,52.41908264160156,21.742578506469727
Suwon_CH09_20201010_2022_SAT_9m_NH_highway_OW5_sunny_FHD_066,58.575950622558594,26.336742401123047
Jeonju_jeongeub_20201019_1700_MON_15m_NH_highway_TW2_sunny_FHD_049,117.99686431884766,45.0902214050293
Suwon_CH04_20201011_2020_SUN_9m_NH_highway_OW5_sunny_FHD_070,66.43253326416016,29.686756134033203
Jeonju_jeongeub_20201021_1700_WED_15m_NH_highway_TW2_rainy_FHD_036,115.18128204345703,45.74585723876953
Cheonan_sajeong_20201021_0730_WED_15m_NH_highway_TW3_sunny_FHD_055,125.76789855957031,49.43960952758789
Buan_yeji_20201021_1730_WED_15m_NH_highway_TW2_rainy_FHD_037,122.5186767578125,54.866031646728516
Chungju_danpyeong1brdg_20201020_1600_TUE_15m_NH_highway_TW2_sunny_FHD_036,117.80271911621094,56.16515350341797
Busan_busanportbrdg2_20201029_1630_THU_8m_NH_highway_TW3_sunny_FHD_108,160.7666015625,69.45234680175781
Jeonju_taeinshelter(seoul)_20201020_1400_TUE_15m_NH_highway_TW2_sunny_FHD_091,108.60453033447266,39.01694107055664
Gangneung_gangdong2brdg_20201019_1730_MON_15m_NH_highway_TW2_sunny_FHD_109,82.21402740478516,44.666683197021484
Suwon_CH04_20200721_1500_TUE_9m_NH_highway_OW5_sunny_FHD_068,111.57460021972656,35.36674499511719
Jincheon_namioverpass_20201021_1900_WED_15m_NH_highway_OW2_sunny_FHD_087,105.6136703491211,54.48256301879883
Cheonan_ogsan_20201019_1630_MON_15m_RH_highway_TW3_sunny_FHD_025,108.67438507080078,41.66881561279297
Gangneung_nodong_20201021_0830_WED_15m_NH_highway_TW2_sunny_FHD_025,99.7661361694336,82.80707550048828
Suwon_CH08_20201011_2149_SUN_9m_NH_highway_OW5_sunny_FHD_090,72.80982971191406,22.59609603881836
Cheonan_seongnam2_20201019_1630_MON_10m_RH_highway_TW3_sunny_FHD_008,116.65995788574219,40.71487808227539
Busan_busanportbrdg1_20201028_1300_TUE_8m_NH_highway_TW2_sunny_FHD_125,179.063720703125,41.16971206665039
Hongcheon_seomgangbrdg_20201021_1300_WED_15m_NH_highway_TW2_sunny_FHD_128,129.35972595214844,71.8067855834961
Busan_busanportbrdg6_20201029_1000_THU_8m_NH_highway_TW3_sunny_FHD_046,166.45953369140625,51.865543365478516
Busan_busanportbrdg4_20201119_1130_THU_8m_NH_highway_TW3_rainy_FHD_062,159.74734497070312,58.65201187133789
Chungju_chujeomtunnel(changwon)_20201020_1630_TUE_15m_NH_highway_OW2_sunny_FHD_015,114.64744567871094,54.402462005615234
Suwon_CH08_20200722_1500_WED_9m_NH_highway_OW5_rainy_FHD_006,100.21503448486328,20.793209075927734
Hongcheon_guljitunnel_20201020_1530_TUE_15m_NH_highway_TW2_sunny_FHD_042,107.60297393798828,44.39202880859375
Suwon_CH07_20200721_1730_TUE_9m_NH_highway_OW5_sunny_FHD_127,114.98185729980469,41.631168365478516
Jeonju_taeinshelter(seoul)_20201020_1400_TUE_15m_NH_highway_TW2_sunny_FHD_097,108.71939086914062,39.45039367675781
Cheonan_ogsan_20201021_1500_WED_15m_NH_highway_TW3_sunny_FHD_082,122.24588775634766,42.035301208496094
Jeonju_gudeog_20201020_2000_TUE_15m_NH_highway_TW3_sunny_FHD_093,104.57209777832031,47.49825668334961
Chungju_danpyeong1brdg_20201020_1600_TUE_15m_NH_highway_TW2_sunny_FHD_008,117.21027374267578,56.1784782409668
Busan_busanportbrdg2_20201028_1400_TUE_8m_NH_highway_TW3_sunny_FHD_069,183.66441345214844,45.97464370727539
Hongcheon_wonchang4brdg_20201021_1500_WED_15m_NH_highway_OW2_sunny_FHD_011,100.5313491821289,57.13233184814453
Buan_soju2brdg_20201020_1300_TUE_15m_NH_highway_TW2_sunny_FHD_039,119.3992691040039,33.096256256103516
Hongcheon_gwanggyeog1brdg_20201021_1030_WED_15m_NH_highway_TW2_sunny_FHD_127,98.66276550292969,59.9749870300293
Suwon_CH03_20201010_2145_SAT_9m_NH_highway_OW5_sunny_FHD_033,63.992313385009766,21.514869689941406
Busan_busanportbrdg4_20201027_1530_TUE_8m_NH_highway_TW3_sunny_FHD_045,160.10296630859375,65.62620544433594
Hongcheon_gwanggyeog1brdg_20201021_1030_WED_15m_NH_highway_TW2_sunny_FHD_100,92.63668060302734,57.46638488769531
Jeonju_taeinshelter(seoul)_20201020_0900_TUE_15m_NH_highway_TW2_fog_FHD_086,112.79044342041016,28.512022018432617
Busan_busanportbrdg4_20201028_1300_TUE_8m_NH_highway_TW3_sunny_FHD_001,164.90423583984375,56.70616912841797
Jeonju_sangpyeongoverpass_20201020_1030_TUE_15m_NH_highway_TW2_sunny_FHD_072,106.59850311279297,61.227752685546875
Hongcheon_gwanggyeog1brdg_20201020_1630_TUE_15m_NH_highway_TW2_sunny_FHD_068,102.01918029785156,55.971435546875
Suwon_CH09_20200720_1900_MON_9m_NH_highway_OW5_sunny_FHD_136,55.45259094238281,17.216615676879883
Cheonan_ogsan_20201021_1500_WED_15m_NH_highway_TW3_sunny_FHD_023,124.33869171142578,42.04301071166992
Cheonan_gangjeong_20201021_0830_WED_15m_NH_highway_TW3_sunny_FHD_078,97.26069641113281,37.61082077026367
Gangneung_hyangho2brdg_20201021_1730_WED_15m_NH_highway_TW2_sunny_FHD_052,134.8876190185547,56.0239372253418
Cheonan_ogsan_20201021_1000_WED_15m_RH_highway_TW3_sunny_FHD_054,125.4483413696289,42.003509521484375
Hongcheon_gwanggyeog1brdg_20201020_1630_TUE_15m_NH_highway_TW2_sunny_FHD_032,104.8140640258789,58.679725646972656
Cheonan_gangjeong_20201020_1400_TUE_15m_NH_highway_TW3_sunny_FHD_000,86.2451171875,52.63766098022461
Suwon_CH03_20200722_1700_WED_9m_NH_highway_OW5_sunny_FHD_040,113.78857421875,36.94514465332031
Chungju_chujeomtunnel(yangpyeong)_20201020_1730_TUE_15m_NH_highway_OW2_sunny_FHD_114,107.27996063232422,48.961570739746094
Chungju_danpyeong1brdg_20201020_1600_TUE_15m_NH_highway_TW2_sunny_FHD_086,115.84583282470703,56.22369384765625
Busan_busanportbrdg6_20201029_1500_THU_8m_NH_highway_TW3_sunny_FHD_103,168.21986389160156,50.52768325805664
Buan_jongsin_20201020_1630_TUE_15m_NH_highway_TW2_sunny_FHD_020,115.79692077636719,39.62031173706055
Buan_daemog_20201020_1630_TUE_15m_NH_highway_TW2_sunny_FHD_117,101.85143280029297,68.1552963256836
Cheonan_ogsan_20201021_1000_WED_15m_RH_highway_TW3_sunny_FHD_053,125.69784545898438,42.168941497802734
Hongcheon_wonchang4brdg_20201021_1500_WED_15m_NH_highway_OW2_sunny_FHD_101,93.53604888916016,57.41732406616211
Chungju_chujeomtunnel(changwon)_20201020_1630_TUE_15m_NH_highway_OW2_sunny_FHD_123,109.3943862915039,52.23899459838867
Busan_busanportbrdg1_20201029_1330_THU_8m_NH_highway_TW2_sunny_FHD_036,172.07049560546875,42.91383743286133
Chungju_jogogli_20201021_0700_WED_15m_NH_highway_TW2_sunny_FHD_032,141.5169677734375,40.596900939941406
Jeonju_jeongeub_20201021_1700_WED_15m_NH_highway_TW2_rainy_FHD_020,115.89437103271484,45.802162170410156
Gangneung_hyangho1brdg_20201021_1630_WED_15m_NH_highway_TW2_sunny_FHD_075,117.39392852783203,63.31234359741211
Suwon_CH08_20200722_1500_WED_9m_NH_highway_OW5_rainy_FHD_001,98.23453521728516,16.332521438598633
Buan_yeji_20201021_0730_WED_15m_NH_highway_TW2_sunny_FHD_024,121.75514221191406,55.377037048339844
Busan_busanportbrdg1_20201029_1330_THU_8m_NH_highway_TW2_sunny_FHD_111,169.24957275390625,51.29737854003906
Buan_daemog_20201019_1730_MON_15m_NH_highway_TW2_sunny_FHD_091,107.73729705810547,56.28636932373047
Suwon_CH06_20200722_1430_WED_9m_NH_highway_OW5_rainy_FHD_043,86.20867919921875,30.915847778320312
Busan_busanportbrdg1_20201028_1300_TUE_8m_NH_highway_TW2_sunny_FHD_066,165.55441284179688,52.06399154663086
Cheonan_ogsan_20201021_1500_WED_15m_NH_highway_TW3_sunny_FHD_026,123.94944763183594,42.41690444946289
Busan_busanportbrdg6_20201029_1000_THU_8m_NH_highway_TW3_sunny_FHD_090,163.775146484375,51.73188400268555
Cheonan_sajeong_20201020_1330_TUE_15m_NH_highway_TW3_sunny_FHD_072,104.11762237548828,54.999786376953125
Hongcheon_seomgangbrdg_20201021_0800_WED_15m_NH_highway_TW2_sunny_FHD_101,128.48779296875,78.8306655883789
Gangneung_hyangho2brdg_20201021_1230_WED_15m_NH_highway_TW2_sunny_FHD_044,127.95137786865234,52.47248458862305
Gangneung_nodong1brdg_20201020_1530_TUE_15m_NH_highway_TW2_sunny_FHD_032,121.36775970458984,50.32769012451172
Gangneung_nodong1brdg_20201021_0930_WED_15m_NH_highway_TW2_sunny_FHD_118,124.07917785644531,53.530662536621094
Chungju_chujeomtunnel(changwon)_20201021_1530_WED_15m_NH_highway_OW2_sunny_FHD_091,115.65470123291016,48.630680084228516
Jeonju_deungcheon_20201020_0800_TUE_10m_NH_highway_TW2_sunny_FHD_034,115.34049987792969,52.53110122680664
Suwon_CH03_20200720_2030_MON_9m_NH_highway_OW5_sunny_FHD_135,55.611812591552734,16.469091415405273
Buan_jongsin_20201020_1130_TUE_15m_NH_highway_TW2_sunny_FHD_022,119.61392974853516,30.480243682861328
Busan_busanportbrdg1_20201028_1300_TUE_8m_NH_highway_TW2_sunny_FHD_035,180.3555908203125,42.389366149902344
Chungju_chujeomtunnel(yangpyeong)_20201020_1230_TUE_15m_RH_highway_OW2_sunny_FHD_087,122.47854614257812,48.999881744384766
Buan_daemog_20201019_1730_MON_15m_NH_highway_TW2_sunny_FHD_122,108.04500579833984,56.010746002197266
Chungju_chujeomtunnel(yangpyeong)_20201021_1630_WED_15m_NH_highway_OW2_sunny_FHD_107,138.8824920654297,42.93793869018555
Suwon_CH02_20200722_1530_WED_9m_NH_highway_TW5_rainy_FHD_035,112.89845275878906,38.32400131225586
Busan_busanportbrdg1_20201028_1300_TUE_8m_NH_highway_TW2_sunny_FHD_044,168.60035705566406,51.586788177490234
Jeonju_jeongeub_20201020_0830_TUE_15m_NH_highway_TW2_fog_FHD_124,119.85950469970703,61.25828170776367
Jincheon_namioverpass_20201021_1900_WED_15m_NH_highway_OW2_sunny_FHD_014,114.31639862060547,53.34919738769531
Jincheon_namioverpass_20201020_0900_TUE_15m_NH_highway_OW2_fog_FHD_027,132.9271240234375,56.638938903808594
Cheonan_seongnam2_20201021_0930_WED_10m_RH_highway_TW3_sunny_FHD_023,113.2227783203125,40.74287796020508
Buan_yeji_20201021_1230_WED_15m_NH_highway_TW2_sunny_FHD_047,118.16613006591797,59.589073181152344
Gangneung_nodong_20201020_1430_TUE_15m_NH_highway_TW2_sunny_FHD_034,93.9290542602539,87.3592529296875
Suwon_CH06_20200722_1430_WED_9m_NH_highway_OW5_rainy_FHD_048,90.02515411376953,15.545516967773438
Gangneung_wichon2brdg_20201021_1430_WED_15m_NH_highway_TW2_sunny_FHD_024,128.2724151611328,56.61153030395508
Busan_busanportbrdg4_20201119_1130_THU_8m_NH_highway_TW3_rainy_FHD_042,158.97483825683594,57.33341979980469
Buan_soju2brdg_20201021_0830_WED_15m_NH_highway_TW2_sunny_FHD_067,127.81326293945312,33.072723388671875
Jeonju_taeinshelter(seoul)_20201021_0730_WED_15m_NH_highway_TW2_sunny_FHD_123,106.59352111816406,39.87666702270508
Gangneung_nodong1brdg_20201021_1430_WED_15m_NH_highway_TW2_sunny_FHD_082,118.71989440917969,58.83782196044922
Busan_busanportbrdg5_20201027_1530_TUE_8m_NH_highway_TW3_sunny_FHD_123,165.87179565429688,56.89445877075195
Jeonju_jeongeub_20201021_0700_WED_15m_NH_highway_TW2_sunny_FHD_034,120.77969360351562,46.74698257446289
Buan_dongjisan_20201021_1300_WED_15m_NH_highway_TW2_sunny_FHD_010,130.1568145751953,52.38018035888672
Buan_yeji_20201021_1230_WED_15m_NH_highway_TW2_sunny_FHD_078,123.73857879638672,55.53247833251953
Busan_busanportbrdg1_20201029_1330_THU_8m_NH_highway_TW2_sunny_FHD_043,173.3273468017578,41.97499084472656
Buan_soju2brdg_20201020_0800_TUE_15m_NH_highway_TW2_fog_FHD_024,128.48269653320312,39.10322952270508
Gangneung_hyangho2brdg_20201021_1230_WED_15m_NH_highway_TW2_sunny_FHD_035,125.43518829345703,52.81145095825195
Chungju_chujeomtunnel(changwon)_20201019_1730_MON_15m_NH_highway_OW2_sunny_FHD_096,118.61019134521484,50.36336135864258
Suwon_CH04_20200722_1800_WED_9m_NH_highway_OW5_sunny_FHD_047,100.81043243408203,39.7507438659668
Chungju_chujeomtunnel(yangpyeong)_20201020_0730_TUE_15m_NH_highway_OW2_fog_FHD_108,120.90424346923828,54.5355339050293
Busan_busanportbrdg5_20201029_1430_THU_8m_NH_highway_TW3_sunny_FHD_124,169.54031372070312,50.69976806640625
Gangneung_hyangho1brdg_20201020_1730_TUE_15m_NH_highway_TW2_sunny_FHD_087,109.28997039794922,69.15546417236328
Cheonan_seongnam2_20201019_1630_MON_10m_RH_highway_TW3_sunny_FHD_090,116.9488525390625,39.987918853759766
Hongcheon_guljitunnel_20201020_1030_TUE_15m_NH_highway_TW2_sunny_FHD_078,101.53433990478516,54.07971954345703
Suwon_CH05_20201011_2058_SUN_9m_NH_highway_OW5_sunny_FHD_003,58.544044494628906,26.214035034179688
Chungju_jogogli_20201021_0700_WED_15m_NH_highway_TW2_sunny_FHD_026,144.85475158691406,42.78202438354492
Chungju_jogogli_20201021_0700_WED_15m_NH_highway_TW2_sunny_FHD_029,145.4671630859375,40.89064407348633
Jeonju_deungcheon_20201020_0800_TUE_10m_NH_highway_TW2_sunny_FHD_073,117.165283203125,45.84344482421875
Buan_soju2brdg_20201020_1300_TUE_15m_NH_highway_TW2_sunny_FHD_033,121.20043182373047,32.72446823120117
Jeonju_deungcheon_20201020_1800_TUE_10m_NH_highway_TW2_sunny_FHD_127,82.76522064208984,53.598350524902344
Buan_jongsin_20201019_1600_MON_15m_NH_highway_TW2_sunny_FHD_088,111.48979187011719,60.17349624633789
Jeonju_deungcheon_20201020_1800_TUE_10m_NH_highway_TW2_sunny_FHD_124,91.59087371826172,57.08802795410156
Gangneung_nodong1brdg_20201021_0930_WED_15m_NH_highway_TW2_sunny_FHD_039,124.4532699584961,53.797607421875
Cheonan_gangjeong_20201021_1330_WED_15m_NH_highway_TW3_sunny_FHD_016,112.75064849853516,42.646297454833984
Gangneung_nodong1brdg_20201021_1430_WED_15m_NH_highway_TW2_sunny_FHD_121,120.54601287841797,58.29899215698242
Hongcheon_seomgangbrdg_20201019_1900_MON_15m_NH_highway_TW2_sunny_FHD_022,43.35908889770508,62.16111373901367
Hongcheon_gwanggyeog1brdg_20201020_1130_TUE_15m_NH_highway_TW2_sunny_FHD_031,103.12659454345703,73.34185791015625
Jeonju_sangpyeongoverpass_20201020_1530_TUE_15m_NH_highway_TW2_sunny_FHD_032,104.17340850830078,62.86895751953125
Gangneung_wichon2brdg_20201020_1400_TUE_15m_NH_highway_TW2_sunny_FHD_115,118.99083709716797,57.62714767456055
Hongcheon_seomgangbrdg_20201021_1300_WED_15m_NH_highway_TW2_sunny_FHD_033,131.67190551757812,69.59937286376953
Buan_yeji_20201021_1730_WED_15m_NH_highway_TW2_rainy_FHD_074,120.83003234863281,53.618656158447266
Suwon_CH06_20200721_1630_TUE_9m_NH_highway_OW5_sunny_FHD_087,107.62886810302734,28.616012573242188
Jeonju_taeinshelter(seoul)_20201019_1730_MON_15m_NH_highway_TW2_sunny_FHD_036,108.845458984375,32.33572769165039
Buan_daemog_20201019_1730_MON_15m_NH_highway_TW2_sunny_FHD_029,107.54861450195312,63.025962829589844
Jeonju_jeongeub_20201020_0830_TUE_15m_NH_highway_TW2_fog_FHD_089,119.12461853027344,60.51161193847656
Chungju_chujeomtunnel(yangpyeong)_20201020_0730_TUE_15m_NH_highway_OW2_fog_FHD_042,119.9898452758789,53.90520095825195
Gangneung_hyangho1brdg_20201020_1730_TUE_15m_NH_highway_TW2_sunny_FHD_029,113.09856414794922,69.09010314941406
Suwon_CH06_20201010_1932_SAT_9m_NH_highway_OW5_sunny_FHD_008,50.71549987792969,27.753690719604492
Cheonan_seongnam2_20201021_0930_WED_10m_RH_highway_TW3_sunny_FHD_093,115.45790100097656,39.98318862915039
Gangneung_hyangho2brdg_20201021_0730_WED_15m_NH_highway_TW2_sunny_FHD_031,126.69120788574219,49.040809631347656
Gangneung_hyangho2brdg_20201020_1330_TUE_15m_NH_highway_TW2_sunny_FHD_108,115.66204071044922,64.13616180419922
Suwon_CH04_20201011_2020_SUN_9m_NH_highway_OW5_sunny_FHD_037,62.0723991394043,26.45867156982422
Busan_busanportbrdg1_20201028_1300_TUE_8m_NH_highway_TW2_sunny_FHD_052,175.84765625,42.98823165893555
Suwon_CH06_20201012_2012_MON_9m_NH_highway_OW5_sunny_FHD_060,46.917545318603516,23.594627380371094
Gangneung_hyangho1brdg_20201021_1130_WED_15m_NH_highway_TW2_sunny_FHD_063,119.12297821044922,66.81261444091797
Gangneung_hyangho1brdg_20201021_1630_WED_15m_NH_highway_TW2_sunny_FHD_010,116.44243621826172,62.723106384277344
Buan_daemog_20201020_1630_TUE_15m_NH_highway_TW2_sunny_FHD_039,108.6624984741211,54.71552276611328
Chungju_chujeomtunnel(yangpyeong)_20201021_1630_WED_15m_NH_highway_OW2_sunny_FHD_029,143.8651580810547,43.53914260864258
Buan_soju2brdg_20201020_0800_TUE_15m_NH_highway_TW2_fog_FHD_121,126.48963165283203,38.61144256591797
Hongcheon_guljitunnel_20201020_1030_TUE_15m_NH_highway_TW2_sunny_FHD_118,105.15176391601562,57.198787689208984
Suwon_CH04_20200721_1500_TUE_9m_NH_highway_OW5_sunny_FHD_044,113.66539001464844,34.77014923095703
Jeonju_taeinshelter(seoul)_20201021_0730_WED_15m_NH_highway_TW2_sunny_FHD_092,106.27281188964844,40.74031448364258
Suwon_CH07_20201012_1955_MON_9m_NH_highway_OW5_sunny_FHD_071,50.94511413574219,19.599590301513672
Gangneung_nodong_20201021_0830_WED_15m_NH_highway_TW2_sunny_FHD_107,96.59242248535156,78.73271942138672
Jeonju_deungcheon_20201021_0800_WED_10m_NH_highway_TW2_sunny_FHD_073,110.37737274169922,40.4176139831543
Gangneung_hyangho2brdg_20201021_0730_WED_15m_NH_highway_TW2_sunny_FHD_081,125.28861236572266,50.83391189575195
Gangneung_wichon2brdg_20201020_0830_TUE_15m_NH_highway_TW2_sunny_FHD_082,117.52699279785156,58.60198211669922
Busan_busanportbrdg2_20201029_1130_THU_8m_NH_highway_TW3_sunny_FHD_096,170.65380859375,49.049686431884766
Gangneung_hyangho1brdg_20201020_1230_TUE_15m_NH_highway_TW2_sunny_FHD_000,116.62447357177734,63.76353454589844
Cheonan_gangjeong_20201021_1330_WED_15m_NH_highway_TW3_sunny_FHD_040,111.52020263671875,43.079593658447266
Gangneung_wichon2brdg_20201021_1430_WED_15m_NH_highway_TW2_sunny_FHD_012,127.42269897460938,57.07008361816406
Cheonan_gangjeong_20201021_1330_WED_15m_NH_highway_TW3_sunny_FHD_012,111.88935089111328,42.58613204956055
Gangneung_wichon2brdg_20201020_1400_TUE_15m_NH_highway_TW2_sunny_FHD_085,117.436767578125,56.75397872924805
Buan_soju2brdg_20201021_1330_WED_15m_NH_highway_TW2_sunny_FHD_099,123.95194244384766,38.327335357666016
Buan_daemog_20201019_1730_MON_15m_NH_highway_TW2_sunny_FHD_046,108.39019012451172,56.82123565673828
Suwon_CH02_20201012_2059_MON_9m_NH_highway_TW5_sunny_FHD_003,67.86894226074219,28.811569213867188
Buan_soju2brdg_20201020_1300_TUE_15m_NH_highway_TW2_sunny_FHD_075,119.37693786621094,32.881107330322266
Buan_soju2brdg_20201021_1330_WED_15m_NH_highway_TW2_sunny_FHD_002,120.8178939819336,35.59117889404297
Suwon_CH09_20200720_1900_MON_9m_NH_highway_OW5_sunny_FHD_137,56.74553298950195,18.2252140045166
Suwon_CH06_20200722_1430_WED_9m_NH_highway_OW5_rainy_FHD_050,89.01083374023438,30.84765625
Suwon_CH06_20201012_2012_MON_9m_NH_highway_OW5_sunny_FHD_112,51.47228240966797,26.762964248657227
Gangneung_nodong_20201021_0830_WED_15m_NH_highway_TW2_sunny_FHD_037,99.69609069824219,83.29222869873047
Suwon_CH07_20201012_1955_MON_9m_NH_highway_OW5_sunny_FHD_059,63.15892791748047,24.544597625732422
Hongcheon_guljitunnel_20201020_1530_TUE_15m_NH_highway_TW2_sunny_FHD_110,108.18966674804688,43.658348083496094
Jeonju_gudeog_20201020_2000_TUE_15m_NH_highway_TW3_sunny_FHD_092,91.90447998046875,45.0830192565918
Buan_soju2brdg_20201021_1330_WED_15m_NH_highway_TW2_sunny_FHD_087,122.3975601196289,37.823631286621094
Cheonan_gangjeong_20201021_0830_WED_15m_NH_highway_TW3_sunny_FHD_003,99.54701232910156,40.12517547607422
Inje_injetunnel2_20201210_0956_THU_4.8m_NH_highway_OW2_tunnel_FHD_522,97.03372955322266,31.13811492919922
Gangneung_nodong_20201021_1330_WED_15m_NH_highway_TW2_sunny_FHD_050,92.14608001708984,83.0455093383789
Suwon_CH06_20201012_2012_MON_9m_NH_highway_OW5_sunny_FHD_093,48.808170318603516,24.31710433959961
Inje_injetunnel2_20201210_0956_THU_4.8m_NH_highway_OW2_tunnel_FHD_088,97.86219024658203,30.573640823364258
Chungju_chujeomtunnel(changwon)_20201020_1630_TUE_15m_NH_highway_OW2_sunny_FHD_107,115.10243225097656,53.18722152709961
Suwon_CH08_20200722_1500_WED_9m_NH_highway_OW5_rainy_FHD_049,109.95540618896484,19.460161209106445
Busan_busanportbrdg4_20201027_1530_TUE_8m_NH_highway_TW3_sunny_FHD_119,161.68515014648438,66.06949615478516
Hongcheon_seomgangbrdg_20201019_1900_MON_15m_NH_highway_TW2_sunny_FHD_106,50.74082565307617,72.17561340332031
Hongcheon_guljitunnel_20201020_1030_TUE_15m_NH_highway_TW2_sunny_FHD_101,105.73805236816406,56.32701873779297
Buan_yulchon_20201021_1000_WED_15m_NH_highway_TW2_sunny_FHD_016,112.90373992919922,52.58000946044922
Jeonju_taeinshelter(seoul)_20201019_1730_MON_15m_NH_highway_TW2_sunny_FHD_091,108.09375,36.799339294433594
Busan_busanportbrdg5_20201027_1530_TUE_8m_NH_highway_TW3_sunny_FHD_087,159.63075256347656,58.42670440673828
Busan_busanportbrdg4_20201027_1530_TUE_8m_NH_highway_TW3_sunny_FHD_058,158.12753295898438,65.59615325927734
Buan_yulchon_20201021_1000_WED_15m_NH_highway_TW2_sunny_FHD_076,116.27208709716797,53.37016296386719
Gangneung_hyangho2brdg_20201020_1330_TUE_15m_NH_highway_TW2_sunny_FHD_021,114.65292358398438,63.1095085144043
Chungju_chujeomtunnel(yangpyeong)_20201020_1230_TUE_15m_RH_highway_OW2_sunny_FHD_085,121.86064910888672,49.459877014160156
Suwon_CH04_20200721_2030_TUE_9m_NH_highway_OW5_sunny_FHD_052,62.20781707763672,26.322847366333008
Hongcheon_wonchang4brdg_20201021_1000_WED_15m_NH_highway_OW2_sunny_FHD_037,96.39134979248047,57.45729064941406
Suwon_CH04_20200721_1500_TUE_9m_NH_highway_OW5_sunny_FHD_098,114.59130096435547,33.209163665771484
Chungju_chujeomtunnel(changwon)_20201019_1730_MON_15m_NH_highway_OW2_sunny_FHD_023,123.62651062011719,49.083587646484375
Jeonju_deungcheon_20201020_0800_TUE_10m_NH_highway_TW2_sunny_FHD_007,117.31539916992188,56.657859802246094
Gangneung_hyangho1brdg_20201020_0730_TUE_15m_NH_highway_TW2_sunny_FHD_037,109.4250717163086,67.89117431640625
Suwon_CH07_20201010_1938_SAT_9m_NH_highway_OW5_sunny_FHD_095,61.70090103149414,25.903385162353516
Hongcheon_guljitunnel_20201020_1530_TUE_15m_NH_highway_TW2_sunny_FHD_022,108.34439849853516,44.4571647644043
Hongcheon_guljitunnel_20201021_1430_WED_15m_NH_highway_TW2_sunny_FHD_071,103.35650634765625,48.73308181762695
Chungju_sangwoo1brdg_20201020_1130_TUE_15m_RH_highway_TW2_sunny_HD_110,108.88658142089844,47.14146041870117
Buan_yulchon_20201021_1500_WED_15m_NH_highway_TW2_sunny_FHD_036,110.49403381347656,51.53805923461914
Cheonan_ogsan_20201021_1500_WED_15m_NH_highway_TW3_sunny_FHD_049,124.79312896728516,44.174869537353516
Chungju_chujeomtunnel(changwon)_20201019_1730_MON_15m_NH_highway_OW2_sunny_FHD_079,121.56192779541016,49.538795471191406
Suwon_CH05_20200722_1900_WED_9m_NH_highway_OW5_sunny_FHD_049,79.6581802368164,18.30426597595215
Gangneung_hyangho2brdg_20201020_0830_TUE_15m_NH_highway_TW2_sunny_FHD_052,117.90689849853516,50.105796813964844
Gangneung_nodong1brdg_20201021_0930_WED_15m_NH_highway_TW2_sunny_FHD_058,125.65620422363281,53.07487869262695
Gangneung_hyangho2brdg_20201021_0730_WED_15m_NH_highway_TW2_sunny_FHD_102,123.81969451904297,51.91922378540039
Buan_yeji_20201019_1600_MON_15m_NH_highway_TW2_sunny_FHD_102,106.6387939453125,68.61397552490234
Cheonan_gangjeong_20201021_1330_WED_15m_NH_highway_TW3_sunny_FHD_017,112.54373931884766,42.969932556152344
Cheonan_seongnam2_20201021_0930_WED_10m_RH_highway_TW3_sunny_FHD_047,111.14620208740234,43.58656311035156
Gangneung_hyangho2brdg_20201021_1230_WED_15m_NH_highway_TW2_sunny_FHD_027,126.1212387084961,53.288116455078125
Gangneung_hyangho1brdg_20201021_1630_WED_15m_NH_highway_TW2_sunny_FHD_116,118.33403778076172,63.50759506225586
Busan_busanportbrdg4_20201119_1130_THU_8m_NH_highway_TW3_rainy_FHD_061,158.68382263183594,59.110496520996094
Chungju_jogogli_20201021_1700_WED_15m_NH_highway_TW2_sunny_FHD_083,142.35372924804688,42.943634033203125
Chungju_chujeomtunnel(changwon)_20201020_1130_TUE_15m_RH_highway_OW2_sunny_FHD_065,108.95690155029297,60.07012176513672
Jeonju_deungcheon_20201020_1800_TUE_10m_NH_highway_TW2_sunny_FHD_110,86.85655212402344,53.164981842041016
Buan_yulchon_20201021_1000_WED_15m_NH_highway_TW2_sunny_FHD_011,115.37300109863281,53.1246223449707
Suwon_CH03_20201010_2145_SAT_9m_NH_highway_OW5_sunny_FHD_026,64.22466278076172,27.2390193939209
Gangneung_hyangho2brdg_20201021_1230_WED_15m_NH_highway_TW2_sunny_FHD_026,126.83855438232422,53.436344146728516
Hongcheon_gwanggyeog1brdg_20201020_1630_TUE_15m_NH_highway_TW2_sunny_FHD_004,103.12971496582031,60.31898498535156
Hongcheon_gwanggyeog1brdg_20201020_1630_TUE_15m_NH_highway_TW2_sunny_FHD_074,101.83245086669922,55.247596740722656
Jincheon_namioverpass_20201021_1400_WED_15m_NH_highway_OW2_sunny_FHD_004,133.84036254882812,50.631900787353516
Buan_jongsin_20201020_1130_TUE_15m_NH_highway_TW2_sunny_FHD_009,121.07351684570312,31.443843841552734
Suwon_CH01_20200722_1500_WED_9m_NH_highway_TW5_rainy_FHD_001,107.81817626953125,12.529918670654297
Gangneung_hyangho1brdg_20201020_0730_TUE_15m_NH_highway_TW2_sunny_FHD_044,110.86305236816406,67.69539642333984
Jeonju_deungcheon_20201020_1300_TUE_10m_NH_highway_TW2_sunny_FHD_046,110.91246795654297,39.2473030090332
Chungju_danpyeong1brdg_20201020_1600_TUE_15m_NH_highway_TW2_sunny_FHD_109,118.18354797363281,56.19136047363281
Gangneung_hyangho1brdg_20201021_1630_WED_15m_NH_highway_TW2_sunny_FHD_111,116.51758575439453,63.317909240722656
Gangneung_gangdong2brdg_20201021_1030_WED_15m_NH_highway_TW2_sunny_FHD_103,118.76481628417969,59.626502990722656
Jeonju_gudeog_20201020_2000_TUE_15m_NH_highway_TW3_sunny_FHD_015,95.00308227539062,46.94025802612305
Buan_soju2brdg_20201020_1300_TUE_15m_NH_highway_TW2_sunny_FHD_119,117.88267517089844,33.7491569519043
Hongcheon_seomgangbrdg_20201021_0800_WED_15m_NH_highway_TW2_sunny_FHD_097,127.56005859375,78.14865112304688
Jeonju_deungcheon_20201020_0800_TUE_10m_NH_highway_TW2_sunny_FHD_050,115.71521759033203,49.29380416870117
Chungju_chujeomtunnel(yangpyeong)_20201021_1130_WED_15m_NH_highway_OW2_sunny_FHD_014,127.50028228759766,41.08467483520508
Jeonju_deungcheon_20201020_1300_TUE_10m_NH_highway_TW2_sunny_FHD_041,115.29340362548828,39.843360900878906
Buan_soju2brdg_20201021_1330_WED_15m_NH_highway_TW2_sunny_FHD_094,122.50878143310547,38.81221389770508
Gangneung_hyangho1brdg_20201020_0730_TUE_15m_NH_highway_TW2_sunny_FHD_082,111.50432586669922,67.78640747070312
Hongcheon_guljitunnel_20201020_1030_TUE_15m_NH_highway_TW2_sunny_FHD_095,106.0721664428711,56.25293731689453
Suwon_CH06_20200721_1630_TUE_9m_NH_highway_OW5_sunny_FHD_063,108.05865478515625,29.14129638671875
Gangneung_hyangho1brdg_20201020_1230_TUE_15m_NH_highway_TW2_sunny_FHD_036,117.00519561767578,64.0384750366211
Chungju_sangwoo1brdg_20201021_1530_WED_15m_NH_highway_TW2_sunny_HD_037,108.230712890625,42.36049270629883
Hongcheon_seomgangbrdg_20201021_0800_WED_15m_NH_highway_TW2_sunny_FHD_014,122.0348129272461,76.37324523925781
Suwon_CH03_20201010_2145_SAT_9m_NH_highway_OW5_sunny_FHD_007,61.53185272216797,25.693504333496094
Chungju_chujeomtunnel(changwon)_20201020_1130_TUE_15m_RH_highway_OW2_sunny_FHD_000,110.13370513916016,61.3013916015625
Gangneung_wichon2brdg_20201021_1930_WED_15m_NH_highway_TW2_sunny_FHD_052,118.70904541015625,66.72864532470703
Gangneung_hyangho1brdg_20201020_1730_TUE_15m_NH_highway_TW2_sunny_FHD_095,108.80937194824219,69.09429168701172
Hongcheon_gwanggyeog1brdg_20201020_1130_TUE_15m_NH_highway_TW2_sunny_FHD_025,103.73223876953125,73.77523803710938
Busan_busanportbrdg5_20201027_1530_TUE_8m_NH_highway_TW3_sunny_FHD_015,160.7814483642578,56.94552230834961
Cheonan_ogsan_20201021_1500_WED_15m_NH_highway_TW3_sunny_FHD_029,122.73081970214844,41.755245208740234
Gangneung_gangdong2brdg_20201020_1130_TUE_15m_NH_highway_TW2_sunny_FHD_048,110.4177474975586,70.80471801757812
Cheonan_gangjeong_20201021_0830_WED_15m_NH_highway_TW3_sunny_FHD_095,98.36911010742188,38.12527847290039
Hongcheon_gwanggyeog1brdg_20201021_1530_WED_15m_NH_highway_TW2_sunny_FHD_091,96.8182373046875,57.09227752685547
Chungju_jogogli_20201021_1700_WED_15m_NH_highway_TW2_sunny_FHD_102,142.12271118164062,42.42814636230469
Suwon_CH08_20201011_2149_SUN_9m_NH_highway_OW5_sunny_FHD_048,71.5565185546875,22.48809814453125
Hongcheon_wonchang4brdg_20201021_1000_WED_15m_NH_highway_OW2_sunny_FHD_082,95.38644409179688,57.173343658447266
Inje_injetunnel2_20201210_0956_THU_4.8m_NH_highway_OW2_tunnel_FHD_341,96.3458251953125,30.95060157775879
Jeonju_jeongeub_20201020_0830_TUE_15m_NH_highway_TW2_fog_FHD_096,119.9798355102539,61.36473846435547
Buan_jongsin_20201020_1630_TUE_15m_NH_highway_TW2_sunny_FHD_045,118.4013900756836,39.945430755615234
Gangneung_hyangho1brdg_20201020_0730_TUE_15m_NH_highway_TW2_sunny_FHD_089,112.27214050292969,67.39109802246094
Gangneung_hyangho2brdg_20201021_1730_WED_15m_NH_highway_TW2_sunny_FHD_046,135.16476440429688,56.135990142822266
Jincheon_namioverpass_20201021_1400_WED_15m_NH_highway_OW2_sunny_FHD_128,137.42149353027344,49.03260040283203
Suwon_CH04_20200720_1600_MON_9m_NH_highway_OW5_sunny_FHD_022,104.853515625,30.67559814453125
Jeonju_deungcheon_20201021_0800_WED_10m_NH_highway_TW2_sunny_FHD_002,110.17929077148438,40.25040054321289
Cheonan_gangjeong_20201019_1730_MON_15m_NH_highway_TW3_sunny_FHD_065,94.51116943359375,39.677242279052734
Suwon_CH04_20201011_2020_SUN_9m_NH_highway_OW5_sunny_FHD_043,68.87455749511719,30.258651733398438
Suwon_CH02_20200722_1530_WED_9m_NH_highway_TW5_rainy_FHD_048,105.4000473022461,21.986831665039062
Suwon_CH07_20201010_1938_SAT_9m_NH_highway_OW5_sunny_FHD_082,56.49613571166992,28.11240577697754
Buan_yeji_20201021_1730_WED_15m_NH_highway_TW2_rainy_FHD_014,124.48324584960938,53.01622009277344
Suwon_CH08_20200722_1500_WED_9m_NH_highway_OW5_rainy_FHD_021,105.96980285644531,19.45908546447754
Hongcheon_gwanggyeog1brdg_20201019_1730_MON_15m_NH_highway_TW2_sunny_FHD_119,85.40226745605469,51.72054672241211
Suwon_CH01_20200722_1500_WED_9m_NH_highway_TW5_rainy_FHD_033,110.56289672851562,16.721036911010742
Jeonju_jeongeub_20201020_0830_TUE_15m_NH_highway_TW2_fog_FHD_084,118.6340560913086,60.772682189941406
Jeonju_sangpyeongoverpass_20201020_1530_TUE_15m_NH_highway_TW2_sunny_FHD_112,103.39439392089844,63.29437255859375
Chungju_chujeomtunnel(yangpyeong)_20201021_1130_WED_15m_NH_highway_OW2_sunny_FHD_115,126.86760711669922,41.670440673828125
Hongcheon_seomgangbrdg_20201020_1400_TUE_15m_NH_highway_TW2_sunny_FHD_088,128.38095092773438,76.88455200195312
Suwon_CH06_20200722_1430_WED_9m_NH_highway_OW5_rainy_FHD_019,92.30947875976562,22.378732681274414
Suwon_CH06_20200722_1430_WED_9m_NH_highway_OW5_rainy_FHD_047,96.03291320800781,17.45208168029785
Buan_soju2brdg_20201020_1300_TUE_15m_NH_highway_TW2_sunny_FHD_086,117.23438262939453,32.70603561401367
Busan_busanportbrdg2_20201029_1130_THU_8m_NH_highway_TW3_sunny_FHD_086,169.80157470703125,49.09480285644531
Jeonju_taeinshelter(seoul)_20201019_1730_MON_15m_NH_highway_TW2_sunny_FHD_122,107.25997161865234,34.2675666809082
Suwon_CH07_20201010_1938_SAT_9m_NH_highway_OW5_sunny_FHD_099,55.542537689208984,26.74569320678711
Chungju_chujeomtunnel(changwon)_20201019_1730_MON_15m_NH_highway_OW2_sunny_FHD_075,119.23933410644531,49.8444709777832
Chungju_chujeomtunnel(yangpyeong)_20201021_1130_WED_15m_NH_highway_OW2_sunny_FHD_019,125.31552124023438,41.17115020751953
Hongcheon_seomgangbrdg_20201021_0800_WED_15m_NH_highway_TW2_sunny_FHD_124,120.78229522705078,76.99907684326172
Buan_yulchon_20201021_1500_WED_15m_NH_highway_TW2_sunny_FHD_039,116.07444763183594,51.324501037597656
Gangneung_hyangho1brdg_20201020_0730_TUE_15m_NH_highway_TW2_sunny_FHD_038,109.96472930908203,67.80065155029297
Hongcheon_seomgangbrdg_20201021_1300_WED_15m_NH_highway_TW2_sunny_FHD_086,128.74502563476562,69.2547378540039
Jeonju_taeinshelter(seoul)_20201019_1730_MON_15m_NH_highway_TW2_sunny_FHD_008,109.63027954101562,32.06186294555664
Hongcheon_seomgangbrdg_20201019_1900_MON_15m_NH_highway_TW2_sunny_FHD_058,42.789466857910156,68.42578887939453
Cheonan_gangjeong_20201019_1730_MON_15m_NH_highway_TW3_sunny_FHD_070,94.78553009033203,39.56064987182617
Jeonju_deungcheon_20201020_1800_TUE_10m_NH_highway_TW2_sunny_FHD_072,111.12267303466797,50.70588684082031
Buan_jongsin_20201019_1600_MON_15m_NH_highway_TW2_sunny_FHD_109,109.43486022949219,59.96860885620117
Buan_yulchon_20201021_1500_WED_15m_NH_highway_TW2_sunny_FHD_014,119.8157958984375,52.28278350830078
Gangneung_hyangho1brdg_20201020_1230_TUE_15m_NH_highway_TW2_sunny_FHD_066,114.10871887207031,63.901702880859375
Buan_yulchon_20201021_1500_WED_15m_NH_highway_TW2_sunny_FHD_077,111.44563293457031,53.41841506958008
Suwon_CH07_20200722_1500_WED_9m_NH_highway_OW5_rainy_FHD_014,99.91127014160156,15.961928367614746
Busan_busanportbrdg5_20201027_1530_TUE_8m_NH_highway_TW3_sunny_FHD_101,157.19607543945312,57.71897888183594
Hongcheon_seomgangbrdg_20201021_0800_WED_15m_NH_highway_TW2_sunny_FHD_076,134.38882446289062,79.6709213256836
Suwon_CH07_20201010_1938_SAT_9m_NH_highway_OW5_sunny_FHD_014,56.917877197265625,25.240156173706055
Gangneung_hyangho1brdg_20201021_1130_WED_15m_NH_highway_TW2_sunny_FHD_083,120.98582458496094,65.60720825195312
Buan_yulchon_20201020_1100_TUE_15m_NH_highway_TW2_sunny_FHD_002,117.4521484375,45.9729118347168
Buan_yulchon_20201020_1100_TUE_15m_NH_highway_TW2_sunny_FHD_049,119.37667846679688,45.12165451049805
Suwon_CH08_20200722_1500_WED_9m_NH_highway_OW5_rainy_FHD_010,101.52305603027344,16.092002868652344
Busan_busanportbrdg2_20201029_1130_THU_8m_NH_highway_TW3_sunny_FHD_054,169.534423828125,49.494972229003906
Jeonju_taeinshelter(seoul)_20201019_1730_MON_15m_NH_highway_TW2_sunny_FHD_019,110.1511459350586,32.89866256713867
Gangneung_hyangho1brdg_20201020_1730_TUE_15m_NH_highway_TW2_sunny_FHD_046,114.21344757080078,69.23196411132812
Cheonan_sajeong_20201021_0730_WED_15m_NH_highway_TW3_sunny_FHD_009,123.81610107421875,50.518531799316406
Suwon_CH06_20200721_1630_TUE_9m_NH_highway_OW5_sunny_FHD_035,111.43822479248047,26.397340774536133
Hongcheon_seomgangbrdg_20201020_1400_TUE_15m_NH_highway_TW2_sunny_FHD_119,131.6615447998047,78.08518981933594
Cheonan_sajeong_20201020_1330_TUE_15m_NH_highway_TW3_sunny_FHD_050,103.99181365966797,54.76893997192383
Jincheon_namioverpass_20201020_1900_TUE_15m_NH_highway_OW2_sunny_FHD_044,109.42062377929688,55.04633712768555
Gangneung_gangdong2brdg_20201020_1130_TUE_15m_NH_highway_TW2_sunny_FHD_016,109.39567565917969,70.35525512695312
Hongcheon_gwanggyeog1brdg_20201019_1730_MON_15m_NH_highway_TW2_sunny_FHD_028,86.859375,52.364418029785156
Hongcheon_guljitunnel_20201020_1530_TUE_15m_NH_highway_TW2_sunny_FHD_063,106.67143249511719,43.81584167480469
Gangneung_nodong_20201021_1330_WED_15m_NH_highway_TW2_sunny_FHD_117,94.50656127929688,83.65672302246094
Jeonju_taeinshelter(seoul)_20201019_1730_MON_15m_NH_highway_TW2_sunny_FHD_073,107.58858489990234,34.27412033081055
Chungju_sangwoo1brdg_20201020_1130_TUE_15m_RH_highway_TW2_sunny_HD_079,104.45730590820312,47.50593185424805
Jincheon_namioverpass_20201020_1900_TUE_15m_NH_highway_OW2_sunny_FHD_053,100.45116424560547,56.71118927001953
Suwon_CH05_20200722_1900_WED_9m_NH_highway_OW5_sunny_FHD_027,79.30575561523438,19.737070083618164
Gangneung_hyangho1brdg_20201021_1630_WED_15m_NH_highway_TW2_sunny_FHD_030,117.4233169555664,63.09170150756836
Buan_jongsin_20201019_1600_MON_15m_NH_highway_TW2_sunny_FHD_118,108.80860900878906,59.21548843383789
Gangneung_hyangho2brdg_20201021_1730_WED_15m_NH_highway_TW2_sunny_FHD_013,134.93865966796875,56.74738693237305
Jeonju_taeinshelter(seoul)_20201019_1730_MON_15m_NH_highway_TW2_sunny_FHD_067,107.85935974121094,33.847835540771484
Chungju_sangwoo1brdg_20201020_1130_TUE_15m_RH_highway_TW2_sunny_HD_062,104.4822769165039,45.60357666015625
Buan_jongsin_20201019_1600_MON_15m_NH_highway_TW2_sunny_FHD_009,114.802978515625,60.29877471923828
Gangneung_gangdong2brdg_20201021_1530_WED_15m_NH_highway_TW2_sunny_FHD_085,119.71672058105469,59.95017623901367
Gangneung_hyangho2brdg_20201021_0730_WED_15m_NH_highway_TW2_sunny_FHD_012,128.66050720214844,48.86703872680664
Buan_yeji_20201021_1230_WED_15m_NH_highway_TW2_sunny_FHD_028,117.92718505859375,59.22882843017578
Cheonan_gangjeong_20201019_1730_MON_15m_NH_highway_TW3_sunny_FHD_092,96.24696350097656,42.27164077758789
Chungju_chujeomtunnel(yangpyeong)_20201021_1130_WED_15m_NH_highway_OW2_sunny_FHD_059,124.94261169433594,41.41841125488281
Cheonan_sajeong_20201021_0730_WED_15m_NH_highway_TW3_sunny_FHD_093,122.5047607421875,49.73963165283203
Gangneung_nodong_20201021_1330_WED_15m_NH_highway_TW2_sunny_FHD_089,98.57376098632812,85.65766906738281
Gangneung_gangdong2brdg_20201020_1130_TUE_15m_NH_highway_TW2_sunny_FHD_035,110.5469741821289,71.10990905761719
Hongcheon_seomgangbrdg_20201019_1900_MON_15m_NH_highway_TW2_sunny_FHD_041,34.85527801513672,59.05747985839844
Suwon_CH03_20201010_2145_SAT_9m_NH_highway_OW5_sunny_FHD_045,67.10572814941406,27.65537452697754
Cheonan_sajeong_20201021_0730_WED_15m_NH_highway_TW3_sunny_FHD_070,124.93251037597656,48.32459259033203
Jincheon_namioverpass_20201020_1900_TUE_15m_NH_highway_OW2_sunny_FHD_047,111.24727630615234,54.40159225463867
Suwon_CH08_20200722_1500_WED_9m_NH_highway_OW5_rainy_FHD_017,106.03787231445312,20.77379035949707
Chungju_chujeomtunnel(yangpyeong)_20201021_1130_WED_15m_NH_highway_OW2_sunny_FHD_116,124.42217254638672,41.4995002746582
Cheonan_sajeong_20201020_1330_TUE_15m_NH_highway_TW3_sunny_FHD_054,103.0713882446289,55.23390579223633
Suwon_CH06_20200721_1630_TUE_9m_NH_highway_OW5_sunny_FHD_029,106.55127716064453,25.096506118774414
Cheonan_seongnam2_20201019_1630_MON_10m_RH_highway_TW3_sunny_FHD_068,115.18506622314453,39.0319709777832
Jeonju_jeongeub_20201020_0830_TUE_15m_NH_highway_TW2_fog_FHD_105,119.1775131225586,61.66101837158203
Suwon_CH04_20200722_1800_WED_9m_NH_highway_OW5_sunny_FHD_013,92.73992919921875,23.28062629699707
Hongcheon_guljitunnel_20201020_1030_TUE_15m_NH_highway_TW2_sunny_FHD_036,106.89347839355469,54.64064407348633
Jeonju_taeinshelter(seoul)_20201019_1730_MON_15m_NH_highway_TW2_sunny_FHD_070,107.67215728759766,34.75969696044922
Suwon_CH05_20200722_1900_WED_9m_NH_highway_OW5_sunny_FHD_004,91.79173278808594,30.22259521484375
Buan_jongsin_20201020_1630_TUE_15m_NH_highway_TW2_sunny_FHD_108,117.93012237548828,33.64657974243164
Chungju_danpyeong1brdg_20201020_1600_TUE_15m_NH_highway_TW2_sunny_FHD_102,116.467529296875,56.34865951538086
Gangneung_hyangho2brdg_20201020_0830_TUE_15m_NH_highway_TW2_sunny_FHD_099,116.63925170898438,51.6734619140625
Jincheon_namioverpass_20201021_1400_WED_15m_NH_highway_OW2_sunny_FHD_048,134.39862060546875,50.534156799316406
Buan_yulchon_20201021_1500_WED_15m_NH_highway_TW2_sunny_FHD_106,111.01775360107422,52.66542434692383
Chungju_sangwoo1brdg_20201021_1530_WED_15m_NH_highway_TW2_sunny_HD_025,104.13726043701172,42.42755889892578
Buan_soju2brdg_20201020_0800_TUE_15m_NH_highway_TW2_fog_FHD_059,135.34776306152344,40.20586395263672
Suwon_CH04_20200721_2030_TUE_9m_NH_highway_OW5_sunny_FHD_033,53.7319450378418,19.893098831176758
Buan_jongsin_20201019_1600_MON_15m_NH_highway_TW2_sunny_FHD_058,110.61092376708984,60.304439544677734
Jeonju_taeinshelter(seoul)_20201019_1730_MON_15m_NH_highway_TW2_sunny_FHD_101,107.68614959716797,35.34669494628906
Buan_yeji_20201021_1230_WED_15m_NH_highway_TW2_sunny_FHD_096,123.27729034423828,56.37540817260742
Hongcheon_guljitunnel_20201020_1030_TUE_15m_NH_highway_TW2_sunny_FHD_121,116.95354461669922,57.677833557128906
Busan_busanportbrdg4_20201119_1130_THU_8m_NH_highway_TW3_rainy_FHD_018,173.45166015625,51.417152404785156
Chungju_chujeomtunnel(changwon)_20201020_1130_TUE_15m_RH_highway_OW2_sunny_FHD_112,111.18669128417969,59.72315979003906
Chungju_sangwoo1brdg_20201021_1530_WED_15m_NH_highway_TW2_sunny_HD_051,103.88845825195312,41.625946044921875
Buan_jongsin_20201019_1600_MON_15m_NH_highway_TW2_sunny_FHD_033,111.59078216552734,60.01070022583008
Chungju_chujeomtunnel(yangpyeong)_20201021_1130_WED_15m_NH_highway_OW2_sunny_FHD_011,126.22136688232422,40.84446716308594
Buan_yulchon_20201020_1100_TUE_15m_NH_highway_TW2_sunny_FHD_013,112.62700653076172,46.40547561645508
Chungju_jogogli_20201020_0800_TUE_15m_NH_highway_TW2_fog_FHD_108,133.16067504882812,47.33888244628906
Suwon_CH06_20200721_1630_TUE_9m_NH_highway_OW5_sunny_FHD_012,113.5606918334961,30.140949249267578
Buan_soju2brdg_20201020_0800_TUE_15m_NH_highway_TW2_fog_FHD_082,127.10258483886719,51.8857536315918
Chungju_chujeomtunnel(yangpyeong)_20201021_1130_WED_15m_NH_highway_OW2_sunny_FHD_109,125.37091827392578,41.505645751953125
Buan_yeji_20201021_1730_WED_15m_NH_highway_TW2_rainy_FHD_100,119.25231170654297,45.70188903808594
Gangneung_gangdong2brdg_20201020_1130_TUE_15m_NH_highway_TW2_sunny_FHD_037,110.08719635009766,70.67730712890625
Buan_yulchon_20201020_1100_TUE_15m_NH_highway_TW2_sunny_FHD_004,116.45276641845703,46.23442077636719
Hongcheon_seomgangbrdg_20201019_1900_MON_15m_NH_highway_TW2_sunny_FHD_089,41.67069625854492,59.04735565185547
Suwon_CH03_20200722_1700_WED_9m_NH_highway_OW5_sunny_FHD_011,110.00269317626953,39.54389953613281
Buan_yeji_20201021_0730_WED_15m_NH_highway_TW2_sunny_FHD_034,125.44187927246094,55.69424057006836
Buan_yeji_20201020_1100_TUE_15m_NH_highway_TW2_sunny_FHD_119,120.08385467529297,51.82593536376953
Buan_dongjisan_20201021_0800_WED_15m_NH_highway_TW2_sunny_FHD_009,127.84561157226562,46.459354400634766
Chungju_sangwoo1brdg_20201021_1530_WED_15m_NH_highway_TW2_sunny_HD_127,103.91770935058594,39.76887512207031
Gangneung_gangdong2brdg_20201020_1130_TUE_15m_NH_highway_TW2_sunny_FHD_065,107.76631164550781,69.6495590209961
Suwon_CH10_20200722_1800_WED_9m_NH_highway_TW5_sunny_FHD_007,100.90968322753906,33.68312454223633
Gangneung_hyangho1brdg_20201020_0730_TUE_15m_NH_highway_TW2_sunny_FHD_066,111.4645767211914,67.74166107177734
Suwon_CH04_20200721_2030_TUE_9m_NH_highway_OW5_sunny_FHD_036,61.06753921508789,24.839384078979492
Hongcheon_seomgangbrdg_20201021_0800_WED_15m_NH_highway_TW2_sunny_FHD_127,123.75554656982422,76.91622161865234
Hongcheon_wonchang4brdg_20201021_1000_WED_15m_NH_highway_OW2_sunny_FHD_039,94.73716735839844,57.999942779541016
Suwon_CH06_20200722_1430_WED_9m_NH_highway_OW5_rainy_FHD_024,89.21807098388672,32.393768310546875
Buan_soju2brdg_20201020_0800_TUE_15m_NH_highway_TW2_fog_FHD_012,122.50409698486328,38.82625961303711
Chungju_jogogli_20201020_0800_TUE_15m_NH_highway_TW2_fog_FHD_124,131.35765075683594,46.05961227416992
Suwon_CH03_20200722_1700_WED_9m_NH_highway_OW5_sunny_FHD_035,108.71468353271484,40.5543212890625
Jeonju_gudeog_20201019_2000_MON_15m_NH_highway_TW3_sunny_FHD_053,92.58970642089844,46.014564514160156
Chungju_chujeomtunnel(changwon)_20201020_1130_TUE_15m_RH_highway_OW2_sunny_FHD_104,110.19194030761719,59.55531692504883
Suwon_CH06_20200721_1630_TUE_9m_NH_highway_OW5_sunny_FHD_100,109.32611846923828,32.32658004760742
Hongcheon_gwanggyeog1brdg_20201020_1130_TUE_15m_NH_highway_TW2_sunny_FHD_009,103.60377502441406,72.72779846191406
Gangneung_wichon2brdg_20201021_1430_WED_15m_NH_highway_TW2_sunny_FHD_051,129.03121948242188,57.25168991088867
Suwon_CH04_20200721_2030_TUE_9m_NH_highway_OW5_sunny_FHD_021,53.22068786621094,22.11222267150879
Hongcheon_wonchang4brdg_20201021_1000_WED_15m_NH_highway_OW2_sunny_FHD_058,93.49190521240234,56.11637496948242
Suwon_CH10_20200722_1800_WED_9m_NH_highway_TW5_sunny_FHD_046,94.23396301269531,33.488677978515625
Jeonju_deungcheon_20201021_0800_WED_10m_NH_highway_TW2_sunny_FHD_026,109.07878112792969,40.17211151123047
Suwon_CH03_20200722_1700_WED_9m_NH_highway_OW5_sunny_FHD_042,114.97977447509766,33.38816452026367
Buan_dongjisan_20201021_0800_WED_15m_NH_highway_TW2_sunny_FHD_002,128.1193389892578,45.59212875366211
Buan_yeji_20201021_1230_WED_15m_NH_highway_TW2_sunny_FHD_037,120.69920349121094,58.65463638305664
Suwon_CH05_20200722_1900_WED_9m_NH_highway_OW5_sunny_FHD_030,78.18470001220703,19.524150848388672
Buan_dongjisan_20201021_0800_WED_15m_NH_highway_TW2_sunny_FHD_117,128.56973266601562,48.30196762084961
Hongcheon_gwanggyeog1brdg_20201021_1530_WED_15m_NH_highway_TW2_sunny_FHD_090,111.27096557617188,61.98044967651367
Suwon_CH07_20200722_1500_WED_9m_NH_highway_OW5_rainy_FHD_029,106.25016021728516,30.844432830810547
Buan_yeji_20201020_1100_TUE_15m_NH_highway_TW2_sunny_FHD_062,117.40969848632812,45.660125732421875
Suwon_CH10_20200722_1800_WED_9m_NH_highway_TW5_sunny_FHD_041,95.36209869384766,32.96861267089844
Buan_yeji_20201021_1730_WED_15m_NH_highway_TW2_rainy_FHD_069,121.65713500976562,52.474090576171875
Hongcheon_seomgangbrdg_20201019_1900_MON_15m_NH_highway_TW2_sunny_FHD_115,43.62914276123047,63.54880142211914
Cheonan_sajeong_20201020_1330_TUE_15m_NH_highway_TW3_sunny_FHD_112,99.70932006835938,53.24881362915039
Suwon_CH07_20200722_1500_WED_9m_NH_highway_OW5_rainy_FHD_046,112.70206451416016,31.074493408203125
Hongcheon_seomgangbrdg_20201020_1400_TUE_15m_NH_highway_TW2_sunny_FHD_081,129.29476928710938,77.05506134033203
Gangneung_hyangho2brdg_20201020_0830_TUE_15m_NH_highway_TW2_sunny_FHD_090,116.82304382324219,51.97639465332031
Chungju_chujeomtunnel(changwon)_20201020_1130_TUE_15m_RH_highway_OW2_sunny_FHD_100,108.98892211914062,59.77171325683594
Suwon_CH06_20200721_1630_TUE_9m_NH_highway_OW5_sunny_FHD_078,107.55854797363281,27.230575561523438
Chungju_jogogli_20201020_0800_TUE_15m_NH_highway_TW2_fog_FHD_120,134.31610107421875,46.79296112060547
Gangneung_wichon2brdg_20201021_1930_WED_15m_NH_highway_TW2_sunny_FHD_012,122.08612060546875,68.18196868896484
Chungju_chujeomtunnel(yangpyeong)_20201020_0730_TUE_15m_NH_highway_OW2_fog_FHD_055,116.26798248291016,53.838382720947266
Chungju_chujeomtunnel(yangpyeong)_20201020_0730_TUE_15m_NH_highway_OW2_fog_FHD_009,119.6942138671875,54.81966018676758
Jeonju_gudeog_20201019_2000_MON_15m_NH_highway_TW3_sunny_FHD_030,87.38108825683594,46.49696731567383
Suwon_CH06_20200721_1630_TUE_9m_NH_highway_OW5_sunny_FHD_053,109.22787475585938,28.755123138427734
Cheonan_sajeong_20201020_1330_TUE_15m_NH_highway_TW3_sunny_FHD_068,103.28471374511719,55.27899932861328
Chungju_jogogli_20201020_0800_TUE_15m_NH_highway_TW2_fog_FHD_047,134.1396484375,47.51356506347656
Suwon_CH07_20200722_1500_WED_9m_NH_highway_OW5_rainy_FHD_045,111.55774688720703,30.188871383666992
Chungju_jogogli_20201020_0800_TUE_15m_NH_highway_TW2_fog_FHD_033,134.76246643066406,48.39875030517578
Gangneung_hyangho2brdg_20201021_1730_WED_15m_NH_highway_TW2_sunny_FHD_011,137.2696533203125,57.5186653137207
Gangneung_hyangho1brdg_20201021_1130_WED_15m_NH_highway_TW2_sunny_FHD_004,118.849365234375,65.51760864257812
Suwon_CH04_20200720_1600_MON_9m_NH_highway_OW5_sunny_FHD_002,107.2323989868164,35.309730529785156
Gangneung_hyangho2brdg_20201021_1730_WED_15m_NH_highway_TW2_sunny_FHD_020,134.39173889160156,57.217445373535156
Gangneung_hyangho2brdg_20201021_1730_WED_15m_NH_highway_TW2_sunny_FHD_019,135.28140258789062,57.245330810546875
Hongcheon_seomgangbrdg_20201019_1900_MON_15m_NH_highway_TW2_sunny_FHD_000,43.99858093261719,72.37067413330078
Suwon_CH04_20200722_1800_WED_9m_NH_highway_OW5_sunny_FHD_014,97.80927276611328,32.40763854980469
Gangneung_hyangho2brdg_20201020_0830_TUE_15m_NH_highway_TW2_sunny_FHD_058,115.25617218017578,49.14540100097656
Suwon_CH06_20200722_1430_WED_9m_NH_highway_OW5_rainy_FHD_033,100.15885162353516,18.935840606689453
Hongcheon_gwanggyeog1brdg_20201021_1530_WED_15m_NH_highway_TW2_sunny_FHD_011,94.99130249023438,57.267337799072266
Suwon_CH08_20200722_1500_WED_9m_NH_highway_OW5_rainy_FHD_011,103.39220428466797,16.741390228271484
Suwon_CH01_20200722_1500_WED_9m_NH_highway_TW5_rainy_FHD_048,112.59732055664062,13.243216514587402
Suwon_CH10_20200722_1800_WED_9m_NH_highway_TW5_sunny_FHD_020,93.87608337402344,40.45353698730469
Gangneung_wichon2brdg_20201021_1930_WED_15m_NH_highway_TW2_sunny_FHD_026,122.42864990234375,68.67769622802734
Suwon_CH07_20200722_1500_WED_9m_NH_highway_OW5_rainy_FHD_012,110.54219055175781,28.389835357666016
Buan_yeji_20201021_0730_WED_15m_NH_highway_TW2_sunny_FHD_108,126.58733367919922,53.4543571472168
Suwon_CH01_20200722_1500_WED_9m_NH_highway_TW5_rainy_FHD_026,109.0917739868164,15.762622833251953
Hongcheon_gwanggyeog1brdg_20201021_1530_WED_15m_NH_highway_TW2_sunny_FHD_005,108.23485565185547,61.872825622558594
Suwon_CH04_20200722_1800_WED_9m_NH_highway_OW5_sunny_FHD_022,98.86905670166016,35.21806716918945
Gangneung_hyangho2brdg_20201020_0830_TUE_15m_NH_highway_TW2_sunny_FHD_110,118.21034240722656,52.437191009521484
Hongcheon_seomgangbrdg_20201019_1900_MON_15m_NH_highway_TW2_sunny_FHD_026,50.35053253173828,70.36589813232422
Suwon_CH08_20200722_1500_WED_9m_NH_highway_OW5_rainy_FHD_043,108.52731323242188,18.274898529052734
Suwon_CH07_20200722_1500_WED_9m_NH_highway_OW5_rainy_FHD_013,95.99353790283203,14.953696250915527
Buan_yeji_20201021_0730_WED_15m_NH_highway_TW2_sunny_FHD_022,124.37928009033203,55.46409606933594
Suwon_CH08_20200722_1500_WED_9m_NH_highway_OW5_rainy_FHD_002,100.33089447021484,16.441448211669922
Suwon_CH06_20200722_1430_WED_9m_NH_highway_OW5_rainy_FHD_037,92.65278625488281,18.977859497070312
Jeonju_deungcheon_20201021_1300_WED_10m_NH_highway_TW2_sunny_FHD_122,106.91551971435547,41.04388427734375
Jeonju_deungcheon_20201021_1300_WED_10m_NH_highway_TW2_sunny_FHD_052,113.06391906738281,43.75128936767578
Jeonju_deungcheon_20201021_1300_WED_10m_NH_highway_TW2_sunny_FHD_013,112.47245025634766,40.49349594116211
Buan_yeji_20201020_1100_TUE_15m_NH_highway_TW2_sunny_FHD_053,115.96117401123047,45.4915771484375
Suwon_CH01_20200722_1500_WED_9m_NH_highway_TW5_rainy_FHD_029,110.13345336914062,12.763948440551758
Suwon_CH08_20200722_1500_WED_9m_NH_highway_OW5_rainy_FHD_020,105.79033660888672,18.00442886352539
Gangneung_hyangho2brdg_20201020_0830_TUE_15m_NH_highway_TW2_sunny_FHD_038,113.76410675048828,47.35852813720703
Suwon_CH05_20200722_1900_WED_9m_NH_highway_OW5_sunny_FHD_044,88.32189178466797,30.076480865478516
Gangneung_hyangho2brdg_20201020_0830_TUE_15m_NH_highway_TW2_sunny_FHD_116,119.0693588256836,53.13945007324219
Suwon_CH06_20200722_1430_WED_9m_NH_highway_OW5_rainy_FHD_021,91.27183532714844,33.997230529785156
Gangneung_hyangho2brdg_20201020_0830_TUE_15m_NH_highway_TW2_sunny_FHD_012,120.39361572265625,48.332523345947266
Suwon_CH04_20200720_1600_MON_9m_NH_highway_OW5_sunny_FHD_018,96.24090576171875,23.54640769958496
Gangneung_wichon2brdg_20201021_1930_WED_15m_NH_highway_TW2_sunny_FHD_097,121.10536193847656,67.51895904541016
Gangneung_wichon2brdg_20201021_1930_WED_15m_NH_highway_TW2_sunny_FHD_118,121.12654876708984,67.04350280761719
Suwon_CH05_20200722_1900_WED_9m_NH_highway_OW5_sunny_FHD_018,87.07209014892578,31.726566314697266
Gangneung_wichon2brdg_20201021_1930_WED_15m_NH_highway_TW2_sunny_FHD_032,125.78148651123047,71.24092102050781
Buan_yeji_20201020_1100_TUE_15m_NH_highway_TW2_sunny_FHD_024,120.68515014648438,45.840633392333984
Jeonju_deungcheon_20201021_1300_WED_10m_NH_highway_TW2_sunny_FHD_035,111.52796173095703,39.43831253051758
Suwon_CH05_20200722_1900_WED_9m_NH_highway_OW5_sunny_FHD_009,81.92007446289062,18.49919891357422
Suwon_CH10_20200722_1800_WED_9m_NH_highway_TW5_sunny_FHD_043,90.57131958007812,39.96257400512695
Suwon_CH05_20200722_1900_WED_9m_NH_highway_OW5_sunny_FHD_045,87.30857849121094,29.882410049438477
Suwon_CH04_20200720_1600_MON_9m_NH_highway_OW5_sunny_FHD_016,97.77727508544922,27.383813858032227
Suwon_CH01_20200722_1500_WED_9m_NH_highway_TW5_rainy_FHD_004,109.23889923095703,15.172980308532715
Gangneung_wichon2brdg_20201021_1930_WED_15m_NH_highway_TW2_sunny_FHD_080,122.82957458496094,67.92985534667969
Jeonju_deungcheon_20201021_1300_WED_10m_NH_highway_TW2_sunny_FHD_108,110.10696411132812,40.13467025756836
Suwon_CH07_20200722_1500_WED_9m_NH_highway_OW5_rainy_FHD_044,98.97373962402344,15.876845359802246
Suwon_CH10_20200722_1800_WED_9m_NH_highway_TW5_sunny_FHD_049,94.6633071899414,33.09807205200195
Suwon_CH05_20200722_1900_WED_9m_NH_highway_OW5_sunny_FHD_013,85.97245788574219,32.97632598876953
Suwon_CH01_20200722_1500_WED_9m_NH_highway_TW5_rainy_FHD_030,109.12466430664062,13.101649284362793
Suwon_CH10_20200722_1800_WED_9m_NH_highway_TW5_sunny_FHD_032,93.13394165039062,39.58372497558594
Jeonju_deungcheon_20201021_1300_WED_10m_NH_highway_TW2_sunny_FHD_004,114.62693786621094,41.35078048706055
Buan_yeji_20201020_1100_TUE_15m_NH_highway_TW2_sunny_FHD_025,120.86885070800781,45.95634460449219
Suwon_CH07_20200722_1500_WED_9m_NH_highway_OW5_rainy_FHD_048,109.74327850341797,38.00648880004883
Suwon_CH04_20200720_1600_MON_9m_NH_highway_OW5_sunny_FHD_017,96.39794158935547,25.0693302154541
Buan_yeji_20201020_1100_TUE_15m_NH_highway_TW2_sunny_FHD_000,117.06909942626953,45.12224578857422
Jeonju_deungcheon_20201021_1300_WED_10m_NH_highway_TW2_sunny_FHD_083,111.97128295898438,41.25449752807617
Suwon_CH07_20200722_1500_WED_9m_NH_highway_OW5_rainy_FHD_042,103.83295440673828,33.128875732421875
Suwon_CH04_20200720_1600_MON_9m_NH_highway_OW5_sunny_FHD_006,94.10664367675781,20.982402801513672
Jeonju_deungcheon_20201021_1300_WED_10m_NH_highway_TW2_sunny_FHD_063,113.15018463134766,56.04963302612305
Suwon_CH10_20200722_1800_WED_9m_NH_highway_TW5_sunny_FHD_005,97.18983459472656,42.21691131591797
Suwon_CH04_20200720_1600_MON_9m_NH_highway_OW5_sunny_FHD_015,103.09603118896484,31.144393920898438
Suwon_CH04_20200720_1600_MON_9m_NH_highway_OW5_sunny_FHD_024,104.52869415283203,30.479782104492188
