scene_id,clip_id,lane_id,carriageway,direction,shoulder,frames,mean_count,occ_ground_mean,occ_ground_p90,occ_px_mean
Buan_daemog_20201019_1730_MON_15m_NH_highway_TW2_sunny_FHD,Buan_daemog_20201019_1730_MON_15m_NH_highway_TW2_sunny_FHD,1,0,toward,True,126,0.0,0.0,0.0,0.0
Buan_daemog_20201019_1730_MON_15m_NH_highway_TW2_sunny_FHD,Buan_daemog_20201019_1730_MON_15m_NH_highway_TW2_sunny_FHD,2,0,toward,False,126,1.02,0.0466,0.1596,0.0321
Buan_daemog_20201019_1730_MON_15m_NH_highway_TW2_sunny_FHD,Buan_daemog_20201019_1730_MON_15m_NH_highway_TW2_sunny_FHD,3,0,toward,False,126,1.21,0.0362,0.128,0.0264
Buan_daemog_20201019_1730_MON_15m_NH_highway_TW2_sunny_FHD,Buan_daemog_20201019_1730_MON_15m_NH_highway_TW2_sunny_FHD,4,1,away,False,126,1.58,0.0234,0.0953,0.0201
Buan_daemog_20201019_1730_MON_15m_NH_highway_TW2_sunny_FHD,Buan_daemog_20201019_1730_MON_15m_NH_highway_TW2_sunny_FHD,5,1,away,False,126,1.41,0.0248,0.0738,0.0214
Buan_daemog_20201019_1730_MON_15m_NH_highway_TW2_sunny_FHD,Buan_daemog_20201019_1730_MON_15m_NH_highway_TW2_sunny_FHD,6,1,away,True,126,0.04,0.0,0.0,0.0002
Buan_daemog_20201020_1130_TUE_15m_NH_highway_TW2_sunny_FHD,Buan_daemog_20201020_1130_TUE_15m_NH_highway_TW2_sunny_FHD,1,0,toward,False,98,1.14,0.0324,0.0872,0.025
Buan_daemog_20201020_1130_TUE_15m_NH_highway_TW2_sunny_FHD,Buan_daemog_20201020_1130_TUE_15m_NH_highway_TW2_sunny_FHD,2,0,toward,False,98,2.01,0.0347,0.1214,0.0424
Buan_daemog_20201020_1130_TUE_15m_NH_highway_TW2_sunny_FHD,Buan_daemog_20201020_1130_TUE_15m_NH_highway_TW2_sunny_FHD,3,1,away,False,98,0.85,0.0283,0.1232,0.0188
Buan_daemog_20201020_1130_TUE_15m_NH_highway_TW2_sunny_FHD,Buan_daemog_20201020_1130_TUE_15m_NH_highway_TW2_sunny_FHD,4,1,away,False,98,1.32,0.0565,0.2353,0.0437
Buan_daemog_20201020_1130_TUE_15m_NH_highway_TW2_sunny_FHD,Buan_daemog_20201020_1130_TUE_15m_NH_highway_TW2_sunny_FHD,5,1,away,True,98,0.04,0.0,0.0,0.0
Buan_daemog_20201020_1630_TUE_15m_NH_highway_TW2_sunny_FHD__view0,Buan_daemog_20201020_1630_TUE_15m_NH_highway_TW2_sunny_FHD,1,0,toward,False,74,1.2,0.0286,0.0751,0.027
Buan_daemog_20201020_1630_TUE_15m_NH_highway_TW2_sunny_FHD__view0,Buan_daemog_20201020_1630_TUE_15m_NH_highway_TW2_sunny_FHD,2,0,toward,False,74,2.84,0.0662,0.1834,0.0557
Buan_daemog_20201020_1630_TUE_15m_NH_highway_TW2_sunny_FHD__view0,Buan_daemog_20201020_1630_TUE_15m_NH_highway_TW2_sunny_FHD,3,1,away,False,74,1.03,0.0325,0.1147,0.0315
Buan_daemog_20201020_1630_TUE_15m_NH_highway_TW2_sunny_FHD__view0,Buan_daemog_20201020_1630_TUE_15m_NH_highway_TW2_sunny_FHD,4,1,away,False,74,1.3,0.069,0.308,0.0453
Buan_daemog_20201020_1630_TUE_15m_NH_highway_TW2_sunny_FHD__view0,Buan_daemog_20201020_1630_TUE_15m_NH_highway_TW2_sunny_FHD,5,1,away,True,74,0.08,0.0,0.0,0.0
Buan_daemog_20201020_1630_TUE_15m_NH_highway_TW2_sunny_FHD__view1,Buan_daemog_20201020_1630_TUE_15m_NH_highway_TW2_sunny_FHD,1,0,toward,True,51,0.0,0.0,0.0,0.0
Buan_daemog_20201020_1630_TUE_15m_NH_highway_TW2_sunny_FHD__view1,Buan_daemog_20201020_1630_TUE_15m_NH_highway_TW2_sunny_FHD,2,0,toward,False,51,1.29,0.0548,0.1962,0.038
Buan_daemog_20201020_1630_TUE_15m_NH_highway_TW2_sunny_FHD__view1,Buan_daemog_20201020_1630_TUE_15m_NH_highway_TW2_sunny_FHD,3,0,toward,False,51,1.18,0.035,0.1119,0.033
Buan_daemog_20201020_1630_TUE_15m_NH_highway_TW2_sunny_FHD__view1,Buan_daemog_20201020_1630_TUE_15m_NH_highway_TW2_sunny_FHD,4,1,away,False,51,2.0,0.04,0.1252,0.0252
Buan_daemog_20201020_1630_TUE_15m_NH_highway_TW2_sunny_FHD__view1,Buan_daemog_20201020_1630_TUE_15m_NH_highway_TW2_sunny_FHD,5,1,away,False,51,1.33,0.0217,0.066,0.021
Buan_daemog_20201020_1630_TUE_15m_NH_highway_TW2_sunny_FHD__view1,Buan_daemog_20201020_1630_TUE_15m_NH_highway_TW2_sunny_FHD,6,1,away,True,51,0.02,0.0002,0.0,0.0004
Buan_dongjisan_20201021_0800_WED_15m_NH_highway_TW2_sunny_FHD,Buan_dongjisan_20201021_0800_WED_15m_NH_highway_TW2_sunny_FHD,1,0,toward,True,65,0.0,0.0,0.0,0.0
Buan_dongjisan_20201021_0800_WED_15m_NH_highway_TW2_sunny_FHD,Buan_dongjisan_20201021_0800_WED_15m_NH_highway_TW2_sunny_FHD,2,0,toward,False,65,0.54,0.0456,0.1901,0.0289
Buan_dongjisan_20201021_0800_WED_15m_NH_highway_TW2_sunny_FHD,Buan_dongjisan_20201021_0800_WED_15m_NH_highway_TW2_sunny_FHD,3,0,toward,False,65,0.18,0.0101,0.0,0.0041
Buan_dongjisan_20201021_0800_WED_15m_NH_highway_TW2_sunny_FHD,Buan_dongjisan_20201021_0800_WED_15m_NH_highway_TW2_sunny_FHD,4,1,away,False,65,0.68,0.0251,0.1369,0.021
Buan_dongjisan_20201021_0800_WED_15m_NH_highway_TW2_sunny_FHD,Buan_dongjisan_20201021_0800_WED_15m_NH_highway_TW2_sunny_FHD,5,1,away,False,65,0.85,0.0252,0.0874,0.0205
Buan_dongjisan_20201021_0800_WED_15m_NH_highway_TW2_sunny_FHD,Buan_dongjisan_20201021_0800_WED_15m_NH_highway_TW2_sunny_FHD,6,1,away,True,65,0.35,0.0,0.0,0.0008
Buan_dongjisan_20201021_1300_WED_15m_NH_highway_TW2_sunny_FHD,Buan_dongjisan_20201021_1300_WED_15m_NH_highway_TW2_sunny_FHD,1,0,toward,False,76,0.11,0.0,0.0,0.0001
Buan_dongjisan_20201021_1300_WED_15m_NH_highway_TW2_sunny_FHD,Buan_dongjisan_20201021_1300_WED_15m_NH_highway_TW2_sunny_FHD,2,0,toward,False,76,1.71,0.0249,0.0783,0.0222
Buan_dongjisan_20201021_1300_WED_15m_NH_highway_TW2_sunny_FHD,Buan_dongjisan_20201021_1300_WED_15m_NH_highway_TW2_sunny_FHD,3,0,toward,False,76,1.49,0.0268,0.1201,0.0294
Buan_dongjisan_20201021_1300_WED_15m_NH_highway_TW2_sunny_FHD,Buan_dongjisan_20201021_1300_WED_15m_NH_highway_TW2_sunny_FHD,4,1,away,False,76,0.83,0.0298,0.1154,0.0219
Buan_dongjisan_20201021_1300_WED_15m_NH_highway_TW2_sunny_FHD,Buan_dongjisan_20201021_1300_WED_15m_NH_highway_TW2_sunny_FHD,5,1,away,False,76,0.8,0.041,0.1578,0.0276
Buan_dongjisan_20201021_1300_WED_15m_NH_highway_TW2_sunny_FHD,Buan_dongjisan_20201021_1300_WED_15m_NH_highway_TW2_sunny_FHD,6,1,away,True,76,0.0,0.0,0.0,0.0
Buan_jongsin_20201019_1600_MON_15m_NH_highway_TW2_sunny_FHD,Buan_jongsin_20201019_1600_MON_15m_NH_highway_TW2_sunny_FHD,1,0,toward,True,83,0.0,0.0,0.0,0.0
Buan_jongsin_20201019_1600_MON_15m_NH_highway_TW2_sunny_FHD,Buan_jongsin_20201019_1600_MON_15m_NH_highway_TW2_sunny_FHD,2,0,toward,False,83,1.58,0.0745,0.209,0.0477
Buan_jongsin_20201019_1600_MON_15m_NH_highway_TW2_sunny_FHD,Buan_jongsin_20201019_1600_MON_15m_NH_highway_TW2_sunny_FHD,3,0,toward,False,83,1.59,0.0412,0.1157,0.0337
Buan_jongsin_20201019_1600_MON_15m_NH_highway_TW2_sunny_FHD,Buan_jongsin_20201019_1600_MON_15m_NH_highway_TW2_sunny_FHD,4,1,away,False,83,2.35,0.0326,0.0969,0.0287
Buan_jongsin_20201019_1600_MON_15m_NH_highway_TW2_sunny_FHD,Buan_jongsin_20201019_1600_MON_15m_NH_highway_TW2_sunny_FHD,5,1,away,False,83,1.36,0.0395,0.1218,0.0257
Buan_jongsin_20201019_1600_MON_15m_NH_highway_TW2_sunny_FHD,Buan_jongsin_20201019_1600_MON_15m_NH_highway_TW2_sunny_FHD,6,1,away,True,83,0.1,0.0005,0.0,0.0024
Buan_jongsin_20201020_1130_TUE_15m_NH_highway_TW2_sunny_FHD,Buan_jongsin_20201020_1130_TUE_15m_NH_highway_TW2_sunny_FHD,1,0,toward,False,97,0.21,0.0016,0.0,0.0064
Buan_jongsin_20201020_1130_TUE_15m_NH_highway_TW2_sunny_FHD,Buan_jongsin_20201020_1130_TUE_15m_NH_highway_TW2_sunny_FHD,2,0,toward,False,97,1.64,0.0354,0.0966,0.0305
Buan_jongsin_20201020_1130_TUE_15m_NH_highway_TW2_sunny_FHD,Buan_jongsin_20201020_1130_TUE_15m_NH_highway_TW2_sunny_FHD,3,0,toward,False,97,1.4,0.0487,0.158,0.0429
Buan_jongsin_20201020_1130_TUE_15m_NH_highway_TW2_sunny_FHD,Buan_jongsin_20201020_1130_TUE_15m_NH_highway_TW2_sunny_FHD,4,1,away,False,97,1.48,0.04,0.1082,0.0278
Buan_jongsin_20201020_1130_TUE_15m_NH_highway_TW2_sunny_FHD,Buan_jongsin_20201020_1130_TUE_15m_NH_highway_TW2_sunny_FHD,5,1,away,False,97,1.22,0.0869,0.2739,0.054
Buan_jongsin_20201020_1130_TUE_15m_NH_highway_TW2_sunny_FHD,Buan_jongsin_20201020_1130_TUE_15m_NH_highway_TW2_sunny_FHD,6,1,away,True,97,0.0,0.0,0.0,0.0
Buan_jongsin_20201020_1630_TUE_15m_NH_highway_TW2_sunny_FHD__view0,Buan_jongsin_20201020_1630_TUE_15m_NH_highway_TW2_sunny_FHD,1,0,toward,True,60,0.0,0.0,0.0,0.0
Buan_jongsin_20201020_1630_TUE_15m_NH_highway_TW2_sunny_FHD__view0,Buan_jongsin_20201020_1630_TUE_15m_NH_highway_TW2_sunny_FHD,2,0,toward,False,60,4.07,0.1622,0.348,0.1401
Buan_jongsin_20201020_1630_TUE_15m_NH_highway_TW2_sunny_FHD__view0,Buan_jongsin_20201020_1630_TUE_15m_NH_highway_TW2_sunny_FHD,3,0,toward,False,60,4.05,0.0979,0.2233,0.0788
Buan_jongsin_20201020_1630_TUE_15m_NH_highway_TW2_sunny_FHD__view0,Buan_jongsin_20201020_1630_TUE_15m_NH_highway_TW2_sunny_FHD,4,1,away,False,60,4.42,0.0982,0.2505,0.0765
Buan_jongsin_20201020_1630_TUE_15m_NH_highway_TW2_sunny_FHD__view0,Buan_jongsin_20201020_1630_TUE_15m_NH_highway_TW2_sunny_FHD,5,1,away,False,60,4.53,0.0959,0.1752,0.075
Buan_jongsin_20201020_1630_TUE_15m_NH_highway_TW2_sunny_FHD__view0,Buan_jongsin_20201020_1630_TUE_15m_NH_highway_TW2_sunny_FHD,6,1,away,True,60,0.38,0.0001,0.0,0.0017
Buan_jongsin_20201020_1630_TUE_15m_NH_highway_TW2_sunny_FHD__view1,Buan_jongsin_20201020_1630_TUE_15m_NH_highway_TW2_sunny_FHD,1,0,toward,False,35,0.66,0.0,0.0,0.0001
Buan_jongsin_20201020_1630_TUE_15m_NH_highway_TW2_sunny_FHD__view1,Buan_jongsin_20201020_1630_TUE_15m_NH_highway_TW2_sunny_FHD,2,0,toward,False,35,1.83,0.0533,0.1298,0.0333
Buan_jongsin_20201020_1630_TUE_15m_NH_highway_TW2_sunny_FHD__view1,Buan_jongsin_20201020_1630_TUE_15m_NH_highway_TW2_sunny_FHD,3,0,toward,False,35,1.77,0.051,0.1709,0.0437
Buan_jongsin_20201020_1630_TUE_15m_NH_highway_TW2_sunny_FHD__view1,Buan_jongsin_20201020_1630_TUE_15m_NH_highway_TW2_sunny_FHD,4,1,away,False,35,1.31,0.0366,0.0886,0.0371
Buan_jongsin_20201020_1630_TUE_15m_NH_highway_TW2_sunny_FHD__view1,Buan_jongsin_20201020_1630_TUE_15m_NH_highway_TW2_sunny_FHD,5,1,away,False,35,1.2,0.0734,0.1801,0.0566
Buan_jongsin_20201020_1630_TUE_15m_NH_highway_TW2_sunny_FHD__view1,Buan_jongsin_20201020_1630_TUE_15m_NH_highway_TW2_sunny_FHD,6,1,away,True,35,0.0,0.0,0.0,0.0
Buan_jongsin_20201021_1030_WED_15m_NH_highway_TW2_sunny_FHD,Buan_jongsin_20201021_1030_WED_15m_NH_highway_TW2_sunny_FHD,1,0,toward,True,122,0.01,0.0,0.0,0.0
Buan_jongsin_20201021_1030_WED_15m_NH_highway_TW2_sunny_FHD,Buan_jongsin_20201021_1030_WED_15m_NH_highway_TW2_sunny_FHD,2,0,toward,False,122,3.77,0.1556,0.3499,0.1289
Buan_jongsin_20201021_1030_WED_15m_NH_highway_TW2_sunny_FHD,Buan_jongsin_20201021_1030_WED_15m_NH_highway_TW2_sunny_FHD,3,0,toward,True,122,0.01,0.0001,0.0,0.0005
Buan_jongsin_20201021_1030_WED_15m_NH_highway_TW2_sunny_FHD,Buan_jongsin_20201021_1030_WED_15m_NH_highway_TW2_sunny_FHD,4,1,away,False,122,1.93,0.0264,0.0962,0.018
Buan_jongsin_20201021_1030_WED_15m_NH_highway_TW2_sunny_FHD,Buan_jongsin_20201021_1030_WED_15m_NH_highway_TW2_sunny_FHD,5,1,away,False,122,1.81,0.0325,0.091,0.0301
Buan_jongsin_20201021_1030_WED_15m_NH_highway_TW2_sunny_FHD,Buan_jongsin_20201021_1030_WED_15m_NH_highway_TW2_sunny_FHD,6,1,away,True,122,0.0,0.0,0.0,0.0
Buan_jongsin_20201021_1530_WED_15m_NH_highway_TW2_rainy_FHD,Buan_jongsin_20201021_1530_WED_15m_NH_highway_TW2_rainy_FHD,1,0,toward,False,105,1.46,0.0002,0.0,0.0024
Buan_jongsin_20201021_1530_WED_15m_NH_highway_TW2_rainy_FHD,Buan_jongsin_20201021_1530_WED_15m_NH_highway_TW2_rainy_FHD,2,0,toward,False,105,1.96,0.0415,0.1178,0.0365
Buan_jongsin_20201021_1530_WED_15m_NH_highway_TW2_rainy_FHD,Buan_jongsin_20201021_1530_WED_15m_NH_highway_TW2_rainy_FHD,3,0,toward,False,105,2.01,0.0407,0.1309,0.0342
Buan_jongsin_20201021_1530_WED_15m_NH_highway_TW2_rainy_FHD,Buan_jongsin_20201021_1530_WED_15m_NH_highway_TW2_rainy_FHD,4,1,away,False,105,4.22,0.1341,0.2672,0.1124
Buan_jongsin_20201021_1530_WED_15m_NH_highway_TW2_rainy_FHD,Buan_jongsin_20201021_1530_WED_15m_NH_highway_TW2_rainy_FHD,5,1,away,True,105,0.68,0.0,0.0,0.0014
Buan_jongsin_20201021_1530_WED_15m_NH_highway_TW2_rainy_FHD,Buan_jongsin_20201021_1530_WED_15m_NH_highway_TW2_rainy_FHD,6,1,away,True,105,0.96,0.0,0.0,0.0003
Buan_soju2brdg_20201020_0800_TUE_15m_NH_highway_TW2_fog_FHD,Buan_soju2brdg_20201020_0800_TUE_15m_NH_highway_TW2_fog_FHD,1,0,toward,True,88,0.0,0.0,0.0,0.0
Buan_soju2brdg_20201020_0800_TUE_15m_NH_highway_TW2_fog_FHD,Buan_soju2brdg_20201020_0800_TUE_15m_NH_highway_TW2_fog_FHD,2,0,toward,False,88,0.39,0.0328,0.128,0.0239
Buan_soju2brdg_20201020_0800_TUE_15m_NH_highway_TW2_fog_FHD,Buan_soju2brdg_20201020_0800_TUE_15m_NH_highway_TW2_fog_FHD,3,0,toward,False,88,0.27,0.0251,0.1395,0.0154
Buan_soju2brdg_20201020_0800_TUE_15m_NH_highway_TW2_fog_FHD,Buan_soju2brdg_20201020_0800_TUE_15m_NH_highway_TW2_fog_FHD,4,1,away,False,88,0.23,0.0127,0.0827,0.0067
Buan_soju2brdg_20201020_0800_TUE_15m_NH_highway_TW2_fog_FHD,Buan_soju2brdg_20201020_0800_TUE_15m_NH_highway_TW2_fog_FHD,5,1,away,False,88,0.42,0.02,0.0824,0.0233
Buan_soju2brdg_20201020_0800_TUE_15m_NH_highway_TW2_fog_FHD,Buan_soju2brdg_20201020_0800_TUE_15m_NH_highway_TW2_fog_FHD,6,1,away,True,88,0.0,0.0,0.0,0.0
Buan_soju2brdg_20201020_1300_TUE_15m_NH_highway_TW2_sunny_FHD,Buan_soju2brdg_20201020_1300_TUE_15m_NH_highway_TW2_sunny_FHD,1,0,toward,True,96,0.04,0.0005,0.0,0.0003
Buan_soju2brdg_20201020_1300_TUE_15m_NH_highway_TW2_sunny_FHD,Buan_soju2brdg_20201020_1300_TUE_15m_NH_highway_TW2_sunny_FHD,2,0,toward,False,96,4.06,0.1003,0.1882,0.0668
Buan_soju2brdg_20201020_1300_TUE_15m_NH_highway_TW2_sunny_FHD,Buan_soju2brdg_20201020_1300_TUE_15m_NH_highway_TW2_sunny_FHD,3,0,toward,False,96,1.86,0.0194,0.0691,0.0317
Buan_soju2brdg_20201020_1300_TUE_15m_NH_highway_TW2_sunny_FHD,Buan_soju2brdg_20201020_1300_TUE_15m_NH_highway_TW2_sunny_FHD,4,1,away,False,96,3.01,0.0544,0.1655,0.0494
Buan_soju2brdg_20201020_1300_TUE_15m_NH_highway_TW2_sunny_FHD,Buan_soju2brdg_20201020_1300_TUE_15m_NH_highway_TW2_sunny_FHD,5,1,away,False,96,2.64,0.1675,0.3692,0.1251
Buan_soju2brdg_20201020_1300_TUE_15m_NH_highway_TW2_sunny_FHD,Buan_soju2brdg_20201020_1300_TUE_15m_NH_highway_TW2_sunny_FHD,6,1,away,True,96,0.46,0.0,0.0,0.0
Buan_soju2brdg_20201021_0830_WED_15m_NH_highway_TW2_sunny_FHD__view0,Buan_soju2brdg_20201021_0830_WED_15m_NH_highway_TW2_sunny_FHD,1,0,toward,True,73,0.03,0.0012,0.0,0.0039
Buan_soju2brdg_20201021_0830_WED_15m_NH_highway_TW2_sunny_FHD__view0,Buan_soju2brdg_20201021_0830_WED_15m_NH_highway_TW2_sunny_FHD,2,0,toward,False,73,1.26,0.1167,0.3454,0.0998
Buan_soju2brdg_20201021_0830_WED_15m_NH_highway_TW2_sunny_FHD__view0,Buan_soju2brdg_20201021_0830_WED_15m_NH_highway_TW2_sunny_FHD,3,0,toward,False,73,1.0,0.0403,0.1032,0.0418
Buan_soju2brdg_20201021_0830_WED_15m_NH_highway_TW2_sunny_FHD__view0,Buan_soju2brdg_20201021_0830_WED_15m_NH_highway_TW2_sunny_FHD,4,1,away,False,73,1.73,0.0479,0.1426,0.0423
Buan_soju2brdg_20201021_0830_WED_15m_NH_highway_TW2_sunny_FHD__view0,Buan_soju2brdg_20201021_0830_WED_15m_NH_highway_TW2_sunny_FHD,5,1,away,False,73,1.96,0.0563,0.1432,0.0473
Buan_soju2brdg_20201021_0830_WED_15m_NH_highway_TW2_sunny_FHD__view0,Buan_soju2brdg_20201021_0830_WED_15m_NH_highway_TW2_sunny_FHD,6,1,away,False,73,1.37,0.0058,0.0079,0.002
Buan_soju2brdg_20201021_0830_WED_15m_NH_highway_TW2_sunny_FHD__view1,Buan_soju2brdg_20201021_0830_WED_15m_NH_highway_TW2_sunny_FHD,1,0,toward,False,17,0.06,0.0042,0.0,0.0015
Buan_soju2brdg_20201021_0830_WED_15m_NH_highway_TW2_sunny_FHD__view1,Buan_soju2brdg_20201021_0830_WED_15m_NH_highway_TW2_sunny_FHD,2,0,toward,False,17,0.41,0.0081,0.0,0.0067
Buan_soju2brdg_20201021_0830_WED_15m_NH_highway_TW2_sunny_FHD__view1,Buan_soju2brdg_20201021_0830_WED_15m_NH_highway_TW2_sunny_FHD,3,0,toward,False,17,1.35,0.0438,0.131,0.0698
Buan_soju2brdg_20201021_0830_WED_15m_NH_highway_TW2_sunny_FHD__view1,Buan_soju2brdg_20201021_0830_WED_15m_NH_highway_TW2_sunny_FHD,4,1,away,False,17,0.29,0.0114,0.0388,0.0149
Buan_soju2brdg_20201021_0830_WED_15m_NH_highway_TW2_sunny_FHD__view1,Buan_soju2brdg_20201021_0830_WED_15m_NH_highway_TW2_sunny_FHD,5,1,away,False,17,0.53,0.06,0.2416,0.045
Buan_soju2brdg_20201021_0830_WED_15m_NH_highway_TW2_sunny_FHD__view1,Buan_soju2brdg_20201021_0830_WED_15m_NH_highway_TW2_sunny_FHD,6,1,away,True,17,0.0,0.0,0.0,0.0
Buan_soju2brdg_20201021_1330_WED_15m_NH_highway_TW2_sunny_FHD,Buan_soju2brdg_20201021_1330_WED_15m_NH_highway_TW2_sunny_FHD,1,0,toward,False,86,1.93,0.096,0.2274,0.0705
Buan_soju2brdg_20201021_1330_WED_15m_NH_highway_TW2_sunny_FHD,Buan_soju2brdg_20201021_1330_WED_15m_NH_highway_TW2_sunny_FHD,2,0,toward,False,86,1.84,0.0766,0.2291,0.0703
Buan_soju2brdg_20201021_1330_WED_15m_NH_highway_TW2_sunny_FHD,Buan_soju2brdg_20201021_1330_WED_15m_NH_highway_TW2_sunny_FHD,3,1,away,False,86,3.02,0.0949,0.2263,0.0789
Buan_soju2brdg_20201021_1330_WED_15m_NH_highway_TW2_sunny_FHD,Buan_soju2brdg_20201021_1330_WED_15m_NH_highway_TW2_sunny_FHD,4,1,away,False,86,2.41,0.0667,0.1366,0.0569
Buan_soju2brdg_20201021_1330_WED_15m_NH_highway_TW2_sunny_FHD,Buan_soju2brdg_20201021_1330_WED_15m_NH_highway_TW2_sunny_FHD,5,1,away,False,86,1.08,0.0006,0.0021,0.0005
Buan_yeji_20201019_1600_MON_15m_NH_highway_TW2_sunny_FHD,Buan_yeji_20201019_1600_MON_15m_NH_highway_TW2_sunny_FHD,1,0,toward,True,69,0.0,0.0,0.0,0.0
Buan_yeji_20201019_1600_MON_15m_NH_highway_TW2_sunny_FHD,Buan_yeji_20201019_1600_MON_15m_NH_highway_TW2_sunny_FHD,2,0,toward,False,69,0.48,0.0193,0.0529,0.0179
Buan_yeji_20201019_1600_MON_15m_NH_highway_TW2_sunny_FHD,Buan_yeji_20201019_1600_MON_15m_NH_highway_TW2_sunny_FHD,3,0,toward,False,69,0.26,0.017,0.0,0.0064
Buan_yeji_20201019_1600_MON_15m_NH_highway_TW2_sunny_FHD,Buan_yeji_20201019_1600_MON_15m_NH_highway_TW2_sunny_FHD,4,0,toward,False,69,0.41,0.0164,0.0958,0.0079
Buan_yeji_20201019_1600_MON_15m_NH_highway_TW2_sunny_FHD,Buan_yeji_20201019_1600_MON_15m_NH_highway_TW2_sunny_FHD,5,1,away,False,69,1.12,0.0288,0.076,0.0276
Buan_yeji_20201019_1600_MON_15m_NH_highway_TW2_sunny_FHD,Buan_yeji_20201019_1600_MON_15m_NH_highway_TW2_sunny_FHD,6,1,away,True,69,0.0,0.0,0.0,0.0
Buan_yeji_20201020_1100_TUE_15m_NH_highway_TW2_sunny_FHD,Buan_yeji_20201020_1100_TUE_15m_NH_highway_TW2_sunny_FHD,1,0,toward,True,44,0.0,0.0,0.0,0.0
Buan_yeji_20201020_1100_TUE_15m_NH_highway_TW2_sunny_FHD,Buan_yeji_20201020_1100_TUE_15m_NH_highway_TW2_sunny_FHD,2,0,toward,False,44,0.86,0.0247,0.0891,0.023
Buan_yeji_20201020_1100_TUE_15m_NH_highway_TW2_sunny_FHD,Buan_yeji_20201020_1100_TUE_15m_NH_highway_TW2_sunny_FHD,3,0,toward,False,44,0.7,0.0149,0.0319,0.0158
Buan_yeji_20201020_1100_TUE_15m_NH_highway_TW2_sunny_FHD,Buan_yeji_20201020_1100_TUE_15m_NH_highway_TW2_sunny_FHD,4,1,away,False,44,0.3,0.0132,0.0519,0.0116
Buan_yeji_20201020_1100_TUE_15m_NH_highway_TW2_sunny_FHD,Buan_yeji_20201020_1100_TUE_15m_NH_highway_TW2_sunny_FHD,5,1,away,False,44,0.02,0.0026,0.0,0.0008
Buan_yeji_20201020_1100_TUE_15m_NH_highway_TW2_sunny_FHD,Buan_yeji_20201020_1100_TUE_15m_NH_highway_TW2_sunny_FHD,6,1,away,False,44,0.34,0.0162,0.0821,0.0091
Buan_yeji_20201020_1100_TUE_15m_NH_highway_TW2_sunny_FHD,Buan_yeji_20201020_1100_TUE_15m_NH_highway_TW2_sunny_FHD,7,1,away,True,44,0.0,0.0,0.0,0.0
Buan_yeji_20201021_0730_WED_15m_NH_highway_TW2_sunny_FHD,Buan_yeji_20201021_0730_WED_15m_NH_highway_TW2_sunny_FHD,1,0,toward,True,47,0.0,0.0,0.0,0.0
Buan_yeji_20201021_0730_WED_15m_NH_highway_TW2_sunny_FHD,Buan_yeji_20201021_0730_WED_15m_NH_highway_TW2_sunny_FHD,2,0,toward,False,47,0.3,0.0124,0.0,0.0053
Buan_yeji_20201021_0730_WED_15m_NH_highway_TW2_sunny_FHD,Buan_yeji_20201021_0730_WED_15m_NH_highway_TW2_sunny_FHD,3,0,toward,False,47,0.09,0.0065,0.0,0.0125
Buan_yeji_20201021_0730_WED_15m_NH_highway_TW2_sunny_FHD,Buan_yeji_20201021_0730_WED_15m_NH_highway_TW2_sunny_FHD,4,0,toward,False,47,0.19,0.0097,0.0,0.0079
Buan_yeji_20201021_0730_WED_15m_NH_highway_TW2_sunny_FHD,Buan_yeji_20201021_0730_WED_15m_NH_highway_TW2_sunny_FHD,5,1,away,False,47,1.17,0.0261,0.0673,0.0218
Buan_yeji_20201021_0730_WED_15m_NH_highway_TW2_sunny_FHD,Buan_yeji_20201021_0730_WED_15m_NH_highway_TW2_sunny_FHD,6,1,away,True,47,0.02,0.0,0.0,0.0
Buan_yeji_20201021_1230_WED_15m_NH_highway_TW2_sunny_FHD__view0,Buan_yeji_20201021_1230_WED_15m_NH_highway_TW2_sunny_FHD,1,0,toward,True,47,0.0,0.0,0.0,0.0
Buan_yeji_20201021_1230_WED_15m_NH_highway_TW2_sunny_FHD__view0,Buan_yeji_20201021_1230_WED_15m_NH_highway_TW2_sunny_FHD,2,0,toward,False,47,0.34,0.0241,0.0463,0.0128
Buan_yeji_20201021_1230_WED_15m_NH_highway_TW2_sunny_FHD__view0,Buan_yeji_20201021_1230_WED_15m_NH_highway_TW2_sunny_FHD,3,0,toward,False,47,0.21,0.0198,0.0,0.0276
Buan_yeji_20201021_1230_WED_15m_NH_highway_TW2_sunny_FHD__view0,Buan_yeji_20201021_1230_WED_15m_NH_highway_TW2_sunny_FHD,4,0,toward,False,47,0.36,0.0212,0.0982,0.0196
Buan_yeji_20201021_1230_WED_15m_NH_highway_TW2_sunny_FHD__view0,Buan_yeji_20201021_1230_WED_15m_NH_highway_TW2_sunny_FHD,5,1,away,False,47,1.26,0.0212,0.0591,0.0249
Buan_yeji_20201021_1230_WED_15m_NH_highway_TW2_sunny_FHD__view0,Buan_yeji_20201021_1230_WED_15m_NH_highway_TW2_sunny_FHD,6,1,away,True,47,0.04,0.001,0.0,0.0002
Buan_yeji_20201021_1230_WED_15m_NH_highway_TW2_sunny_FHD__view1,Buan_yeji_20201021_1230_WED_15m_NH_highway_TW2_sunny_FHD,1,0,toward,True,29,0.0,0.0,0.0,0.0
Buan_yeji_20201021_1230_WED_15m_NH_highway_TW2_sunny_FHD__view1,Buan_yeji_20201021_1230_WED_15m_NH_highway_TW2_sunny_FHD,2,0,toward,False,29,1.24,0.0373,0.0991,0.0294
Buan_yeji_20201021_1230_WED_15m_NH_highway_TW2_sunny_FHD__view1,Buan_yeji_20201021_1230_WED_15m_NH_highway_TW2_sunny_FHD,3,0,toward,False,29,0.83,0.0249,0.0975,0.0428
Buan_yeji_20201021_1230_WED_15m_NH_highway_TW2_sunny_FHD__view1,Buan_yeji_20201021_1230_WED_15m_NH_highway_TW2_sunny_FHD,4,1,away,False,29,0.21,0.0156,0.0,0.0128
Buan_yeji_20201021_1230_WED_15m_NH_highway_TW2_sunny_FHD__view1,Buan_yeji_20201021_1230_WED_15m_NH_highway_TW2_sunny_FHD,5,1,away,False,29,0.03,0.0,0.0,0.0015
Buan_yeji_20201021_1230_WED_15m_NH_highway_TW2_sunny_FHD__view1,Buan_yeji_20201021_1230_WED_15m_NH_highway_TW2_sunny_FHD,6,1,away,False,29,0.45,0.0356,0.1405,0.0141
Buan_yeji_20201021_1230_WED_15m_NH_highway_TW2_sunny_FHD__view1,Buan_yeji_20201021_1230_WED_15m_NH_highway_TW2_sunny_FHD,7,1,away,True,29,0.0,0.0,0.0,0.0
Buan_yeji_20201021_1730_WED_15m_NH_highway_TW2_rainy_FHD,Buan_yeji_20201021_1730_WED_15m_NH_highway_TW2_rainy_FHD,1,0,toward,True,66,0.0,0.0,0.0,0.0
Buan_yeji_20201021_1730_WED_15m_NH_highway_TW2_rainy_FHD,Buan_yeji_20201021_1730_WED_15m_NH_highway_TW2_rainy_FHD,2,0,toward,False,66,0.36,0.008,0.0,0.0054
Buan_yeji_20201021_1730_WED_15m_NH_highway_TW2_rainy_FHD,Buan_yeji_20201021_1730_WED_15m_NH_highway_TW2_rainy_FHD,3,0,toward,False,66,0.24,0.0046,0.0,0.0023
Buan_yeji_20201021_1730_WED_15m_NH_highway_TW2_rainy_FHD,Buan_yeji_20201021_1730_WED_15m_NH_highway_TW2_rainy_FHD,4,1,away,False,66,0.2,0.0107,0.005,0.0089
Buan_yeji_20201021_1730_WED_15m_NH_highway_TW2_rainy_FHD,Buan_yeji_20201021_1730_WED_15m_NH_highway_TW2_rainy_FHD,5,1,away,False,66,0.15,0.0083,0.0,0.0043
Buan_yeji_20201021_1730_WED_15m_NH_highway_TW2_rainy_FHD,Buan_yeji_20201021_1730_WED_15m_NH_highway_TW2_rainy_FHD,6,1,away,False,66,0.24,0.0168,0.0374,0.0121
Buan_yeji_20201021_1730_WED_15m_NH_highway_TW2_rainy_FHD,Buan_yeji_20201021_1730_WED_15m_NH_highway_TW2_rainy_FHD,7,1,away,True,66,0.0,0.0,0.0,0.0
Buan_yulchon_20201020_1100_TUE_15m_NH_highway_TW2_sunny_FHD__view0,Buan_yulchon_20201020_1100_TUE_15m_NH_highway_TW2_sunny_FHD,1,0,toward,True,48,0.04,0.0,0.0,0.0
Buan_yulchon_20201020_1100_TUE_15m_NH_highway_TW2_sunny_FHD__view0,Buan_yulchon_20201020_1100_TUE_15m_NH_highway_TW2_sunny_FHD,2,0,toward,False,48,0.65,0.007,0.0144,0.0104
Buan_yulchon_20201020_1100_TUE_15m_NH_highway_TW2_sunny_FHD__view0,Buan_yulchon_20201020_1100_TUE_15m_NH_highway_TW2_sunny_FHD,3,0,toward,False,48,0.67,0.0109,0.0052,0.0103
Buan_yulchon_20201020_1100_TUE_15m_NH_highway_TW2_sunny_FHD__view0,Buan_yulchon_20201020_1100_TUE_15m_NH_highway_TW2_sunny_FHD,4,1,away,False,48,0.44,0.0191,0.0852,0.0198
Buan_yulchon_20201020_1100_TUE_15m_NH_highway_TW2_sunny_FHD__view0,Buan_yulchon_20201020_1100_TUE_15m_NH_highway_TW2_sunny_FHD,5,1,away,False,48,0.85,0.0421,0.16,0.0546
Buan_yulchon_20201020_1100_TUE_15m_NH_highway_TW2_sunny_FHD__view0,Buan_yulchon_20201020_1100_TUE_15m_NH_highway_TW2_sunny_FHD,6,1,away,True,48,0.04,0.0,0.0,0.0
Buan_yulchon_20201020_1100_TUE_15m_NH_highway_TW2_sunny_FHD__view1,Buan_yulchon_20201020_1100_TUE_15m_NH_highway_TW2_sunny_FHD,1,0,toward,True,28,0.0,0.0,0.0,0.0
Buan_yulchon_20201020_1100_TUE_15m_NH_highway_TW2_sunny_FHD__view1,Buan_yulchon_20201020_1100_TUE_15m_NH_highway_TW2_sunny_FHD,2,0,toward,False,28,0.64,0.0205,0.0904,0.0149
Buan_yulchon_20201020_1100_TUE_15m_NH_highway_TW2_sunny_FHD__view1,Buan_yulchon_20201020_1100_TUE_15m_NH_highway_TW2_sunny_FHD,3,0,toward,False,28,0.5,0.0047,0.0,0.0037
Buan_yulchon_20201020_1100_TUE_15m_NH_highway_TW2_sunny_FHD__view1,Buan_yulchon_20201020_1100_TUE_15m_NH_highway_TW2_sunny_FHD,4,1,away,False,28,0.21,0.0106,0.0,0.0046
Buan_yulchon_20201020_1100_TUE_15m_NH_highway_TW2_sunny_FHD__view1,Buan_yulchon_20201020_1100_TUE_15m_NH_highway_TW2_sunny_FHD,5,1,away,False,28,0.5,0.0432,0.1758,0.0598
Buan_yulchon_20201020_1100_TUE_15m_NH_highway_TW2_sunny_FHD__view1,Buan_yulchon_20201020_1100_TUE_15m_NH_highway_TW2_sunny_FHD,6,1,away,True,28,0.04,0.0,0.0,0.0
Buan_yulchon_20201020_1600_TUE_15m_NH_highway_TW2_sunny_FHD,Buan_yulchon_20201020_1600_TUE_15m_NH_highway_TW2_sunny_FHD,1,0,toward,True,81,0.02,0.0,0.0,0.0
Buan_yulchon_20201020_1600_TUE_15m_NH_highway_TW2_sunny_FHD,Buan_yulchon_20201020_1600_TUE_15m_NH_highway_TW2_sunny_FHD,2,0,toward,False,81,0.89,0.011,0.0527,0.0121
Buan_yulchon_20201020_1600_TUE_15m_NH_highway_TW2_sunny_FHD,Buan_yulchon_20201020_1600_TUE_15m_NH_highway_TW2_sunny_FHD,3,0,toward,False,81,0.77,0.0169,0.0891,0.0211
Buan_yulchon_20201020_1600_TUE_15m_NH_highway_TW2_sunny_FHD,Buan_yulchon_20201020_1600_TUE_15m_NH_highway_TW2_sunny_FHD,4,1,away,False,81,0.35,0.0163,0.0846,0.011
Buan_yulchon_20201020_1600_TUE_15m_NH_highway_TW2_sunny_FHD,Buan_yulchon_20201020_1600_TUE_15m_NH_highway_TW2_sunny_FHD,5,1,away,False,81,0.68,0.0085,0.0,0.0103
Buan_yulchon_20201020_1600_TUE_15m_NH_highway_TW2_sunny_FHD,Buan_yulchon_20201020_1600_TUE_15m_NH_highway_TW2_sunny_FHD,6,1,away,True,81,0.06,0.0,0.0,0.0
Buan_yulchon_20201021_1000_WED_15m_NH_highway_TW2_sunny_FHD,Buan_yulchon_20201021_1000_WED_15m_NH_highway_TW2_sunny_FHD,1,0,toward,True,76,0.0,0.0,0.0,0.0
Buan_yulchon_20201021_1000_WED_15m_NH_highway_TW2_sunny_FHD,Buan_yulchon_20201021_1000_WED_15m_NH_highway_TW2_sunny_FHD,2,0,toward,False,76,0.66,0.0316,0.1263,0.0276
Buan_yulchon_20201021_1000_WED_15m_NH_highway_TW2_sunny_FHD,Buan_yulchon_20201021_1000_WED_15m_NH_highway_TW2_sunny_FHD,3,0,toward,False,76,0.37,0.0134,0.0,0.0079
Buan_yulchon_20201021_1000_WED_15m_NH_highway_TW2_sunny_FHD,Buan_yulchon_20201021_1000_WED_15m_NH_highway_TW2_sunny_FHD,4,1,away,False,76,0.39,0.0198,0.1106,0.0114
Buan_yulchon_20201021_1000_WED_15m_NH_highway_TW2_sunny_FHD,Buan_yulchon_20201021_1000_WED_15m_NH_highway_TW2_sunny_FHD,5,1,away,False,76,0.84,0.014,0.0614,0.0189
Buan_yulchon_20201021_1000_WED_15m_NH_highway_TW2_sunny_FHD,Buan_yulchon_20201021_1000_WED_15m_NH_highway_TW2_sunny_FHD,6,1,away,True,76,0.33,0.0003,0.0,0.0014
Buan_yulchon_20201021_1500_WED_15m_NH_highway_TW2_sunny_FHD,Buan_yulchon_20201021_1500_WED_15m_NH_highway_TW2_sunny_FHD,1,0,toward,True,67,0.1,0.0,0.0,0.0
Buan_yulchon_20201021_1500_WED_15m_NH_highway_TW2_sunny_FHD,Buan_yulchon_20201021_1500_WED_15m_NH_highway_TW2_sunny_FHD,2,0,toward,False,67,0.61,0.0133,0.0536,0.0101
Buan_yulchon_20201021_1500_WED_15m_NH_highway_TW2_sunny_FHD,Buan_yulchon_20201021_1500_WED_15m_NH_highway_TW2_sunny_FHD,3,0,toward,False,67,0.72,0.0107,0.0,0.0107
Buan_yulchon_20201021_1500_WED_15m_NH_highway_TW2_sunny_FHD,Buan_yulchon_20201021_1500_WED_15m_NH_highway_TW2_sunny_FHD,4,1,away,False,67,0.37,0.0151,0.0355,0.0071
Buan_yulchon_20201021_1500_WED_15m_NH_highway_TW2_sunny_FHD,Buan_yulchon_20201021_1500_WED_15m_NH_highway_TW2_sunny_FHD,5,1,away,False,67,0.09,0.0044,0.0,0.0101
Buan_yulchon_20201021_1500_WED_15m_NH_highway_TW2_sunny_FHD,Buan_yulchon_20201021_1500_WED_15m_NH_highway_TW2_sunny_FHD,6,1,away,True,67,0.04,0.0,0.0,0.0001
Busan_busanportbrdg1_20201027_1430_TUE_8m_NH_highway_TW2_sunny_FHD,Busan_busanportbrdg1_20201027_1430_TUE_8m_NH_highway_TW2_sunny_FHD,1,0,toward,False,86,0.84,0.0352,0.1484,0.0348
Busan_busanportbrdg1_20201027_1430_TUE_8m_NH_highway_TW2_sunny_FHD,Busan_busanportbrdg1_20201027_1430_TUE_8m_NH_highway_TW2_sunny_FHD,2,0,toward,False,86,0.63,0.038,0.1597,0.0245
Busan_busanportbrdg1_20201027_1430_TUE_8m_NH_highway_TW2_sunny_FHD,Busan_busanportbrdg1_20201027_1430_TUE_8m_NH_highway_TW2_sunny_FHD,3,1,away,False,86,0.02,0.0063,0.0,0.0017
Busan_busanportbrdg1_20201027_1430_TUE_8m_NH_highway_TW2_sunny_FHD,Busan_busanportbrdg1_20201027_1430_TUE_8m_NH_highway_TW2_sunny_FHD,4,1,away,False,86,0.48,0.0568,0.198,0.0421
Busan_busanportbrdg1_20201027_1430_TUE_8m_NH_highway_TW2_sunny_FHD,Busan_busanportbrdg1_20201027_1430_TUE_8m_NH_highway_TW2_sunny_FHD,5,1,away,False,86,0.05,0.007,0.0,0.0067
Busan_busanportbrdg1_20201027_1430_TUE_8m_NH_highway_TW2_sunny_FHD,Busan_busanportbrdg1_20201027_1430_TUE_8m_NH_highway_TW2_sunny_FHD,6,1,away,False,86,0.29,0.0405,0.1634,0.0226
Busan_busanportbrdg1_20201028_1300_TUE_8m_NH_highway_TW2_sunny_FHD,Busan_busanportbrdg1_20201028_1300_TUE_8m_NH_highway_TW2_sunny_FHD,1,0,toward,False,67,0.75,0.0416,0.1547,0.0374
Busan_busanportbrdg1_20201028_1300_TUE_8m_NH_highway_TW2_sunny_FHD,Busan_busanportbrdg1_20201028_1300_TUE_8m_NH_highway_TW2_sunny_FHD,2,0,toward,False,67,0.67,0.0429,0.1717,0.0353
Busan_busanportbrdg1_20201028_1300_TUE_8m_NH_highway_TW2_sunny_FHD,Busan_busanportbrdg1_20201028_1300_TUE_8m_NH_highway_TW2_sunny_FHD,3,1,away,False,67,0.33,0.0354,0.1566,0.0308
Busan_busanportbrdg1_20201028_1300_TUE_8m_NH_highway_TW2_sunny_FHD,Busan_busanportbrdg1_20201028_1300_TUE_8m_NH_highway_TW2_sunny_FHD,4,1,away,False,67,0.01,0.0033,0.0,0.0006
Busan_busanportbrdg1_20201028_1300_TUE_8m_NH_highway_TW2_sunny_FHD,Busan_busanportbrdg1_20201028_1300_TUE_8m_NH_highway_TW2_sunny_FHD,5,1,away,False,67,0.21,0.0385,0.1121,0.014
Busan_busanportbrdg1_20201029_1330_THU_8m_NH_highway_TW2_sunny_FHD,Busan_busanportbrdg1_20201029_1330_THU_8m_NH_highway_TW2_sunny_FHD,1,0,toward,False,92,0.91,0.0523,0.1794,0.0436
Busan_busanportbrdg1_20201029_1330_THU_8m_NH_highway_TW2_sunny_FHD,Busan_busanportbrdg1_20201029_1330_THU_8m_NH_highway_TW2_sunny_FHD,2,0,toward,False,92,0.8,0.0429,0.1737,0.0426
Busan_busanportbrdg1_20201029_1330_THU_8m_NH_highway_TW2_sunny_FHD,Busan_busanportbrdg1_20201029_1330_THU_8m_NH_highway_TW2_sunny_FHD,3,1,away,False,92,0.45,0.0479,0.188,0.022
Busan_busanportbrdg1_20201029_1330_THU_8m_NH_highway_TW2_sunny_FHD,Busan_busanportbrdg1_20201029_1330_THU_8m_NH_highway_TW2_sunny_FHD,4,1,away,False,92,0.01,0.0002,0.0,0.0005
Busan_busanportbrdg1_20201029_1330_THU_8m_NH_highway_TW2_sunny_FHD,Busan_busanportbrdg1_20201029_1330_THU_8m_NH_highway_TW2_sunny_FHD,5,1,away,False,92,0.23,0.0282,0.0989,0.017
Busan_busanportbrdg1_20201119_1230_THU_8m_NH_highway_TW2_rainy_FHD,Busan_busanportbrdg1_20201119_1230_THU_8m_NH_highway_TW2_rainy_FHD,1,0,toward,False,106,0.64,0.0408,0.1502,0.0333
Busan_busanportbrdg1_20201119_1230_THU_8m_NH_highway_TW2_rainy_FHD,Busan_busanportbrdg1_20201119_1230_THU_8m_NH_highway_TW2_rainy_FHD,2,0,toward,False,106,0.93,0.0559,0.2009,0.031
Busan_busanportbrdg1_20201119_1230_THU_8m_NH_highway_TW2_rainy_FHD,Busan_busanportbrdg1_20201119_1230_THU_8m_NH_highway_TW2_rainy_FHD,3,1,away,False,106,0.27,0.0357,0.2006,0.013
Busan_busanportbrdg1_20201119_1230_THU_8m_NH_highway_TW2_rainy_FHD,Busan_busanportbrdg1_20201119_1230_THU_8m_NH_highway_TW2_rainy_FHD,4,1,away,False,106,0.13,0.0163,0.0828,0.0309
Busan_busanportbrdg1_20201119_1230_THU_8m_NH_highway_TW2_rainy_FHD,Busan_busanportbrdg1_20201119_1230_THU_8m_NH_highway_TW2_rainy_FHD,5,1,away,False,106,0.2,0.0325,0.1905,0.0086
Busan_busanportbrdg1_20201119_1230_THU_8m_NH_highway_TW2_rainy_FHD,Busan_busanportbrdg1_20201119_1230_THU_8m_NH_highway_TW2_rainy_FHD,6,1,away,False,106,0.11,0.0153,0.0367,0.0147
Busan_busanportbrdg2_20201027_1630_TUE_8m_NH_highway_TW3_sunny_FHD,Busan_busanportbrdg2_20201027_1630_TUE_8m_NH_highway_TW3_sunny_FHD,1,0,toward,False,92,1.3,0.0507,0.138,0.0322
Busan_busanportbrdg2_20201027_1630_TUE_8m_NH_highway_TW3_sunny_FHD,Busan_busanportbrdg2_20201027_1630_TUE_8m_NH_highway_TW3_sunny_FHD,2,0,toward,False,92,0.5,0.0362,0.1529,0.0258
Busan_busanportbrdg2_20201027_1630_TUE_8m_NH_highway_TW3_sunny_FHD,Busan_busanportbrdg2_20201027_1630_TUE_8m_NH_highway_TW3_sunny_FHD,3,1,away,False,92,1.96,0.1015,0.2203,0.0819
Busan_busanportbrdg2_20201027_1630_TUE_8m_NH_highway_TW3_sunny_FHD,Busan_busanportbrdg2_20201027_1630_TUE_8m_NH_highway_TW3_sunny_FHD,4,1,away,False,92,1.67,0.0588,0.1242,0.0649
Busan_busanportbrdg2_20201027_1630_TUE_8m_NH_highway_TW3_sunny_FHD,Busan_busanportbrdg2_20201027_1630_TUE_8m_NH_highway_TW3_sunny_FHD,5,1,away,False,92,0.71,0.0166,0.0507,0.0195
Busan_busanportbrdg2_20201028_1400_TUE_8m_NH_highway_TW3_sunny_FHD,Busan_busanportbrdg2_20201028_1400_TUE_8m_NH_highway_TW3_sunny_FHD,1,0,toward,False,101,1.74,0.0791,0.2131,0.0588
Busan_busanportbrdg2_20201028_1400_TUE_8m_NH_highway_TW3_sunny_FHD,Busan_busanportbrdg2_20201028_1400_TUE_8m_NH_highway_TW3_sunny_FHD,2,0,toward,False,101,0.48,0.0397,0.1537,0.0289
Busan_busanportbrdg2_20201028_1400_TUE_8m_NH_highway_TW3_sunny_FHD,Busan_busanportbrdg2_20201028_1400_TUE_8m_NH_highway_TW3_sunny_FHD,3,1,away,False,101,1.15,0.0569,0.183,0.0538
Busan_busanportbrdg2_20201028_1400_TUE_8m_NH_highway_TW3_sunny_FHD,Busan_busanportbrdg2_20201028_1400_TUE_8m_NH_highway_TW3_sunny_FHD,4,1,away,False,101,1.14,0.0482,0.1308,0.0437
Busan_busanportbrdg2_20201028_1400_TUE_8m_NH_highway_TW3_sunny_FHD,Busan_busanportbrdg2_20201028_1400_TUE_8m_NH_highway_TW3_sunny_FHD,5,1,away,False,101,0.38,0.0142,0.0519,0.0143
Busan_busanportbrdg2_20201029_1130_THU_8m_NH_highway_TW3_sunny_FHD,Busan_busanportbrdg2_20201029_1130_THU_8m_NH_highway_TW3_sunny_FHD,1,0,toward,False,126,1.66,0.0725,0.1589,0.0519
Busan_busanportbrdg2_20201029_1130_THU_8m_NH_highway_TW3_sunny_FHD,Busan_busanportbrdg2_20201029_1130_THU_8m_NH_highway_TW3_sunny_FHD,2,0,toward,False,126,0.35,0.0278,0.1293,0.0222
Busan_busanportbrdg2_20201029_1130_THU_8m_NH_highway_TW3_sunny_FHD,Busan_busanportbrdg2_20201029_1130_THU_8m_NH_highway_TW3_sunny_FHD,3,1,away,False,126,0.81,0.0534,0.1562,0.0345
Busan_busanportbrdg2_20201029_1130_THU_8m_NH_highway_TW3_sunny_FHD,Busan_busanportbrdg2_20201029_1130_THU_8m_NH_highway_TW3_sunny_FHD,4,1,away,False,126,0.81,0.0404,0.1366,0.0343
Busan_busanportbrdg2_20201029_1130_THU_8m_NH_highway_TW3_sunny_FHD,Busan_busanportbrdg2_20201029_1130_THU_8m_NH_highway_TW3_sunny_FHD,5,1,away,False,126,0.27,0.0121,0.044,0.0112
Busan_busanportbrdg2_20201029_1630_THU_8m_NH_highway_TW3_sunny_FHD,Busan_busanportbrdg2_20201029_1630_THU_8m_NH_highway_TW3_sunny_FHD,1,0,toward,False,98,1.55,0.0552,0.153,0.0399
Busan_busanportbrdg2_20201029_1630_THU_8m_NH_highway_TW3_sunny_FHD,Busan_busanportbrdg2_20201029_1630_THU_8m_NH_highway_TW3_sunny_FHD,2,0,toward,False,98,0.44,0.0251,0.1301,0.0235
Busan_busanportbrdg2_20201029_1630_THU_8m_NH_highway_TW3_sunny_FHD,Busan_busanportbrdg2_20201029_1630_THU_8m_NH_highway_TW3_sunny_FHD,3,1,away,False,98,2.35,0.1487,0.2956,0.1243
Busan_busanportbrdg2_20201029_1630_THU_8m_NH_highway_TW3_sunny_FHD,Busan_busanportbrdg2_20201029_1630_THU_8m_NH_highway_TW3_sunny_FHD,4,1,away,False,98,1.63,0.0693,0.1444,0.0575
Busan_busanportbrdg2_20201029_1630_THU_8m_NH_highway_TW3_sunny_FHD,Busan_busanportbrdg2_20201029_1630_THU_8m_NH_highway_TW3_sunny_FHD,5,1,away,False,98,0.67,0.0197,0.054,0.0151
Busan_busanportbrdg3_20201027_1300_TUE_8m_NH_highway_TW3_sunny_FHD,Busan_busanportbrdg3_20201027_1300_TUE_8m_NH_highway_TW3_sunny_FHD,1,0,toward,False,97,0.51,0.0187,0.0677,0.0203
Busan_busanportbrdg3_20201027_1300_TUE_8m_NH_highway_TW3_sunny_FHD,Busan_busanportbrdg3_20201027_1300_TUE_8m_NH_highway_TW3_sunny_FHD,2,0,toward,False,97,1.29,0.0398,0.0991,0.0314
Busan_busanportbrdg3_20201027_1300_TUE_8m_NH_highway_TW3_sunny_FHD,Busan_busanportbrdg3_20201027_1300_TUE_8m_NH_highway_TW3_sunny_FHD,3,0,toward,False,97,1.33,0.0629,0.1811,0.0438
Busan_busanportbrdg3_20201027_1300_TUE_8m_NH_highway_TW3_sunny_FHD,Busan_busanportbrdg3_20201027_1300_TUE_8m_NH_highway_TW3_sunny_FHD,4,1,away,False,97,0.58,0.0298,0.1303,0.0263
Busan_busanportbrdg3_20201027_1300_TUE_8m_NH_highway_TW3_sunny_FHD,Busan_busanportbrdg3_20201027_1300_TUE_8m_NH_highway_TW3_sunny_FHD,5,1,away,False,97,0.75,0.0433,0.1666,0.0384
Busan_busanportbrdg3_20201027_1300_TUE_8m_NH_highway_TW3_sunny_FHD,Busan_busanportbrdg3_20201027_1300_TUE_8m_NH_highway_TW3_sunny_FHD,6,1,away,False,97,0.61,0.0349,0.1453,0.0239
Busan_busanportbrdg3_20201027_1300_TUE_8m_NH_highway_TW3_sunny_FHD,Busan_busanportbrdg3_20201027_1300_TUE_8m_NH_highway_TW3_sunny_FHD,7,1,away,True,97,0.0,0.0,0.0,0.0
Busan_busanportbrdg3_20201028_1100_TUE_8m_NH_highway_TW3_sunny_FHD,Busan_busanportbrdg3_20201028_1100_TUE_8m_NH_highway_TW3_sunny_FHD,1,0,toward,False,98,0.6,0.013,0.0681,0.012
Busan_busanportbrdg3_20201028_1100_TUE_8m_NH_highway_TW3_sunny_FHD,Busan_busanportbrdg3_20201028_1100_TUE_8m_NH_highway_TW3_sunny_FHD,2,0,toward,False,98,1.52,0.0352,0.1042,0.0335
Busan_busanportbrdg3_20201028_1100_TUE_8m_NH_highway_TW3_sunny_FHD,Busan_busanportbrdg3_20201028_1100_TUE_8m_NH_highway_TW3_sunny_FHD,3,0,toward,False,98,1.56,0.0656,0.1818,0.0553
Busan_busanportbrdg3_20201028_1100_TUE_8m_NH_highway_TW3_sunny_FHD,Busan_busanportbrdg3_20201028_1100_TUE_8m_NH_highway_TW3_sunny_FHD,4,1,away,False,98,0.67,0.0223,0.1047,0.0239
Busan_busanportbrdg3_20201028_1100_TUE_8m_NH_highway_TW3_sunny_FHD,Busan_busanportbrdg3_20201028_1100_TUE_8m_NH_highway_TW3_sunny_FHD,5,1,away,False,98,1.0,0.0597,0.1454,0.0452
Busan_busanportbrdg3_20201028_1100_TUE_8m_NH_highway_TW3_sunny_FHD,Busan_busanportbrdg3_20201028_1100_TUE_8m_NH_highway_TW3_sunny_FHD,6,1,away,False,98,0.94,0.0542,0.1822,0.0387
Busan_busanportbrdg3_20201028_1100_TUE_8m_NH_highway_TW3_sunny_FHD,Busan_busanportbrdg3_20201028_1100_TUE_8m_NH_highway_TW3_sunny_FHD,7,1,away,True,98,0.0,0.0,0.0,0.0
Busan_busanportbrdg3_20201028_1600_TUE_8m_NH_highway_TW3_sunny_FHD,Busan_busanportbrdg3_20201028_1600_TUE_8m_NH_highway_TW3_sunny_FHD,1,0,toward,False,96,0.73,0.0307,0.0883,0.0295
Busan_busanportbrdg3_20201028_1600_TUE_8m_NH_highway_TW3_sunny_FHD,Busan_busanportbrdg3_20201028_1600_TUE_8m_NH_highway_TW3_sunny_FHD,2,0,toward,False,96,1.68,0.046,0.1025,0.0431
Busan_busanportbrdg3_20201028_1600_TUE_8m_NH_highway_TW3_sunny_FHD,Busan_busanportbrdg3_20201028_1600_TUE_8m_NH_highway_TW3_sunny_FHD,3,0,toward,False,96,1.89,0.098,0.2433,0.0958
Busan_busanportbrdg3_20201028_1600_TUE_8m_NH_highway_TW3_sunny_FHD,Busan_busanportbrdg3_20201028_1600_TUE_8m_NH_highway_TW3_sunny_FHD,4,1,away,False,96,0.4,0.0218,0.1109,0.0145
Busan_busanportbrdg3_20201028_1600_TUE_8m_NH_highway_TW3_sunny_FHD,Busan_busanportbrdg3_20201028_1600_TUE_8m_NH_highway_TW3_sunny_FHD,5,1,away,False,96,0.55,0.0388,0.1376,0.0241
Busan_busanportbrdg3_20201028_1600_TUE_8m_NH_highway_TW3_sunny_FHD,Busan_busanportbrdg3_20201028_1600_TUE_8m_NH_highway_TW3_sunny_FHD,6,1,away,False,96,0.43,0.026,0.1162,0.0225
Busan_busanportbrdg3_20201028_1600_TUE_8m_NH_highway_TW3_sunny_FHD,Busan_busanportbrdg3_20201028_1600_TUE_8m_NH_highway_TW3_sunny_FHD,7,1,away,True,96,0.0,0.0,0.0,0.0
Busan_busanportbrdg3_20201029_1330_THU_8m_NH_highway_TW3_sunny_FHD,Busan_busanportbrdg3_20201029_1330_THU_8m_NH_highway_TW3_sunny_FHD,1,0,toward,False,124,0.44,0.0179,0.0738,0.0161
Busan_busanportbrdg3_20201029_1330_THU_8m_NH_highway_TW3_sunny_FHD,Busan_busanportbrdg3_20201029_1330_THU_8m_NH_highway_TW3_sunny_FHD,2,0,toward,False,124,1.48,0.0433,0.1024,0.0427
Busan_busanportbrdg3_20201029_1330_THU_8m_NH_highway_TW3_sunny_FHD,Busan_busanportbrdg3_20201029_1330_THU_8m_NH_highway_TW3_sunny_FHD,3,0,toward,False,124,1.54,0.0758,0.1907,0.0584
Busan_busanportbrdg3_20201029_1330_THU_8m_NH_highway_TW3_sunny_FHD,Busan_busanportbrdg3_20201029_1330_THU_8m_NH_highway_TW3_sunny_FHD,4,1,away,False,124,0.65,0.0353,0.1563,0.0291
Busan_busanportbrdg3_20201029_1330_THU_8m_NH_highway_TW3_sunny_FHD,Busan_busanportbrdg3_20201029_1330_THU_8m_NH_highway_TW3_sunny_FHD,5,1,away,False,124,0.74,0.0503,0.1486,0.0432
Busan_busanportbrdg3_20201029_1330_THU_8m_NH_highway_TW3_sunny_FHD,Busan_busanportbrdg3_20201029_1330_THU_8m_NH_highway_TW3_sunny_FHD,6,1,away,False,124,0.75,0.0339,0.1636,0.0207
Busan_busanportbrdg3_20201029_1330_THU_8m_NH_highway_TW3_sunny_FHD,Busan_busanportbrdg3_20201029_1330_THU_8m_NH_highway_TW3_sunny_FHD,7,1,away,True,124,0.0,0.0,0.0,0.0
Busan_busanportbrdg3_20201119_1030_THU_8m_NH_highway_TW3_rainy_FHD,Busan_busanportbrdg3_20201119_1030_THU_8m_NH_highway_TW3_rainy_FHD,1,0,toward,False,95,0.45,0.0106,0.0554,0.0085
Busan_busanportbrdg3_20201119_1030_THU_8m_NH_highway_TW3_rainy_FHD,Busan_busanportbrdg3_20201119_1030_THU_8m_NH_highway_TW3_rainy_FHD,2,0,toward,False,95,1.15,0.0369,0.0999,0.0359
Busan_busanportbrdg3_20201119_1030_THU_8m_NH_highway_TW3_rainy_FHD,Busan_busanportbrdg3_20201119_1030_THU_8m_NH_highway_TW3_rainy_FHD,3,0,toward,False,95,1.13,0.0483,0.1654,0.0315
Busan_busanportbrdg3_20201119_1030_THU_8m_NH_highway_TW3_rainy_FHD,Busan_busanportbrdg3_20201119_1030_THU_8m_NH_highway_TW3_rainy_FHD,4,1,away,False,95,0.74,0.0249,0.1313,0.0235
Busan_busanportbrdg3_20201119_1030_THU_8m_NH_highway_TW3_rainy_FHD,Busan_busanportbrdg3_20201119_1030_THU_8m_NH_highway_TW3_rainy_FHD,5,1,away,False,95,0.88,0.0666,0.1664,0.0543
Busan_busanportbrdg3_20201119_1030_THU_8m_NH_highway_TW3_rainy_FHD,Busan_busanportbrdg3_20201119_1030_THU_8m_NH_highway_TW3_rainy_FHD,6,1,away,False,95,0.94,0.0458,0.1696,0.0331
Busan_busanportbrdg3_20201119_1030_THU_8m_NH_highway_TW3_rainy_FHD,Busan_busanportbrdg3_20201119_1030_THU_8m_NH_highway_TW3_rainy_FHD,7,1,away,True,95,0.0,0.0,0.0,0.0
Busan_busanportbrdg4_20201027_1530_TUE_8m_NH_highway_TW3_sunny_FHD,Busan_busanportbrdg4_20201027_1530_TUE_8m_NH_highway_TW3_sunny_FHD,1,0,toward,False,93,2.38,0.0495,0.1362,0.0392
Busan_busanportbrdg4_20201027_1530_TUE_8m_NH_highway_TW3_sunny_FHD,Busan_busanportbrdg4_20201027_1530_TUE_8m_NH_highway_TW3_sunny_FHD,2,0,toward,False,93,1.37,0.0814,0.2199,0.0775
Busan_busanportbrdg4_20201027_1530_TUE_8m_NH_highway_TW3_sunny_FHD,Busan_busanportbrdg4_20201027_1530_TUE_8m_NH_highway_TW3_sunny_FHD,3,1,away,False,93,0.69,0.0339,0.1438,0.035
Busan_busanportbrdg4_20201027_1530_TUE_8m_NH_highway_TW3_sunny_FHD,Busan_busanportbrdg4_20201027_1530_TUE_8m_NH_highway_TW3_sunny_FHD,4,1,away,False,93,0.68,0.0434,0.1971,0.0213
Busan_busanportbrdg4_20201027_1530_TUE_8m_NH_highway_TW3_sunny_FHD,Busan_busanportbrdg4_20201027_1530_TUE_8m_NH_highway_TW3_sunny_FHD,5,1,away,False,93,0.29,0.0129,0.0091,0.0201
Busan_busanportbrdg4_20201027_1530_TUE_8m_NH_highway_TW3_sunny_FHD,Busan_busanportbrdg4_20201027_1530_TUE_8m_NH_highway_TW3_sunny_FHD,6,1,away,False,93,0.48,0.0304,0.1156,0.0231
Busan_busanportbrdg4_20201028_1300_TUE_8m_NH_highway_TW3_sunny_FHD,Busan_busanportbrdg4_20201028_1300_TUE_8m_NH_highway_TW3_sunny_FHD,1,0,toward,False,102,1.75,0.0325,0.106,0.0342
Busan_busanportbrdg4_20201028_1300_TUE_8m_NH_highway_TW3_sunny_FHD,Busan_busanportbrdg4_20201028_1300_TUE_8m_NH_highway_TW3_sunny_FHD,2,0,toward,False,102,0.75,0.0363,0.198,0.0313
Busan_busanportbrdg4_20201028_1300_TUE_8m_NH_highway_TW3_sunny_FHD,Busan_busanportbrdg4_20201028_1300_TUE_8m_NH_highway_TW3_sunny_FHD,3,1,away,False,102,0.83,0.0392,0.1385,0.0379
Busan_busanportbrdg4_20201028_1300_TUE_8m_NH_highway_TW3_sunny_FHD,Busan_busanportbrdg4_20201028_1300_TUE_8m_NH_highway_TW3_sunny_FHD,4,1,away,False,102,0.41,0.0266,0.1431,0.0121
Busan_busanportbrdg4_20201028_1300_TUE_8m_NH_highway_TW3_sunny_FHD,Busan_busanportbrdg4_20201028_1300_TUE_8m_NH_highway_TW3_sunny_FHD,5,1,away,False,102,0.25,0.0111,0.0167,0.0135
Busan_busanportbrdg4_20201028_1300_TUE_8m_NH_highway_TW3_sunny_FHD,Busan_busanportbrdg4_20201028_1300_TUE_8m_NH_highway_TW3_sunny_FHD,6,1,away,False,102,0.36,0.0234,0.0885,0.0193
Busan_busanportbrdg4_20201029_0930_THU_8m_NH_highway_TW3_sunny_FHD,Busan_busanportbrdg4_20201029_0930_THU_8m_NH_highway_TW3_sunny_FHD,1,0,toward,False,93,2.3,0.0556,0.1479,0.0577
Busan_busanportbrdg4_20201029_0930_THU_8m_NH_highway_TW3_sunny_FHD,Busan_busanportbrdg4_20201029_0930_THU_8m_NH_highway_TW3_sunny_FHD,2,0,toward,False,93,1.28,0.0601,0.2236,0.0586
Busan_busanportbrdg4_20201029_0930_THU_8m_NH_highway_TW3_sunny_FHD,Busan_busanportbrdg4_20201029_0930_THU_8m_NH_highway_TW3_sunny_FHD,3,1,away,False,93,0.91,0.0638,0.262,0.0672
Busan_busanportbrdg4_20201029_0930_THU_8m_NH_highway_TW3_sunny_FHD,Busan_busanportbrdg4_20201029_0930_THU_8m_NH_highway_TW3_sunny_FHD,4,1,away,False,93,0.39,0.0157,0.0835,0.017
Busan_busanportbrdg4_20201029_0930_THU_8m_NH_highway_TW3_sunny_FHD,Busan_busanportbrdg4_20201029_0930_THU_8m_NH_highway_TW3_sunny_FHD,5,1,away,False,93,0.58,0.0776,0.2161,0.0595
Busan_busanportbrdg4_20201029_0930_THU_8m_NH_highway_TW3_sunny_FHD,Busan_busanportbrdg4_20201029_0930_THU_8m_NH_highway_TW3_sunny_FHD,6,1,away,False,93,0.47,0.0331,0.121,0.0305
Busan_busanportbrdg4_20201029_1430_THU_8m_NH_highway_TW3_sunny_FHD,Busan_busanportbrdg4_20201029_1430_THU_8m_NH_highway_TW3_sunny_FHD,1,0,toward,False,99,2.38,0.039,0.0867,0.0368
Busan_busanportbrdg4_20201029_1430_THU_8m_NH_highway_TW3_sunny_FHD,Busan_busanportbrdg4_20201029_1430_THU_8m_NH_highway_TW3_sunny_FHD,2,0,toward,False,99,1.11,0.0585,0.2057,0.0483
Busan_busanportbrdg4_20201029_1430_THU_8m_NH_highway_TW3_sunny_FHD,Busan_busanportbrdg4_20201029_1430_THU_8m_NH_highway_TW3_sunny_FHD,3,1,away,False,99,0.86,0.0375,0.1725,0.0341
Busan_busanportbrdg4_20201029_1430_THU_8m_NH_highway_TW3_sunny_FHD,Busan_busanportbrdg4_20201029_1430_THU_8m_NH_highway_TW3_sunny_FHD,4,1,away,False,99,0.29,0.0111,0.0005,0.0068
Busan_busanportbrdg4_20201029_1430_THU_8m_NH_highway_TW3_sunny_FHD,Busan_busanportbrdg4_20201029_1430_THU_8m_NH_highway_TW3_sunny_FHD,5,1,away,False,99,0.38,0.0511,0.1776,0.0463
Busan_busanportbrdg4_20201029_1430_THU_8m_NH_highway_TW3_sunny_FHD,Busan_busanportbrdg4_20201029_1430_THU_8m_NH_highway_TW3_sunny_FHD,6,1,away,False,99,0.27,0.0216,0.0945,0.0163
Busan_busanportbrdg4_20201119_1130_THU_8m_NH_highway_TW3_rainy_FHD,Busan_busanportbrdg4_20201119_1130_THU_8m_NH_highway_TW3_rainy_FHD,1,0,toward,False,114,1.84,0.0452,0.1306,0.0549
Busan_busanportbrdg4_20201119_1130_THU_8m_NH_highway_TW3_rainy_FHD,Busan_busanportbrdg4_20201119_1130_THU_8m_NH_highway_TW3_rainy_FHD,2,0,toward,False,114,1.03,0.0515,0.1789,0.0522
Busan_busanportbrdg4_20201119_1130_THU_8m_NH_highway_TW3_rainy_FHD,Busan_busanportbrdg4_20201119_1130_THU_8m_NH_highway_TW3_rainy_FHD,3,1,away,False,114,0.25,0.0011,0.0,0.0044
Busan_busanportbrdg4_20201119_1130_THU_8m_NH_highway_TW3_rainy_FHD,Busan_busanportbrdg4_20201119_1130_THU_8m_NH_highway_TW3_rainy_FHD,4,1,away,False,114,0.29,0.0054,0.0,0.0035
Busan_busanportbrdg4_20201119_1130_THU_8m_NH_highway_TW3_rainy_FHD,Busan_busanportbrdg4_20201119_1130_THU_8m_NH_highway_TW3_rainy_FHD,5,1,away,False,114,0.28,0.0288,0.065,0.0282
Busan_busanportbrdg4_20201119_1130_THU_8m_NH_highway_TW3_rainy_FHD,Busan_busanportbrdg4_20201119_1130_THU_8m_NH_highway_TW3_rainy_FHD,6,1,away,False,114,0.26,0.0137,0.0093,0.0101
Busan_busanportbrdg5_20201027_1530_TUE_8m_NH_highway_TW3_sunny_FHD,Busan_busanportbrdg5_20201027_1530_TUE_8m_NH_highway_TW3_sunny_FHD,1,0,toward,False,127,1.37,0.0427,0.1043,0.0327
Busan_busanportbrdg5_20201027_1530_TUE_8m_NH_highway_TW3_sunny_FHD,Busan_busanportbrdg5_20201027_1530_TUE_8m_NH_highway_TW3_sunny_FHD,2,0,toward,False,127,0.71,0.0413,0.1358,0.0301
Busan_busanportbrdg5_20201027_1530_TUE_8m_NH_highway_TW3_sunny_FHD,Busan_busanportbrdg5_20201027_1530_TUE_8m_NH_highway_TW3_sunny_FHD,3,1,away,False,127,1.45,0.0617,0.1928,0.0466
Busan_busanportbrdg5_20201027_1530_TUE_8m_NH_highway_TW3_sunny_FHD,Busan_busanportbrdg5_20201027_1530_TUE_8m_NH_highway_TW3_sunny_FHD,4,1,away,False,127,1.16,0.0316,0.0934,0.0291
Busan_busanportbrdg5_20201027_1530_TUE_8m_NH_highway_TW3_sunny_FHD,Busan_busanportbrdg5_20201027_1530_TUE_8m_NH_highway_TW3_sunny_FHD,5,1,away,False,127,1.23,0.02,0.0838,0.0166
Busan_busanportbrdg5_20201029_0930_THU_8m_NH_highway_TW3_sunny_FHD,Busan_busanportbrdg5_20201029_0930_THU_8m_NH_highway_TW3_sunny_FHD,1,0,toward,False,95,1.71,0.0568,0.1409,0.0432
Busan_busanportbrdg5_20201029_0930_THU_8m_NH_highway_TW3_sunny_FHD,Busan_busanportbrdg5_20201029_0930_THU_8m_NH_highway_TW3_sunny_FHD,2,0,toward,False,95,1.03,0.054,0.1542,0.044
Busan_busanportbrdg5_20201029_0930_THU_8m_NH_highway_TW3_sunny_FHD,Busan_busanportbrdg5_20201029_0930_THU_8m_NH_highway_TW3_sunny_FHD,3,1,away,False,95,0.91,0.0506,0.1691,0.0363
Busan_busanportbrdg5_20201029_0930_THU_8m_NH_highway_TW3_sunny_FHD,Busan_busanportbrdg5_20201029_0930_THU_8m_NH_highway_TW3_sunny_FHD,4,1,away,False,95,0.97,0.0256,0.0703,0.0265
Busan_busanportbrdg5_20201029_0930_THU_8m_NH_highway_TW3_sunny_FHD,Busan_busanportbrdg5_20201029_0930_THU_8m_NH_highway_TW3_sunny_FHD,5,1,away,False,95,1.0,0.0222,0.0747,0.0217
Busan_busanportbrdg5_20201029_1430_THU_8m_NH_highway_TW3_sunny_FHD,Busan_busanportbrdg5_20201029_1430_THU_8m_NH_highway_TW3_sunny_FHD,1,0,toward,False,101,1.38,0.053,0.1215,0.0505
Busan_busanportbrdg5_20201029_1430_THU_8m_NH_highway_TW3_sunny_FHD,Busan_busanportbrdg5_20201029_1430_THU_8m_NH_highway_TW3_sunny_FHD,2,0,toward,False,101,0.71,0.0337,0.1401,0.0264
Busan_busanportbrdg5_20201029_1430_THU_8m_NH_highway_TW3_sunny_FHD,Busan_busanportbrdg5_20201029_1430_THU_8m_NH_highway_TW3_sunny_FHD,3,1,away,False,101,0.98,0.0499,0.1715,0.0442
Busan_busanportbrdg5_20201029_1430_THU_8m_NH_highway_TW3_sunny_FHD,Busan_busanportbrdg5_20201029_1430_THU_8m_NH_highway_TW3_sunny_FHD,4,1,away,False,101,1.2,0.0365,0.0966,0.034
Busan_busanportbrdg5_20201029_1430_THU_8m_NH_highway_TW3_sunny_FHD,Busan_busanportbrdg5_20201029_1430_THU_8m_NH_highway_TW3_sunny_FHD,5,1,away,False,101,1.25,0.0214,0.0932,0.0184
Busan_busanportbrdg5_20201119_1100_THU_8m_NH_highway_TW3_rainy_FHD,Busan_busanportbrdg5_20201119_1100_THU_8m_NH_highway_TW3_rainy_FHD,1,0,toward,False,87,0.78,0.0235,0.0893,0.0123
Busan_busanportbrdg5_20201119_1100_THU_8m_NH_highway_TW3_rainy_FHD,Busan_busanportbrdg5_20201119_1100_THU_8m_NH_highway_TW3_rainy_FHD,2,0,toward,False,87,0.34,0.0083,0.0,0.0083
Busan_busanportbrdg5_20201119_1100_THU_8m_NH_highway_TW3_rainy_FHD,Busan_busanportbrdg5_20201119_1100_THU_8m_NH_highway_TW3_rainy_FHD,3,1,away,False,87,0.85,0.0513,0.165,0.0422
Busan_busanportbrdg5_20201119_1100_THU_8m_NH_highway_TW3_rainy_FHD,Busan_busanportbrdg5_20201119_1100_THU_8m_NH_highway_TW3_rainy_FHD,4,1,away,False,87,1.03,0.0418,0.1138,0.0325
Busan_busanportbrdg5_20201119_1100_THU_8m_NH_highway_TW3_rainy_FHD,Busan_busanportbrdg5_20201119_1100_THU_8m_NH_highway_TW3_rainy_FHD,5,1,away,False,87,0.95,0.0144,0.0609,0.014
Busan_busanportbrdg6_20201027_1500_TUE_8m_NH_highway_TW3_sunny_FHD,Busan_busanportbrdg6_20201027_1500_TUE_8m_NH_highway_TW3_sunny_FHD,1,0,toward,False,92,0.29,0.0291,0.0512,0.0296
Busan_busanportbrdg6_20201027_1500_TUE_8m_NH_highway_TW3_sunny_FHD,Busan_busanportbrdg6_20201027_1500_TUE_8m_NH_highway_TW3_sunny_FHD,2,0,toward,False,92,0.67,0.0598,0.2321,0.0527
Busan_busanportbrdg6_20201027_1500_TUE_8m_NH_highway_TW3_sunny_FHD,Busan_busanportbrdg6_20201027_1500_TUE_8m_NH_highway_TW3_sunny_FHD,3,0,toward,False,92,0.82,0.0582,0.1683,0.0579
Busan_busanportbrdg6_20201027_1500_TUE_8m_NH_highway_TW3_sunny_FHD,Busan_busanportbrdg6_20201027_1500_TUE_8m_NH_highway_TW3_sunny_FHD,4,1,away,False,92,0.77,0.0465,0.183,0.039
Busan_busanportbrdg6_20201027_1500_TUE_8m_NH_highway_TW3_sunny_FHD,Busan_busanportbrdg6_20201027_1500_TUE_8m_NH_highway_TW3_sunny_FHD,5,1,away,False,92,0.79,0.0217,0.0761,0.0204
Busan_busanportbrdg6_20201027_1500_TUE_8m_NH_highway_TW3_sunny_FHD,Busan_busanportbrdg6_20201027_1500_TUE_8m_NH_highway_TW3_sunny_FHD,6,1,away,False,92,1.43,0.0246,0.0745,0.0218
Busan_busanportbrdg6_20201028_1330_TUE_8m_NH_highway_TW3_sunny_FHD,Busan_busanportbrdg6_20201028_1330_TUE_8m_NH_highway_TW3_sunny_FHD,1,0,toward,False,126,0.29,0.0309,0.1484,0.0186
Busan_busanportbrdg6_20201028_1330_TUE_8m_NH_highway_TW3_sunny_FHD,Busan_busanportbrdg6_20201028_1330_TUE_8m_NH_highway_TW3_sunny_FHD,2,0,toward,False,126,0.52,0.0338,0.1594,0.0285
Busan_busanportbrdg6_20201028_1330_TUE_8m_NH_highway_TW3_sunny_FHD,Busan_busanportbrdg6_20201028_1330_TUE_8m_NH_highway_TW3_sunny_FHD,3,0,toward,False,126,0.56,0.0333,0.1714,0.0267
Busan_busanportbrdg6_20201028_1330_TUE_8m_NH_highway_TW3_sunny_FHD,Busan_busanportbrdg6_20201028_1330_TUE_8m_NH_highway_TW3_sunny_FHD,4,1,away,False,126,0.56,0.0399,0.179,0.0289
Busan_busanportbrdg6_20201028_1330_TUE_8m_NH_highway_TW3_sunny_FHD,Busan_busanportbrdg6_20201028_1330_TUE_8m_NH_highway_TW3_sunny_FHD,5,1,away,False,126,0.82,0.026,0.0807,0.0324
Busan_busanportbrdg6_20201028_1330_TUE_8m_NH_highway_TW3_sunny_FHD,Busan_busanportbrdg6_20201028_1330_TUE_8m_NH_highway_TW3_sunny_FHD,6,1,away,False,126,1.29,0.0294,0.1008,0.0326
Busan_busanportbrdg6_20201029_1000_THU_8m_NH_highway_TW3_sunny_FHD,Busan_busanportbrdg6_20201029_1000_THU_8m_NH_highway_TW3_sunny_FHD,1,0,toward,False,88,0.17,0.0087,0.0,0.0061
Busan_busanportbrdg6_20201029_1000_THU_8m_NH_highway_TW3_sunny_FHD,Busan_busanportbrdg6_20201029_1000_THU_8m_NH_highway_TW3_sunny_FHD,2,0,toward,False,88,0.43,0.0318,0.1682,0.0212
Busan_busanportbrdg6_20201029_1000_THU_8m_NH_highway_TW3_sunny_FHD,Busan_busanportbrdg6_20201029_1000_THU_8m_NH_highway_TW3_sunny_FHD,3,0,toward,False,88,0.67,0.0444,0.1588,0.0527
Busan_busanportbrdg6_20201029_1000_THU_8m_NH_highway_TW3_sunny_FHD,Busan_busanportbrdg6_20201029_1000_THU_8m_NH_highway_TW3_sunny_FHD,4,1,away,False,88,1.05,0.0654,0.2052,0.0488
Busan_busanportbrdg6_20201029_1000_THU_8m_NH_highway_TW3_sunny_FHD,Busan_busanportbrdg6_20201029_1000_THU_8m_NH_highway_TW3_sunny_FHD,5,1,away,False,88,0.78,0.0278,0.0774,0.0302
Busan_busanportbrdg6_20201029_1000_THU_8m_NH_highway_TW3_sunny_FHD,Busan_busanportbrdg6_20201029_1000_THU_8m_NH_highway_TW3_sunny_FHD,6,1,away,False,88,1.67,0.0398,0.123,0.0307
Busan_busanportbrdg6_20201029_1500_THU_8m_NH_highway_TW3_sunny_FHD,Busan_busanportbrdg6_20201029_1500_THU_8m_NH_highway_TW3_sunny_FHD,1,0,toward,False,99,0.32,0.0221,0.0816,0.0206
Busan_busanportbrdg6_20201029_1500_THU_8m_NH_highway_TW3_sunny_FHD,Busan_busanportbrdg6_20201029_1500_THU_8m_NH_highway_TW3_sunny_FHD,2,0,toward,False,99,0.73,0.0692,0.2154,0.0479
Busan_busanportbrdg6_20201029_1500_THU_8m_NH_highway_TW3_sunny_FHD,Busan_busanportbrdg6_20201029_1500_THU_8m_NH_highway_TW3_sunny_FHD,3,0,toward,False,99,0.97,0.0781,0.2046,0.0689
Busan_busanportbrdg6_20201029_1500_THU_8m_NH_highway_TW3_sunny_FHD,Busan_busanportbrdg6_20201029_1500_THU_8m_NH_highway_TW3_sunny_FHD,4,1,away,False,99,0.58,0.0301,0.165,0.0265
Busan_busanportbrdg6_20201029_1500_THU_8m_NH_highway_TW3_sunny_FHD,Busan_busanportbrdg6_20201029_1500_THU_8m_NH_highway_TW3_sunny_FHD,5,1,away,False,99,0.82,0.0261,0.0788,0.0259
Busan_busanportbrdg6_20201029_1500_THU_8m_NH_highway_TW3_sunny_FHD,Busan_busanportbrdg6_20201029_1500_THU_8m_NH_highway_TW3_sunny_FHD,6,1,away,False,99,1.54,0.016,0.0719,0.0163
Busan_busanportbrdg6_20201119_1230_THU_8m_NH_highway_TW3_rainy_FHD,Busan_busanportbrdg6_20201119_1230_THU_8m_NH_highway_TW3_rainy_FHD,1,0,toward,False,90,0.17,0.0035,0.0,0.0064
Busan_busanportbrdg6_20201119_1230_THU_8m_NH_highway_TW3_rainy_FHD,Busan_busanportbrdg6_20201119_1230_THU_8m_NH_highway_TW3_rainy_FHD,2,0,toward,False,90,0.41,0.0407,0.1625,0.0256
Busan_busanportbrdg6_20201119_1230_THU_8m_NH_highway_TW3_rainy_FHD,Busan_busanportbrdg6_20201119_1230_THU_8m_NH_highway_TW3_rainy_FHD,3,0,toward,False,90,0.64,0.0547,0.1814,0.047
Busan_busanportbrdg6_20201119_1230_THU_8m_NH_highway_TW3_rainy_FHD,Busan_busanportbrdg6_20201119_1230_THU_8m_NH_highway_TW3_rainy_FHD,4,1,away,False,90,0.84,0.0534,0.1869,0.042
Busan_busanportbrdg6_20201119_1230_THU_8m_NH_highway_TW3_rainy_FHD,Busan_busanportbrdg6_20201119_1230_THU_8m_NH_highway_TW3_rainy_FHD,5,1,away,False,90,0.92,0.0258,0.0733,0.0274
Busan_busanportbrdg6_20201119_1230_THU_8m_NH_highway_TW3_rainy_FHD,Busan_busanportbrdg6_20201119_1230_THU_8m_NH_highway_TW3_rainy_FHD,6,1,away,False,90,1.59,0.0299,0.0949,0.0351
Cheonan_gangjeong_20201019_1730_MON_15m_NH_highway_TW3_sunny_FHD,Cheonan_gangjeong_20201019_1730_MON_15m_NH_highway_TW3_sunny_FHD,1,0,toward,True,108,0.08,0.0,0.0,0.0
Cheonan_gangjeong_20201019_1730_MON_15m_NH_highway_TW3_sunny_FHD,Cheonan_gangjeong_20201019_1730_MON_15m_NH_highway_TW3_sunny_FHD,2,0,toward,False,108,2.65,0.1461,0.2902,0.1238
Cheonan_gangjeong_20201019_1730_MON_15m_NH_highway_TW3_sunny_FHD,Cheonan_gangjeong_20201019_1730_MON_15m_NH_highway_TW3_sunny_FHD,3,0,toward,False,108,4.27,0.1484,0.2559,0.1131
Cheonan_gangjeong_20201019_1730_MON_15m_NH_highway_TW3_sunny_FHD,Cheonan_gangjeong_20201019_1730_MON_15m_NH_highway_TW3_sunny_FHD,4,0,toward,False,108,2.91,0.0924,0.2181,0.0776
Cheonan_gangjeong_20201019_1730_MON_15m_NH_highway_TW3_sunny_FHD,Cheonan_gangjeong_20201019_1730_MON_15m_NH_highway_TW3_sunny_FHD,5,1,away,False,108,4.11,0.1251,0.2674,0.0965
Cheonan_gangjeong_20201019_1730_MON_15m_NH_highway_TW3_sunny_FHD,Cheonan_gangjeong_20201019_1730_MON_15m_NH_highway_TW3_sunny_FHD,6,1,away,False,108,4.56,0.1206,0.2272,0.0972
Cheonan_gangjeong_20201019_1730_MON_15m_NH_highway_TW3_sunny_FHD,Cheonan_gangjeong_20201019_1730_MON_15m_NH_highway_TW3_sunny_FHD,7,1,away,False,108,3.39,0.0937,0.1719,0.0922
Cheonan_gangjeong_20201019_1730_MON_15m_NH_highway_TW3_sunny_FHD,Cheonan_gangjeong_20201019_1730_MON_15m_NH_highway_TW3_sunny_FHD,8,1,away,True,108,0.13,0.0044,0.0016,0.0112
Cheonan_gangjeong_20201020_1400_TUE_15m_NH_highway_TW3_sunny_FHD,Cheonan_gangjeong_20201020_1400_TUE_15m_NH_highway_TW3_sunny_FHD,1,0,toward,True,97,0.0,0.0,0.0,0.0
Cheonan_gangjeong_20201020_1400_TUE_15m_NH_highway_TW3_sunny_FHD,Cheonan_gangjeong_20201020_1400_TUE_15m_NH_highway_TW3_sunny_FHD,2,0,toward,False,97,3.0,0.226,0.4138,0.1782
Cheonan_gangjeong_20201020_1400_TUE_15m_NH_highway_TW3_sunny_FHD,Cheonan_gangjeong_20201020_1400_TUE_15m_NH_highway_TW3_sunny_FHD,3,0,toward,False,97,4.56,0.2058,0.3434,0.1512
Cheonan_gangjeong_20201020_1400_TUE_15m_NH_highway_TW3_sunny_FHD,Cheonan_gangjeong_20201020_1400_TUE_15m_NH_highway_TW3_sunny_FHD,4,0,toward,False,97,3.27,0.1064,0.2162,0.0844
Cheonan_gangjeong_20201020_1400_TUE_15m_NH_highway_TW3_sunny_FHD,Cheonan_gangjeong_20201020_1400_TUE_15m_NH_highway_TW3_sunny_FHD,5,1,away,False,97,3.91,0.148,0.2572,0.107
Cheonan_gangjeong_20201020_1400_TUE_15m_NH_highway_TW3_sunny_FHD,Cheonan_gangjeong_20201020_1400_TUE_15m_NH_highway_TW3_sunny_FHD,6,1,away,False,97,4.74,0.1434,0.2395,0.1231
Cheonan_gangjeong_20201020_1400_TUE_15m_NH_highway_TW3_sunny_FHD,Cheonan_gangjeong_20201020_1400_TUE_15m_NH_highway_TW3_sunny_FHD,7,1,away,False,97,3.34,0.0914,0.1787,0.0948
Cheonan_gangjeong_20201020_1400_TUE_15m_NH_highway_TW3_sunny_FHD,Cheonan_gangjeong_20201020_1400_TUE_15m_NH_highway_TW3_sunny_FHD,8,1,away,True,97,0.09,0.0019,0.0,0.0043
Cheonan_gangjeong_20201021_0830_WED_15m_NH_highway_TW3_sunny_FHD,Cheonan_gangjeong_20201021_0830_WED_15m_NH_highway_TW3_sunny_FHD,1,0,toward,False,129,0.08,0.002,0.0,0.0026
Cheonan_gangjeong_20201021_0830_WED_15m_NH_highway_TW3_sunny_FHD,Cheonan_gangjeong_20201021_0830_WED_15m_NH_highway_TW3_sunny_FHD,2,0,toward,False,129,6.28,0.1453,0.2447,0.1173
Cheonan_gangjeong_20201021_0830_WED_15m_NH_highway_TW3_sunny_FHD,Cheonan_gangjeong_20201021_0830_WED_15m_NH_highway_TW3_sunny_FHD,3,0,toward,False,129,2.67,0.0869,0.1866,0.0621
Cheonan_gangjeong_20201021_0830_WED_15m_NH_highway_TW3_sunny_FHD,Cheonan_gangjeong_20201021_0830_WED_15m_NH_highway_TW3_sunny_FHD,4,1,away,False,129,2.22,0.058,0.1348,0.0401
Cheonan_gangjeong_20201021_0830_WED_15m_NH_highway_TW3_sunny_FHD,Cheonan_gangjeong_20201021_0830_WED_15m_NH_highway_TW3_sunny_FHD,5,1,away,False,129,1.17,0.0372,0.1316,0.0308
Cheonan_gangjeong_20201021_0830_WED_15m_NH_highway_TW3_sunny_FHD,Cheonan_gangjeong_20201021_0830_WED_15m_NH_highway_TW3_sunny_FHD,6,1,away,False,129,1.84,0.0958,0.2239,0.0631
Cheonan_gangjeong_20201021_0830_WED_15m_NH_highway_TW3_sunny_FHD,Cheonan_gangjeong_20201021_0830_WED_15m_NH_highway_TW3_sunny_FHD,7,1,away,False,129,1.67,0.2087,0.379,0.1753
Cheonan_gangjeong_20201021_1330_WED_15m_NH_highway_TW3_sunny_FHD,Cheonan_gangjeong_20201021_1330_WED_15m_NH_highway_TW3_sunny_FHD,1,0,toward,True,97,0.06,0.0,0.0,0.0001
Cheonan_gangjeong_20201021_1330_WED_15m_NH_highway_TW3_sunny_FHD,Cheonan_gangjeong_20201021_1330_WED_15m_NH_highway_TW3_sunny_FHD,2,0,toward,False,97,2.94,0.216,0.3782,0.1862
Cheonan_gangjeong_20201021_1330_WED_15m_NH_highway_TW3_sunny_FHD,Cheonan_gangjeong_20201021_1330_WED_15m_NH_highway_TW3_sunny_FHD,3,0,toward,False,97,4.69,0.1844,0.3353,0.1527
Cheonan_gangjeong_20201021_1330_WED_15m_NH_highway_TW3_sunny_FHD,Cheonan_gangjeong_20201021_1330_WED_15m_NH_highway_TW3_sunny_FHD,4,0,toward,False,97,3.62,0.102,0.1873,0.0926
Cheonan_gangjeong_20201021_1330_WED_15m_NH_highway_TW3_sunny_FHD,Cheonan_gangjeong_20201021_1330_WED_15m_NH_highway_TW3_sunny_FHD,5,1,away,False,97,3.14,0.1001,0.1936,0.0731
Cheonan_gangjeong_20201021_1330_WED_15m_NH_highway_TW3_sunny_FHD,Cheonan_gangjeong_20201021_1330_WED_15m_NH_highway_TW3_sunny_FHD,6,1,away,False,97,4.22,0.1099,0.1893,0.0861
Cheonan_gangjeong_20201021_1330_WED_15m_NH_highway_TW3_sunny_FHD,Cheonan_gangjeong_20201021_1330_WED_15m_NH_highway_TW3_sunny_FHD,7,1,away,False,97,2.8,0.0711,0.1251,0.0651
Cheonan_gangjeong_20201021_1330_WED_15m_NH_highway_TW3_sunny_FHD,Cheonan_gangjeong_20201021_1330_WED_15m_NH_highway_TW3_sunny_FHD,8,1,away,True,97,0.45,0.0004,0.0,0.0036
Cheonan_ogsan_20201019_1630_MON_15m_RH_highway_TW3_sunny_FHD,Cheonan_ogsan_20201019_1630_MON_15m_RH_highway_TW3_sunny_FHD,1,0,toward,False,82,0.33,0.0049,0.0133,0.0025
Cheonan_ogsan_20201019_1630_MON_15m_RH_highway_TW3_sunny_FHD,Cheonan_ogsan_20201019_1630_MON_15m_RH_highway_TW3_sunny_FHD,2,0,toward,False,82,0.35,0.0256,0.0864,0.0313
Cheonan_ogsan_20201019_1630_MON_15m_RH_highway_TW3_sunny_FHD,Cheonan_ogsan_20201019_1630_MON_15m_RH_highway_TW3_sunny_FHD,3,1,toward,False,82,0.21,0.0027,0.0,0.0008
Cheonan_ogsan_20201019_1630_MON_15m_RH_highway_TW3_sunny_FHD,Cheonan_ogsan_20201019_1630_MON_15m_RH_highway_TW3_sunny_FHD,4,1,toward,False,82,0.0,0.0,0.0,0.0
Cheonan_ogsan_20201019_1630_MON_15m_RH_highway_TW3_sunny_FHD,Cheonan_ogsan_20201019_1630_MON_15m_RH_highway_TW3_sunny_FHD,5,1,toward,False,82,0.07,0.0003,0.0,0.0005
Cheonan_ogsan_20201019_1630_MON_15m_RH_highway_TW3_sunny_FHD,Cheonan_ogsan_20201019_1630_MON_15m_RH_highway_TW3_sunny_FHD,6,1,toward,False,82,0.91,0.0,0.0,0.0003
Cheonan_ogsan_20201019_1630_MON_15m_RH_highway_TW3_sunny_FHD,Cheonan_ogsan_20201019_1630_MON_15m_RH_highway_TW3_sunny_FHD,7,2,toward,True,82,0.04,0.0,0.0,0.0
Cheonan_ogsan_20201019_1630_MON_15m_RH_highway_TW3_sunny_FHD,Cheonan_ogsan_20201019_1630_MON_15m_RH_highway_TW3_sunny_FHD,8,2,toward,False,82,1.72,0.0842,0.2614,0.0752
Cheonan_ogsan_20201019_1630_MON_15m_RH_highway_TW3_sunny_FHD,Cheonan_ogsan_20201019_1630_MON_15m_RH_highway_TW3_sunny_FHD,9,2,toward,False,82,2.38,0.0812,0.1786,0.0643
Cheonan_ogsan_20201019_1630_MON_15m_RH_highway_TW3_sunny_FHD,Cheonan_ogsan_20201019_1630_MON_15m_RH_highway_TW3_sunny_FHD,10,2,toward,False,82,1.51,0.05,0.1092,0.0401
Cheonan_ogsan_20201019_1630_MON_15m_RH_highway_TW3_sunny_FHD,Cheonan_ogsan_20201019_1630_MON_15m_RH_highway_TW3_sunny_FHD,11,3,away,False,82,3.55,0.0531,0.1524,0.0556
Cheonan_ogsan_20201019_1630_MON_15m_RH_highway_TW3_sunny_FHD,Cheonan_ogsan_20201019_1630_MON_15m_RH_highway_TW3_sunny_FHD,12,3,away,False,82,3.5,0.0709,0.1741,0.0602
Cheonan_ogsan_20201019_1630_MON_15m_RH_highway_TW3_sunny_FHD,Cheonan_ogsan_20201019_1630_MON_15m_RH_highway_TW3_sunny_FHD,13,3,away,False,82,1.78,0.0619,0.1545,0.0572
Cheonan_ogsan_20201019_1630_MON_15m_RH_highway_TW3_sunny_FHD,Cheonan_ogsan_20201019_1630_MON_15m_RH_highway_TW3_sunny_FHD,14,3,away,True,82,0.1,0.0001,0.0,0.0004
Cheonan_ogsan_20201020_1100_TUE_15m_RH_highway_TW3_sunny_FHD,Cheonan_ogsan_20201020_1100_TUE_15m_RH_highway_TW3_sunny_FHD,1,0,toward,False,120,0.11,0.0048,0.0,0.002
Cheonan_ogsan_20201020_1100_TUE_15m_RH_highway_TW3_sunny_FHD,Cheonan_ogsan_20201020_1100_TUE_15m_RH_highway_TW3_sunny_FHD,2,0,toward,False,120,1.19,0.0283,0.1335,0.0194
Cheonan_ogsan_20201020_1100_TUE_15m_RH_highway_TW3_sunny_FHD,Cheonan_ogsan_20201020_1100_TUE_15m_RH_highway_TW3_sunny_FHD,3,1,toward,False,120,0.0,0.0,0.0,0.0
Cheonan_ogsan_20201020_1100_TUE_15m_RH_highway_TW3_sunny_FHD,Cheonan_ogsan_20201020_1100_TUE_15m_RH_highway_TW3_sunny_FHD,4,1,toward,False,120,0.0,0.0,0.0,0.0
Cheonan_ogsan_20201020_1100_TUE_15m_RH_highway_TW3_sunny_FHD,Cheonan_ogsan_20201020_1100_TUE_15m_RH_highway_TW3_sunny_FHD,5,1,toward,False,120,0.0,0.0,0.0,0.0
Cheonan_ogsan_20201020_1100_TUE_15m_RH_highway_TW3_sunny_FHD,Cheonan_ogsan_20201020_1100_TUE_15m_RH_highway_TW3_sunny_FHD,6,1,toward,False,120,0.0,0.0,0.0,0.0
Cheonan_ogsan_20201020_1100_TUE_15m_RH_highway_TW3_sunny_FHD,Cheonan_ogsan_20201020_1100_TUE_15m_RH_highway_TW3_sunny_FHD,7,2,toward,True,120,0.03,0.0,0.0,0.0
Cheonan_ogsan_20201020_1100_TUE_15m_RH_highway_TW3_sunny_FHD,Cheonan_ogsan_20201020_1100_TUE_15m_RH_highway_TW3_sunny_FHD,8,2,toward,False,120,1.77,0.1114,0.3307,0.0837
Cheonan_ogsan_20201020_1100_TUE_15m_RH_highway_TW3_sunny_FHD,Cheonan_ogsan_20201020_1100_TUE_15m_RH_highway_TW3_sunny_FHD,9,2,toward,False,120,2.62,0.0936,0.2182,0.0779
Cheonan_ogsan_20201020_1100_TUE_15m_RH_highway_TW3_sunny_FHD,Cheonan_ogsan_20201020_1100_TUE_15m_RH_highway_TW3_sunny_FHD,10,2,toward,False,120,1.25,0.0395,0.112,0.0429
Cheonan_ogsan_20201020_1100_TUE_15m_RH_highway_TW3_sunny_FHD,Cheonan_ogsan_20201020_1100_TUE_15m_RH_highway_TW3_sunny_FHD,11,3,away,False,120,3.63,0.0651,0.1631,0.057
Cheonan_ogsan_20201020_1100_TUE_15m_RH_highway_TW3_sunny_FHD,Cheonan_ogsan_20201020_1100_TUE_15m_RH_highway_TW3_sunny_FHD,12,3,away,False,120,3.26,0.0828,0.1989,0.07
Cheonan_ogsan_20201020_1100_TUE_15m_RH_highway_TW3_sunny_FHD,Cheonan_ogsan_20201020_1100_TUE_15m_RH_highway_TW3_sunny_FHD,13,3,away,False,120,1.6,0.0515,0.1302,0.0469
Cheonan_ogsan_20201020_1100_TUE_15m_RH_highway_TW3_sunny_FHD,Cheonan_ogsan_20201020_1100_TUE_15m_RH_highway_TW3_sunny_FHD,14,3,away,True,120,0.06,0.0008,0.0,0.0005
Cheonan_ogsan_20201020_1600_TUE_15m_RH_highway_TW3_sunny_FHD,Cheonan_ogsan_20201020_1600_TUE_15m_RH_highway_TW3_sunny_FHD,1,0,toward,False,94,0.15,0.0044,0.0069,0.0039
Cheonan_ogsan_20201020_1600_TUE_15m_RH_highway_TW3_sunny_FHD,Cheonan_ogsan_20201020_1600_TUE_15m_RH_highway_TW3_sunny_FHD,2,0,toward,False,94,0.47,0.0285,0.1056,0.0262
Cheonan_ogsan_20201020_1600_TUE_15m_RH_highway_TW3_sunny_FHD,Cheonan_ogsan_20201020_1600_TUE_15m_RH_highway_TW3_sunny_FHD,3,1,toward,False,94,0.12,0.0078,0.0,0.0034
Cheonan_ogsan_20201020_1600_TUE_15m_RH_highway_TW3_sunny_FHD,Cheonan_ogsan_20201020_1600_TUE_15m_RH_highway_TW3_sunny_FHD,4,1,toward,False,94,0.1,0.0042,0.0,0.002
Cheonan_ogsan_20201020_1600_TUE_15m_RH_highway_TW3_sunny_FHD,Cheonan_ogsan_20201020_1600_TUE_15m_RH_highway_TW3_sunny_FHD,5,1,toward,False,94,0.04,0.0044,0.0,0.0026
Cheonan_ogsan_20201020_1600_TUE_15m_RH_highway_TW3_sunny_FHD,Cheonan_ogsan_20201020_1600_TUE_15m_RH_highway_TW3_sunny_FHD,6,1,toward,False,94,0.01,0.0005,0.0,0.0003
Cheonan_ogsan_20201020_1600_TUE_15m_RH_highway_TW3_sunny_FHD,Cheonan_ogsan_20201020_1600_TUE_15m_RH_highway_TW3_sunny_FHD,7,2,toward,True,94,0.03,0.0059,0.0,0.002
Cheonan_ogsan_20201020_1600_TUE_15m_RH_highway_TW3_sunny_FHD,Cheonan_ogsan_20201020_1600_TUE_15m_RH_highway_TW3_sunny_FHD,8,2,toward,False,94,1.6,0.0816,0.2984,0.0668
Cheonan_ogsan_20201020_1600_TUE_15m_RH_highway_TW3_sunny_FHD,Cheonan_ogsan_20201020_1600_TUE_15m_RH_highway_TW3_sunny_FHD,9,2,toward,False,94,2.49,0.0904,0.2018,0.0789
Cheonan_ogsan_20201020_1600_TUE_15m_RH_highway_TW3_sunny_FHD,Cheonan_ogsan_20201020_1600_TUE_15m_RH_highway_TW3_sunny_FHD,10,2,toward,False,94,1.91,0.0604,0.1394,0.0498
Cheonan_ogsan_20201020_1600_TUE_15m_RH_highway_TW3_sunny_FHD,Cheonan_ogsan_20201020_1600_TUE_15m_RH_highway_TW3_sunny_FHD,11,3,away,False,94,3.28,0.0567,0.1249,0.0483
Cheonan_ogsan_20201020_1600_TUE_15m_RH_highway_TW3_sunny_FHD,Cheonan_ogsan_20201020_1600_TUE_15m_RH_highway_TW3_sunny_FHD,12,3,away,False,94,3.32,0.0657,0.1661,0.0541
Cheonan_ogsan_20201020_1600_TUE_15m_RH_highway_TW3_sunny_FHD,Cheonan_ogsan_20201020_1600_TUE_15m_RH_highway_TW3_sunny_FHD,13,3,away,False,94,1.8,0.0489,0.1235,0.0473
Cheonan_ogsan_20201020_1600_TUE_15m_RH_highway_TW3_sunny_FHD,Cheonan_ogsan_20201020_1600_TUE_15m_RH_highway_TW3_sunny_FHD,14,3,away,True,94,0.4,0.0093,0.0,0.0065
Cheonan_ogsan_20201021_1000_WED_15m_RH_highway_TW3_sunny_FHD,Cheonan_ogsan_20201021_1000_WED_15m_RH_highway_TW3_sunny_FHD,1,0,toward,False,94,0.02,0.0,0.0,0.0
Cheonan_ogsan_20201021_1000_WED_15m_RH_highway_TW3_sunny_FHD,Cheonan_ogsan_20201021_1000_WED_15m_RH_highway_TW3_sunny_FHD,2,0,toward,False,94,0.97,0.0127,0.0502,0.0143
Cheonan_ogsan_20201021_1000_WED_15m_RH_highway_TW3_sunny_FHD,Cheonan_ogsan_20201021_1000_WED_15m_RH_highway_TW3_sunny_FHD,3,1,toward,False,94,0.46,0.0566,0.1724,0.0863
Cheonan_ogsan_20201021_1000_WED_15m_RH_highway_TW3_sunny_FHD,Cheonan_ogsan_20201021_1000_WED_15m_RH_highway_TW3_sunny_FHD,4,1,toward,False,94,0.68,0.1002,0.324,0.0682
Cheonan_ogsan_20201021_1000_WED_15m_RH_highway_TW3_sunny_FHD,Cheonan_ogsan_20201021_1000_WED_15m_RH_highway_TW3_sunny_FHD,5,1,toward,False,94,0.41,0.0293,0.1091,0.028
Cheonan_ogsan_20201021_1000_WED_15m_RH_highway_TW3_sunny_FHD,Cheonan_ogsan_20201021_1000_WED_15m_RH_highway_TW3_sunny_FHD,6,1,toward,False,94,0.52,0.0103,0.0375,0.0062
Cheonan_ogsan_20201021_1000_WED_15m_RH_highway_TW3_sunny_FHD,Cheonan_ogsan_20201021_1000_WED_15m_RH_highway_TW3_sunny_FHD,7,2,toward,True,94,0.04,0.0,0.0,0.0
Cheonan_ogsan_20201021_1000_WED_15m_RH_highway_TW3_sunny_FHD,Cheonan_ogsan_20201021_1000_WED_15m_RH_highway_TW3_sunny_FHD,8,2,toward,False,94,1.54,0.081,0.2839,0.0588
Cheonan_ogsan_20201021_1000_WED_15m_RH_highway_TW3_sunny_FHD,Cheonan_ogsan_20201021_1000_WED_15m_RH_highway_TW3_sunny_FHD,9,2,toward,False,94,2.23,0.0832,0.1819,0.0718
Cheonan_ogsan_20201021_1000_WED_15m_RH_highway_TW3_sunny_FHD,Cheonan_ogsan_20201021_1000_WED_15m_RH_highway_TW3_sunny_FHD,10,2,toward,False,94,1.38,0.0401,0.12,0.035
Cheonan_ogsan_20201021_1000_WED_15m_RH_highway_TW3_sunny_FHD,Cheonan_ogsan_20201021_1000_WED_15m_RH_highway_TW3_sunny_FHD,11,3,away,False,94,3.65,0.0633,0.1628,0.0552
Cheonan_ogsan_20201021_1000_WED_15m_RH_highway_TW3_sunny_FHD,Cheonan_ogsan_20201021_1000_WED_15m_RH_highway_TW3_sunny_FHD,12,3,away,False,94,3.38,0.0855,0.1862,0.0732
Cheonan_ogsan_20201021_1000_WED_15m_RH_highway_TW3_sunny_FHD,Cheonan_ogsan_20201021_1000_WED_15m_RH_highway_TW3_sunny_FHD,13,3,away,False,94,1.82,0.0629,0.1483,0.0522
Cheonan_ogsan_20201021_1000_WED_15m_RH_highway_TW3_sunny_FHD,Cheonan_ogsan_20201021_1000_WED_15m_RH_highway_TW3_sunny_FHD,14,3,away,True,94,0.1,0.0,0.0,0.0001
Cheonan_ogsan_20201021_1500_WED_15m_NH_highway_TW3_sunny_FHD,Cheonan_ogsan_20201021_1500_WED_15m_NH_highway_TW3_sunny_FHD,1,0,toward,False,104,0.4,0.0185,0.0679,0.0354
Cheonan_ogsan_20201021_1500_WED_15m_NH_highway_TW3_sunny_FHD,Cheonan_ogsan_20201021_1500_WED_15m_NH_highway_TW3_sunny_FHD,2,0,toward,False,104,0.64,0.0401,0.1094,0.034
Cheonan_ogsan_20201021_1500_WED_15m_NH_highway_TW3_sunny_FHD,Cheonan_ogsan_20201021_1500_WED_15m_NH_highway_TW3_sunny_FHD,3,1,toward,False,104,0.0,0.0,0.0,0.0
Cheonan_ogsan_20201021_1500_WED_15m_NH_highway_TW3_sunny_FHD,Cheonan_ogsan_20201021_1500_WED_15m_NH_highway_TW3_sunny_FHD,4,1,toward,False,104,0.1,0.0,0.0,0.0
Cheonan_ogsan_20201021_1500_WED_15m_NH_highway_TW3_sunny_FHD,Cheonan_ogsan_20201021_1500_WED_15m_NH_highway_TW3_sunny_FHD,5,1,toward,False,104,0.0,0.0,0.0,0.0
Cheonan_ogsan_20201021_1500_WED_15m_NH_highway_TW3_sunny_FHD,Cheonan_ogsan_20201021_1500_WED_15m_NH_highway_TW3_sunny_FHD,6,1,toward,False,104,1.18,0.0,0.0,0.0
Cheonan_ogsan_20201021_1500_WED_15m_NH_highway_TW3_sunny_FHD,Cheonan_ogsan_20201021_1500_WED_15m_NH_highway_TW3_sunny_FHD,7,2,toward,True,104,0.02,0.0,0.0,0.0
Cheonan_ogsan_20201021_1500_WED_15m_NH_highway_TW3_sunny_FHD,Cheonan_ogsan_20201021_1500_WED_15m_NH_highway_TW3_sunny_FHD,8,2,toward,False,104,1.68,0.083,0.2539,0.0676
Cheonan_ogsan_20201021_1500_WED_15m_NH_highway_TW3_sunny_FHD,Cheonan_ogsan_20201021_1500_WED_15m_NH_highway_TW3_sunny_FHD,9,2,toward,False,104,2.62,0.0898,0.1901,0.0757
Cheonan_ogsan_20201021_1500_WED_15m_NH_highway_TW3_sunny_FHD,Cheonan_ogsan_20201021_1500_WED_15m_NH_highway_TW3_sunny_FHD,10,2,toward,False,104,2.07,0.0588,0.1304,0.0543
Cheonan_ogsan_20201021_1500_WED_15m_NH_highway_TW3_sunny_FHD,Cheonan_ogsan_20201021_1500_WED_15m_NH_highway_TW3_sunny_FHD,11,3,away,False,104,3.93,0.0634,0.1705,0.0523
Cheonan_ogsan_20201021_1500_WED_15m_NH_highway_TW3_sunny_FHD,Cheonan_ogsan_20201021_1500_WED_15m_NH_highway_TW3_sunny_FHD,12,3,away,False,104,3.72,0.0818,0.1678,0.0704
Cheonan_ogsan_20201021_1500_WED_15m_NH_highway_TW3_sunny_FHD,Cheonan_ogsan_20201021_1500_WED_15m_NH_highway_TW3_sunny_FHD,13,3,away,False,104,1.9,0.0585,0.1407,0.0607
Cheonan_ogsan_20201021_1500_WED_15m_NH_highway_TW3_sunny_FHD,Cheonan_ogsan_20201021_1500_WED_15m_NH_highway_TW3_sunny_FHD,14,3,away,True,104,0.23,0.001,0.0,0.0028
Cheonan_sajeong_20201019_1730_MON_15m_NH_highway_TW3_sunny_FHD,Cheonan_sajeong_20201019_1730_MON_15m_NH_highway_TW3_sunny_FHD,1,0,toward,False,120,0.03,0.0003,0.0,0.0002
Cheonan_sajeong_20201019_1730_MON_15m_NH_highway_TW3_sunny_FHD,Cheonan_sajeong_20201019_1730_MON_15m_NH_highway_TW3_sunny_FHD,2,0,toward,False,120,1.88,0.0349,0.0908,0.0329
Cheonan_sajeong_20201019_1730_MON_15m_NH_highway_TW3_sunny_FHD,Cheonan_sajeong_20201019_1730_MON_15m_NH_highway_TW3_sunny_FHD,3,0,toward,False,120,3.25,0.0503,0.1137,0.0534
Cheonan_sajeong_20201019_1730_MON_15m_NH_highway_TW3_sunny_FHD,Cheonan_sajeong_20201019_1730_MON_15m_NH_highway_TW3_sunny_FHD,4,0,toward,False,120,2.72,0.0487,0.118,0.0444
Cheonan_sajeong_20201019_1730_MON_15m_NH_highway_TW3_sunny_FHD,Cheonan_sajeong_20201019_1730_MON_15m_NH_highway_TW3_sunny_FHD,5,1,away,False,120,1.84,0.0469,0.1387,0.0399
Cheonan_sajeong_20201019_1730_MON_15m_NH_highway_TW3_sunny_FHD,Cheonan_sajeong_20201019_1730_MON_15m_NH_highway_TW3_sunny_FHD,6,1,away,False,120,2.78,0.0738,0.1913,0.0668
Cheonan_sajeong_20201019_1730_MON_15m_NH_highway_TW3_sunny_FHD,Cheonan_sajeong_20201019_1730_MON_15m_NH_highway_TW3_sunny_FHD,7,1,away,False,120,2.5,0.0957,0.3344,0.0744
Cheonan_sajeong_20201019_1730_MON_15m_NH_highway_TW3_sunny_FHD,Cheonan_sajeong_20201019_1730_MON_15m_NH_highway_TW3_sunny_FHD,8,1,away,True,120,0.24,0.0,0.0,0.0
Cheonan_sajeong_20201020_1330_TUE_15m_NH_highway_TW3_sunny_FHD,Cheonan_sajeong_20201020_1330_TUE_15m_NH_highway_TW3_sunny_FHD,1,0,toward,False,96,0.41,0.0,0.0,0.0013
Cheonan_sajeong_20201020_1330_TUE_15m_NH_highway_TW3_sunny_FHD,Cheonan_sajeong_20201020_1330_TUE_15m_NH_highway_TW3_sunny_FHD,2,0,toward,False,96,2.25,0.0454,0.1129,0.0373
Cheonan_sajeong_20201020_1330_TUE_15m_NH_highway_TW3_sunny_FHD,Cheonan_sajeong_20201020_1330_TUE_15m_NH_highway_TW3_sunny_FHD,3,0,toward,False,96,3.58,0.0669,0.1567,0.0556
Cheonan_sajeong_20201020_1330_TUE_15m_NH_highway_TW3_sunny_FHD,Cheonan_sajeong_20201020_1330_TUE_15m_NH_highway_TW3_sunny_FHD,4,0,toward,False,96,2.54,0.055,0.1351,0.0453
Cheonan_sajeong_20201020_1330_TUE_15m_NH_highway_TW3_sunny_FHD,Cheonan_sajeong_20201020_1330_TUE_15m_NH_highway_TW3_sunny_FHD,5,1,away,False,96,2.69,0.0624,0.1593,0.0567
Cheonan_sajeong_20201020_1330_TUE_15m_NH_highway_TW3_sunny_FHD,Cheonan_sajeong_20201020_1330_TUE_15m_NH_highway_TW3_sunny_FHD,6,1,away,False,96,2.77,0.0838,0.2298,0.0722
Cheonan_sajeong_20201020_1330_TUE_15m_NH_highway_TW3_sunny_FHD,Cheonan_sajeong_20201020_1330_TUE_15m_NH_highway_TW3_sunny_FHD,7,1,away,False,96,2.0,0.1021,0.2858,0.0748
Cheonan_sajeong_20201020_1330_TUE_15m_NH_highway_TW3_sunny_FHD,Cheonan_sajeong_20201020_1330_TUE_15m_NH_highway_TW3_sunny_FHD,8,1,away,True,96,0.05,0.0091,0.0,0.0015
Cheonan_sajeong_20201021_0730_WED_15m_NH_highway_TW3_sunny_FHD,Cheonan_sajeong_20201021_0730_WED_15m_NH_highway_TW3_sunny_FHD,1,0,toward,False,94,0.02,0.0,0.0,0.0
Cheonan_sajeong_20201021_0730_WED_15m_NH_highway_TW3_sunny_FHD,Cheonan_sajeong_20201021_0730_WED_15m_NH_highway_TW3_sunny_FHD,2,0,toward,False,94,2.28,0.0452,0.1262,0.0453
Cheonan_sajeong_20201021_0730_WED_15m_NH_highway_TW3_sunny_FHD,Cheonan_sajeong_20201021_0730_WED_15m_NH_highway_TW3_sunny_FHD,3,0,toward,False,94,2.98,0.0464,0.1235,0.0461
Cheonan_sajeong_20201021_0730_WED_15m_NH_highway_TW3_sunny_FHD,Cheonan_sajeong_20201021_0730_WED_15m_NH_highway_TW3_sunny_FHD,4,0,toward,False,94,2.24,0.0492,0.1344,0.0422
Cheonan_sajeong_20201021_0730_WED_15m_NH_highway_TW3_sunny_FHD,Cheonan_sajeong_20201021_0730_WED_15m_NH_highway_TW3_sunny_FHD,5,1,away,False,94,0.95,0.0468,0.1314,0.0422
Cheonan_sajeong_20201021_0730_WED_15m_NH_highway_TW3_sunny_FHD,Cheonan_sajeong_20201021_0730_WED_15m_NH_highway_TW3_sunny_FHD,6,1,away,False,94,1.06,0.0569,0.1542,0.0506
Cheonan_sajeong_20201021_0730_WED_15m_NH_highway_TW3_sunny_FHD,Cheonan_sajeong_20201021_0730_WED_15m_NH_highway_TW3_sunny_FHD,7,1,away,False,94,1.5,0.0654,0.2516,0.0692
Cheonan_sajeong_20201021_0730_WED_15m_NH_highway_TW3_sunny_FHD,Cheonan_sajeong_20201021_0730_WED_15m_NH_highway_TW3_sunny_FHD,8,1,away,True,94,1.04,0.0002,0.0,0.0049
Cheonan_sajeong_20201021_1330_WED_15m_NH_highway_TW3_sunny_FHD,Cheonan_sajeong_20201021_1330_WED_15m_NH_highway_TW3_sunny_FHD,1,0,toward,False,96,0.09,0.0,0.0,0.0001
Cheonan_sajeong_20201021_1330_WED_15m_NH_highway_TW3_sunny_FHD,Cheonan_sajeong_20201021_1330_WED_15m_NH_highway_TW3_sunny_FHD,2,0,toward,False,96,2.47,0.0447,0.1068,0.0374
Cheonan_sajeong_20201021_1330_WED_15m_NH_highway_TW3_sunny_FHD,Cheonan_sajeong_20201021_1330_WED_15m_NH_highway_TW3_sunny_FHD,3,0,toward,False,96,4.08,0.0753,0.1639,0.0809
Cheonan_sajeong_20201021_1330_WED_15m_NH_highway_TW3_sunny_FHD,Cheonan_sajeong_20201021_1330_WED_15m_NH_highway_TW3_sunny_FHD,4,0,toward,False,96,3.23,0.0646,0.1383,0.0539
Cheonan_sajeong_20201021_1330_WED_15m_NH_highway_TW3_sunny_FHD,Cheonan_sajeong_20201021_1330_WED_15m_NH_highway_TW3_sunny_FHD,5,1,away,False,96,1.52,0.0436,0.0851,0.0445
Cheonan_sajeong_20201021_1330_WED_15m_NH_highway_TW3_sunny_FHD,Cheonan_sajeong_20201021_1330_WED_15m_NH_highway_TW3_sunny_FHD,6,1,away,False,96,2.41,0.0941,0.2119,0.0941
Cheonan_sajeong_20201021_1330_WED_15m_NH_highway_TW3_sunny_FHD,Cheonan_sajeong_20201021_1330_WED_15m_NH_highway_TW3_sunny_FHD,7,1,away,False,96,2.8,0.1083,0.2666,0.0929
Cheonan_sajeong_20201021_1330_WED_15m_NH_highway_TW3_sunny_FHD,Cheonan_sajeong_20201021_1330_WED_15m_NH_highway_TW3_sunny_FHD,8,1,away,True,96,0.57,0.0,0.0,0.0001
Cheonan_seongnam2_20201019_1630_MON_10m_RH_highway_TW3_sunny_FHD,Cheonan_seongnam2_20201019_1630_MON_10m_RH_highway_TW3_sunny_FHD,1,0,toward,True,87,0.02,0.0006,0.0,0.0024
Cheonan_seongnam2_20201019_1630_MON_10m_RH_highway_TW3_sunny_FHD,Cheonan_seongnam2_20201019_1630_MON_10m_RH_highway_TW3_sunny_FHD,2,0,toward,False,87,1.53,0.0665,0.2071,0.0458
Cheonan_seongnam2_20201019_1630_MON_10m_RH_highway_TW3_sunny_FHD,Cheonan_seongnam2_20201019_1630_MON_10m_RH_highway_TW3_sunny_FHD,3,0,toward,False,87,4.01,0.0663,0.1284,0.0638
Cheonan_seongnam2_20201019_1630_MON_10m_RH_highway_TW3_sunny_FHD,Cheonan_seongnam2_20201019_1630_MON_10m_RH_highway_TW3_sunny_FHD,4,1,away,False,87,2.55,0.0627,0.1578,0.0477
Cheonan_seongnam2_20201019_1630_MON_10m_RH_highway_TW3_sunny_FHD,Cheonan_seongnam2_20201019_1630_MON_10m_RH_highway_TW3_sunny_FHD,5,1,away,False,87,3.14,0.1264,0.3139,0.1058
Cheonan_seongnam2_20201019_1630_MON_10m_RH_highway_TW3_sunny_FHD,Cheonan_seongnam2_20201019_1630_MON_10m_RH_highway_TW3_sunny_FHD,6,1,away,False,87,1.54,0.0987,0.2024,0.0817
Cheonan_seongnam2_20201020_1030_TUE_10m_RH_highway_TW3_sunny_FHD,Cheonan_seongnam2_20201020_1030_TUE_10m_RH_highway_TW3_sunny_FHD,1,0,toward,True,96,0.03,0.0067,0.0,0.016
Cheonan_seongnam2_20201020_1030_TUE_10m_RH_highway_TW3_sunny_FHD,Cheonan_seongnam2_20201020_1030_TUE_10m_RH_highway_TW3_sunny_FHD,2,0,toward,False,96,1.39,0.0779,0.2421,0.0695
Cheonan_seongnam2_20201020_1030_TUE_10m_RH_highway_TW3_sunny_FHD,Cheonan_seongnam2_20201020_1030_TUE_10m_RH_highway_TW3_sunny_FHD,3,0,toward,False,96,3.67,0.0592,0.1422,0.049
Cheonan_seongnam2_20201020_1030_TUE_10m_RH_highway_TW3_sunny_FHD,Cheonan_seongnam2_20201020_1030_TUE_10m_RH_highway_TW3_sunny_FHD,4,1,away,False,96,2.16,0.0641,0.148,0.0505
Cheonan_seongnam2_20201020_1030_TUE_10m_RH_highway_TW3_sunny_FHD,Cheonan_seongnam2_20201020_1030_TUE_10m_RH_highway_TW3_sunny_FHD,5,1,away,False,96,3.15,0.1154,0.2797,0.0893
Cheonan_seongnam2_20201020_1030_TUE_10m_RH_highway_TW3_sunny_FHD,Cheonan_seongnam2_20201020_1030_TUE_10m_RH_highway_TW3_sunny_FHD,6,1,away,False,96,1.67,0.0945,0.2046,0.0836
Cheonan_seongnam2_20201020_1530_TUE_10m_NH_highway_TW3_sunny_FHD,Cheonan_seongnam2_20201020_1530_TUE_10m_NH_highway_TW3_sunny_FHD,1,0,toward,True,129,0.09,0.0068,0.0,0.0085
Cheonan_seongnam2_20201020_1530_TUE_10m_NH_highway_TW3_sunny_FHD,Cheonan_seongnam2_20201020_1530_TUE_10m_NH_highway_TW3_sunny_FHD,2,0,toward,False,129,1.47,0.0834,0.2748,0.0714
Cheonan_seongnam2_20201020_1530_TUE_10m_NH_highway_TW3_sunny_FHD,Cheonan_seongnam2_20201020_1530_TUE_10m_NH_highway_TW3_sunny_FHD,3,0,toward,False,129,3.82,0.0623,0.1412,0.0505
Cheonan_seongnam2_20201020_1530_TUE_10m_NH_highway_TW3_sunny_FHD,Cheonan_seongnam2_20201020_1530_TUE_10m_NH_highway_TW3_sunny_FHD,4,1,away,False,129,2.51,0.0641,0.1577,0.0564
Cheonan_seongnam2_20201020_1530_TUE_10m_NH_highway_TW3_sunny_FHD,Cheonan_seongnam2_20201020_1530_TUE_10m_NH_highway_TW3_sunny_FHD,5,1,away,False,129,3.24,0.1052,0.2337,0.1045
Cheonan_seongnam2_20201020_1530_TUE_10m_NH_highway_TW3_sunny_FHD,Cheonan_seongnam2_20201020_1530_TUE_10m_NH_highway_TW3_sunny_FHD,6,1,away,False,129,1.55,0.0998,0.2106,0.0858
Cheonan_seongnam2_20201021_0930_WED_10m_RH_highway_TW3_sunny_FHD,Cheonan_seongnam2_20201021_0930_WED_10m_RH_highway_TW3_sunny_FHD,1,0,toward,True,91,0.03,0.0059,0.0,0.0024
Cheonan_seongnam2_20201021_0930_WED_10m_RH_highway_TW3_sunny_FHD,Cheonan_seongnam2_20201021_0930_WED_10m_RH_highway_TW3_sunny_FHD,2,0,toward,False,91,1.31,0.0904,0.2704,0.0811
Cheonan_seongnam2_20201021_0930_WED_10m_RH_highway_TW3_sunny_FHD,Cheonan_seongnam2_20201021_0930_WED_10m_RH_highway_TW3_sunny_FHD,3,0,toward,False,91,3.4,0.0622,0.1503,0.0486
Cheonan_seongnam2_20201021_0930_WED_10m_RH_highway_TW3_sunny_FHD,Cheonan_seongnam2_20201021_0930_WED_10m_RH_highway_TW3_sunny_FHD,4,1,away,False,91,2.58,0.0537,0.1454,0.0582
Cheonan_seongnam2_20201021_0930_WED_10m_RH_highway_TW3_sunny_FHD,Cheonan_seongnam2_20201021_0930_WED_10m_RH_highway_TW3_sunny_FHD,5,1,away,False,91,3.04,0.0935,0.2101,0.0719
Cheonan_seongnam2_20201021_0930_WED_10m_RH_highway_TW3_sunny_FHD,Cheonan_seongnam2_20201021_0930_WED_10m_RH_highway_TW3_sunny_FHD,6,1,away,False,91,1.58,0.0972,0.1955,0.0619
Cheonan_seongnam2_20201021_1430_WED_10m_NH_highway_TW3_sunny_FHD,Cheonan_seongnam2_20201021_1430_WED_10m_NH_highway_TW3_sunny_FHD,1,0,toward,True,106,0.06,0.0054,0.0,0.0122
Cheonan_seongnam2_20201021_1430_WED_10m_NH_highway_TW3_sunny_FHD,Cheonan_seongnam2_20201021_1430_WED_10m_NH_highway_TW3_sunny_FHD,2,0,toward,False,106,1.58,0.0786,0.2414,0.0757
Cheonan_seongnam2_20201021_1430_WED_10m_NH_highway_TW3_sunny_FHD,Cheonan_seongnam2_20201021_1430_WED_10m_NH_highway_TW3_sunny_FHD,3,0,toward,False,106,3.92,0.0664,0.1351,0.0591
Cheonan_seongnam2_20201021_1430_WED_10m_NH_highway_TW3_sunny_FHD,Cheonan_seongnam2_20201021_1430_WED_10m_NH_highway_TW3_sunny_FHD,4,1,away,False,106,2.52,0.049,0.1341,0.0379
Cheonan_seongnam2_20201021_1430_WED_10m_NH_highway_TW3_sunny_FHD,Cheonan_seongnam2_20201021_1430_WED_10m_NH_highway_TW3_sunny_FHD,5,1,away,False,106,3.06,0.0851,0.1918,0.0847
Cheonan_seongnam2_20201021_1430_WED_10m_NH_highway_TW3_sunny_FHD,Cheonan_seongnam2_20201021_1430_WED_10m_NH_highway_TW3_sunny_FHD,6,1,away,False,106,1.62,0.1008,0.203,0.1003
Chungju_chujeomtunnel(changwon)_20201019_1730_MON_15m_NH_highway_OW2_sunny_FHD,Chungju_chujeomtunnel(changwon)_20201019_1730_MON_15m_NH_highway_OW2_sunny_FHD,1,0,away,False,83,1.48,0.0676,0.1546,0.0443
Chungju_chujeomtunnel(changwon)_20201019_1730_MON_15m_NH_highway_OW2_sunny_FHD,Chungju_chujeomtunnel(changwon)_20201019_1730_MON_15m_NH_highway_OW2_sunny_FHD,2,0,away,False,83,1.06,0.0996,0.4184,0.0555
Chungju_chujeomtunnel(changwon)_20201019_1730_MON_15m_NH_highway_OW2_sunny_FHD,Chungju_chujeomtunnel(changwon)_20201019_1730_MON_15m_NH_highway_OW2_sunny_FHD,3,0,away,True,83,0.0,0.0,0.0,0.0
Chungju_chujeomtunnel(changwon)_20201020_1130_TUE_15m_RH_highway_OW2_sunny_FHD,Chungju_chujeomtunnel(changwon)_20201020_1130_TUE_15m_RH_highway_OW2_sunny_FHD,1,0,away,False,68,0.9,0.0441,0.1412,0.0426
Chungju_chujeomtunnel(changwon)_20201020_1130_TUE_15m_RH_highway_OW2_sunny_FHD,Chungju_chujeomtunnel(changwon)_20201020_1130_TUE_15m_RH_highway_OW2_sunny_FHD,2,0,away,False,68,0.6,0.0926,0.395,0.0495
Chungju_chujeomtunnel(changwon)_20201020_1130_TUE_15m_RH_highway_OW2_sunny_FHD,Chungju_chujeomtunnel(changwon)_20201020_1130_TUE_15m_RH_highway_OW2_sunny_FHD,3,0,away,True,68,0.0,0.0,0.0,0.0
Chungju_chujeomtunnel(changwon)_20201020_1630_TUE_15m_NH_highway_OW2_sunny_FHD,Chungju_chujeomtunnel(changwon)_20201020_1630_TUE_15m_NH_highway_OW2_sunny_FHD,1,0,away,False,78,1.29,0.0507,0.1351,0.0416
Chungju_chujeomtunnel(changwon)_20201020_1630_TUE_15m_NH_highway_OW2_sunny_FHD,Chungju_chujeomtunnel(changwon)_20201020_1630_TUE_15m_NH_highway_OW2_sunny_FHD,2,0,away,False,78,1.24,0.1171,0.4257,0.086
Chungju_chujeomtunnel(changwon)_20201020_1630_TUE_15m_NH_highway_OW2_sunny_FHD,Chungju_chujeomtunnel(changwon)_20201020_1630_TUE_15m_NH_highway_OW2_sunny_FHD,3,0,away,True,78,0.0,0.0,0.0,0.0
Chungju_chujeomtunnel(changwon)_20201021_1030_WED_15m_NH_highway_OW2_sunny_FHD,Chungju_chujeomtunnel(changwon)_20201021_1030_WED_15m_NH_highway_OW2_sunny_FHD,1,0,away,False,83,1.36,0.0581,0.1475,0.0448
Chungju_chujeomtunnel(changwon)_20201021_1030_WED_15m_NH_highway_OW2_sunny_FHD,Chungju_chujeomtunnel(changwon)_20201021_1030_WED_15m_NH_highway_OW2_sunny_FHD,2,0,away,False,83,1.14,0.0961,0.3908,0.0693
Chungju_chujeomtunnel(changwon)_20201021_1030_WED_15m_NH_highway_OW2_sunny_FHD,Chungju_chujeomtunnel(changwon)_20201021_1030_WED_15m_NH_highway_OW2_sunny_FHD,3,0,away,True,83,0.0,0.0,0.0,0.0
Chungju_chujeomtunnel(changwon)_20201021_1530_WED_15m_NH_highway_OW2_sunny_FHD,Chungju_chujeomtunnel(changwon)_20201021_1530_WED_15m_NH_highway_OW2_sunny_FHD,1,0,away,False,80,1.14,0.0541,0.1384,0.0491
Chungju_chujeomtunnel(changwon)_20201021_1530_WED_15m_NH_highway_OW2_sunny_FHD,Chungju_chujeomtunnel(changwon)_20201021_1530_WED_15m_NH_highway_OW2_sunny_FHD,2,0,away,False,80,1.01,0.0753,0.305,0.052
Chungju_chujeomtunnel(changwon)_20201021_1530_WED_15m_NH_highway_OW2_sunny_FHD,Chungju_chujeomtunnel(changwon)_20201021_1530_WED_15m_NH_highway_OW2_sunny_FHD,3,0,away,True,80,0.0,0.0,0.0,0.0
Chungju_chujeomtunnel(yangpyeong)_20201020_0730_TUE_15m_NH_highway_OW2_fog_FHD,Chungju_chujeomtunnel(yangpyeong)_20201020_0730_TUE_15m_NH_highway_OW2_fog_FHD,1,0,toward,True,73,0.01,0.0,0.0,0.0
Chungju_chujeomtunnel(yangpyeong)_20201020_0730_TUE_15m_NH_highway_OW2_fog_FHD,Chungju_chujeomtunnel(yangpyeong)_20201020_0730_TUE_15m_NH_highway_OW2_fog_FHD,2,0,toward,False,73,1.14,0.1105,0.4736,0.0856
Chungju_chujeomtunnel(yangpyeong)_20201020_0730_TUE_15m_NH_highway_OW2_fog_FHD,Chungju_chujeomtunnel(yangpyeong)_20201020_0730_TUE_15m_NH_highway_OW2_fog_FHD,3,0,toward,False,73,0.84,0.0348,0.1242,0.0339
Chungju_chujeomtunnel(yangpyeong)_20201020_1230_TUE_15m_RH_highway_OW2_sunny_FHD,Chungju_chujeomtunnel(yangpyeong)_20201020_1230_TUE_15m_RH_highway_OW2_sunny_FHD,1,0,toward,True,80,0.01,0.0,0.0,0.0
Chungju_chujeomtunnel(yangpyeong)_20201020_1230_TUE_15m_RH_highway_OW2_sunny_FHD,Chungju_chujeomtunnel(yangpyeong)_20201020_1230_TUE_15m_RH_highway_OW2_sunny_FHD,2,0,toward,False,80,1.02,0.0898,0.3471,0.0611
Chungju_chujeomtunnel(yangpyeong)_20201020_1230_TUE_15m_RH_highway_OW2_sunny_FHD,Chungju_chujeomtunnel(yangpyeong)_20201020_1230_TUE_15m_RH_highway_OW2_sunny_FHD,3,0,toward,False,80,1.4,0.0528,0.1634,0.0464
Chungju_chujeomtunnel(yangpyeong)_20201020_1730_TUE_15m_NH_highway_OW2_sunny_FHD,Chungju_chujeomtunnel(yangpyeong)_20201020_1730_TUE_15m_NH_highway_OW2_sunny_FHD,1,0,toward,True,67,0.0,0.0,0.0,0.0
Chungju_chujeomtunnel(yangpyeong)_20201020_1730_TUE_15m_NH_highway_OW2_sunny_FHD,Chungju_chujeomtunnel(yangpyeong)_20201020_1730_TUE_15m_NH_highway_OW2_sunny_FHD,2,0,toward,False,67,0.85,0.0434,0.1875,0.0293
Chungju_chujeomtunnel(yangpyeong)_20201020_1730_TUE_15m_NH_highway_OW2_sunny_FHD,Chungju_chujeomtunnel(yangpyeong)_20201020_1730_TUE_15m_NH_highway_OW2_sunny_FHD,3,0,toward,False,67,1.45,0.0627,0.1589,0.0518
Chungju_chujeomtunnel(yangpyeong)_20201021_1130_WED_15m_NH_highway_OW2_sunny_FHD,Chungju_chujeomtunnel(yangpyeong)_20201021_1130_WED_15m_NH_highway_OW2_sunny_FHD,1,0,away,False,71,0.87,0.0568,0.1583,0.0445
Chungju_chujeomtunnel(yangpyeong)_20201021_1130_WED_15m_NH_highway_OW2_sunny_FHD,Chungju_chujeomtunnel(yangpyeong)_20201021_1130_WED_15m_NH_highway_OW2_sunny_FHD,2,0,away,False,71,0.7,0.0618,0.2705,0.042
Chungju_chujeomtunnel(yangpyeong)_20201021_1130_WED_15m_NH_highway_OW2_sunny_FHD,Chungju_chujeomtunnel(yangpyeong)_20201021_1130_WED_15m_NH_highway_OW2_sunny_FHD,3,0,away,True,71,0.0,0.0,0.0,0.0
Chungju_chujeomtunnel(yangpyeong)_20201021_1630_WED_15m_NH_highway_OW2_sunny_FHD,Chungju_chujeomtunnel(yangpyeong)_20201021_1630_WED_15m_NH_highway_OW2_sunny_FHD,1,0,away,False,73,1.37,0.0848,0.1797,0.0605
Chungju_chujeomtunnel(yangpyeong)_20201021_1630_WED_15m_NH_highway_OW2_sunny_FHD,Chungju_chujeomtunnel(yangpyeong)_20201021_1630_WED_15m_NH_highway_OW2_sunny_FHD,2,0,away,False,73,0.92,0.0905,0.3633,0.0645
Chungju_chujeomtunnel(yangpyeong)_20201021_1630_WED_15m_NH_highway_OW2_sunny_FHD,Chungju_chujeomtunnel(yangpyeong)_20201021_1630_WED_15m_NH_highway_OW2_sunny_FHD,3,0,away,True,73,0.0,0.0,0.0,0.0
Chungju_danpyeong1brdg_20201020_1100_TUE_15m_RH_highway_TW2_sunny_FHD,Chungju_danpyeong1brdg_20201020_1100_TUE_15m_RH_highway_TW2_sunny_FHD,1,0,toward,True,120,0.0,0.0,0.0,0.0
Chungju_danpyeong1brdg_20201020_1100_TUE_15m_RH_highway_TW2_sunny_FHD,Chungju_danpyeong1brdg_20201020_1100_TUE_15m_RH_highway_TW2_sunny_FHD,2,0,toward,False,120,1.73,0.1123,0.2968,0.0899
Chungju_danpyeong1brdg_20201020_1100_TUE_15m_RH_highway_TW2_sunny_FHD,Chungju_danpyeong1brdg_20201020_1100_TUE_15m_RH_highway_TW2_sunny_FHD,3,0,toward,False,120,3.05,0.1178,0.2454,0.0825
Chungju_danpyeong1brdg_20201020_1100_TUE_15m_RH_highway_TW2_sunny_FHD,Chungju_danpyeong1brdg_20201020_1100_TUE_15m_RH_highway_TW2_sunny_FHD,4,1,away,False,120,6.42,0.1853,0.3002,0.169
Chungju_danpyeong1brdg_20201020_1100_TUE_15m_RH_highway_TW2_sunny_FHD,Chungju_danpyeong1brdg_20201020_1100_TUE_15m_RH_highway_TW2_sunny_FHD,5,1,away,False,120,3.83,0.1416,0.2736,0.1084
Chungju_danpyeong1brdg_20201020_1600_TUE_15m_NH_highway_TW2_sunny_FHD,Chungju_danpyeong1brdg_20201020_1600_TUE_15m_NH_highway_TW2_sunny_FHD,1,0,toward,True,94,0.0,0.0,0.0,0.0
Chungju_danpyeong1brdg_20201020_1600_TUE_15m_NH_highway_TW2_sunny_FHD,Chungju_danpyeong1brdg_20201020_1600_TUE_15m_NH_highway_TW2_sunny_FHD,2,0,toward,False,94,2.54,0.1244,0.2678,0.1122
Chungju_danpyeong1brdg_20201020_1600_TUE_15m_NH_highway_TW2_sunny_FHD,Chungju_danpyeong1brdg_20201020_1600_TUE_15m_NH_highway_TW2_sunny_FHD,3,0,toward,False,94,3.66,0.1415,0.2407,0.1193
Chungju_danpyeong1brdg_20201020_1600_TUE_15m_NH_highway_TW2_sunny_FHD,Chungju_danpyeong1brdg_20201020_1600_TUE_15m_NH_highway_TW2_sunny_FHD,4,1,away,False,94,3.66,0.1433,0.2952,0.1048
Chungju_danpyeong1brdg_20201020_1600_TUE_15m_NH_highway_TW2_sunny_FHD,Chungju_danpyeong1brdg_20201020_1600_TUE_15m_NH_highway_TW2_sunny_FHD,5,1,away,False,94,2.38,0.0806,0.1825,0.0697
Chungju_danpyeong1brdg_20201021_1030_WED_15m_NH_highway_TW2_sunny_FHD,Chungju_danpyeong1brdg_20201021_1030_WED_15m_NH_highway_TW2_sunny_FHD,1,0,toward,True,93,0.11,0.0004,0.0,0.0018
Chungju_danpyeong1brdg_20201021_1030_WED_15m_NH_highway_TW2_sunny_FHD,Chungju_danpyeong1brdg_20201021_1030_WED_15m_NH_highway_TW2_sunny_FHD,2,0,toward,False,93,11.24,0.1693,0.2631,0.137
Chungju_danpyeong1brdg_20201021_1030_WED_15m_NH_highway_TW2_sunny_FHD,Chungju_danpyeong1brdg_20201021_1030_WED_15m_NH_highway_TW2_sunny_FHD,3,1,away,False,93,2.87,0.1033,0.2234,0.0755
Chungju_danpyeong1brdg_20201021_1030_WED_15m_NH_highway_TW2_sunny_FHD,Chungju_danpyeong1brdg_20201021_1030_WED_15m_NH_highway_TW2_sunny_FHD,4,1,away,False,93,2.34,0.0731,0.1579,0.0487
Chungju_danpyeong1brdg_20201021_1530_WED_15m_NH_highway_TW2_sunny_FHD,Chungju_danpyeong1brdg_20201021_1530_WED_15m_NH_highway_TW2_sunny_FHD,1,0,unknown,False,87,4.36,0.1691,0.287,0.1216
Chungju_danpyeong1brdg_20201021_1530_WED_15m_NH_highway_TW2_sunny_FHD,Chungju_danpyeong1brdg_20201021_1530_WED_15m_NH_highway_TW2_sunny_FHD,2,0,unknown,False,87,11.9,0.1952,0.2619,0.1661
Chungju_danpyeong1brdg_20201021_1530_WED_15m_NH_highway_TW2_sunny_FHD,Chungju_danpyeong1brdg_20201021_1530_WED_15m_NH_highway_TW2_sunny_FHD,3,0,unknown,False,87,3.53,0.2539,0.4459,0.1927
Chungju_danpyeong1brdg_20201021_1530_WED_15m_NH_highway_TW2_sunny_FHD,Chungju_danpyeong1brdg_20201021_1530_WED_15m_NH_highway_TW2_sunny_FHD,4,0,unknown,True,87,0.0,0.0,0.0,0.0
Chungju_jogogli_20201020_0800_TUE_15m_NH_highway_TW2_fog_FHD,Chungju_jogogli_20201020_0800_TUE_15m_NH_highway_TW2_fog_FHD,1,0,toward,True,79,0.0,0.0,0.0,0.0
Chungju_jogogli_20201020_0800_TUE_15m_NH_highway_TW2_fog_FHD,Chungju_jogogli_20201020_0800_TUE_15m_NH_highway_TW2_fog_FHD,2,0,toward,False,79,0.87,0.0701,0.2114,0.059
Chungju_jogogli_20201020_0800_TUE_15m_NH_highway_TW2_fog_FHD,Chungju_jogogli_20201020_0800_TUE_15m_NH_highway_TW2_fog_FHD,3,0,toward,False,79,0.62,0.0317,0.1299,0.0237
Chungju_jogogli_20201020_0800_TUE_15m_NH_highway_TW2_fog_FHD,Chungju_jogogli_20201020_0800_TUE_15m_NH_highway_TW2_fog_FHD,4,1,away,False,79,1.01,0.0348,0.1258,0.042
Chungju_jogogli_20201020_0800_TUE_15m_NH_highway_TW2_fog_FHD,Chungju_jogogli_20201020_0800_TUE_15m_NH_highway_TW2_fog_FHD,5,1,away,False,79,0.96,0.0323,0.109,0.0335
Chungju_jogogli_20201020_0800_TUE_15m_NH_highway_TW2_fog_FHD,Chungju_jogogli_20201020_0800_TUE_15m_NH_highway_TW2_fog_FHD,6,1,away,True,79,0.0,0.0,0.0,0.0
Chungju_jogogli_20201020_1300_TUE_15m_RH_highway_TW2_sunny_FHD,Chungju_jogogli_20201020_1300_TUE_15m_RH_highway_TW2_sunny_FHD,1,0,toward,True,96,0.0,0.0,0.0,0.0
Chungju_jogogli_20201020_1300_TUE_15m_RH_highway_TW2_sunny_FHD,Chungju_jogogli_20201020_1300_TUE_15m_RH_highway_TW2_sunny_FHD,2,0,toward,False,96,0.9,0.0561,0.2047,0.0399
Chungju_jogogli_20201020_1300_TUE_15m_RH_highway_TW2_sunny_FHD,Chungju_jogogli_20201020_1300_TUE_15m_RH_highway_TW2_sunny_FHD,3,0,toward,False,96,1.05,0.0575,0.1655,0.0496
Chungju_jogogli_20201020_1300_TUE_15m_RH_highway_TW2_sunny_FHD,Chungju_jogogli_20201020_1300_TUE_15m_RH_highway_TW2_sunny_FHD,4,1,away,False,96,1.56,0.0552,0.1762,0.0448
Chungju_jogogli_20201020_1300_TUE_15m_RH_highway_TW2_sunny_FHD,Chungju_jogogli_20201020_1300_TUE_15m_RH_highway_TW2_sunny_FHD,5,1,away,False,96,1.12,0.0319,0.1155,0.0351
Chungju_jogogli_20201020_1300_TUE_15m_RH_highway_TW2_sunny_FHD,Chungju_jogogli_20201020_1300_TUE_15m_RH_highway_TW2_sunny_FHD,6,1,away,True,96,0.04,0.0049,0.0,0.0047
Chungju_jogogli_20201021_0700_WED_15m_NH_highway_TW2_sunny_FHD,Chungju_jogogli_20201021_0700_WED_15m_NH_highway_TW2_sunny_FHD,1,0,toward,True,69,0.0,0.0,0.0,0.0
Chungju_jogogli_20201021_0700_WED_15m_NH_highway_TW2_sunny_FHD,Chungju_jogogli_20201021_0700_WED_15m_NH_highway_TW2_sunny_FHD,2,0,toward,False,69,0.7,0.0373,0.1111,0.0286
Chungju_jogogli_20201021_0700_WED_15m_NH_highway_TW2_sunny_FHD,Chungju_jogogli_20201021_0700_WED_15m_NH_highway_TW2_sunny_FHD,3,0,toward,False,69,1.06,0.0324,0.1561,0.0296
Chungju_jogogli_20201021_0700_WED_15m_NH_highway_TW2_sunny_FHD,Chungju_jogogli_20201021_0700_WED_15m_NH_highway_TW2_sunny_FHD,4,1,away,False,69,0.57,0.0208,0.1061,0.0216
Chungju_jogogli_20201021_0700_WED_15m_NH_highway_TW2_sunny_FHD,Chungju_jogogli_20201021_0700_WED_15m_NH_highway_TW2_sunny_FHD,5,1,away,False,69,0.7,0.0331,0.128,0.0272
Chungju_jogogli_20201021_0700_WED_15m_NH_highway_TW2_sunny_FHD,Chungju_jogogli_20201021_0700_WED_15m_NH_highway_TW2_sunny_FHD,6,1,away,True,69,0.0,0.0,0.0,0.0
Chungju_jogogli_20201021_1200_WED_15m_NH_highway_TW2_sunny_FHD,Chungju_jogogli_20201021_1200_WED_15m_NH_highway_TW2_sunny_FHD,1,0,toward,True,95,0.02,0.0026,0.0,0.0006
Chungju_jogogli_20201021_1200_WED_15m_NH_highway_TW2_sunny_FHD,Chungju_jogogli_20201021_1200_WED_15m_NH_highway_TW2_sunny_FHD,2,0,toward,False,95,1.63,0.0438,0.113,0.0453
Chungju_jogogli_20201021_1200_WED_15m_NH_highway_TW2_sunny_FHD,Chungju_jogogli_20201021_1200_WED_15m_NH_highway_TW2_sunny_FHD,3,0,toward,False,95,2.54,0.0862,0.2173,0.0733
Chungju_jogogli_20201021_1200_WED_15m_NH_highway_TW2_sunny_FHD,Chungju_jogogli_20201021_1200_WED_15m_NH_highway_TW2_sunny_FHD,4,1,away,False,95,1.32,0.0496,0.1529,0.0443
Chungju_jogogli_20201021_1200_WED_15m_NH_highway_TW2_sunny_FHD,Chungju_jogogli_20201021_1200_WED_15m_NH_highway_TW2_sunny_FHD,5,1,away,False,95,0.99,0.0788,0.4081,0.0613
Chungju_jogogli_20201021_1200_WED_15m_NH_highway_TW2_sunny_FHD,Chungju_jogogli_20201021_1200_WED_15m_NH_highway_TW2_sunny_FHD,6,1,away,True,95,0.0,0.0,0.0,0.0
Chungju_jogogli_20201021_1700_WED_15m_NH_highway_TW2_sunny_FHD,Chungju_jogogli_20201021_1700_WED_15m_NH_highway_TW2_sunny_FHD,1,0,toward,True,122,0.01,0.0,0.0,0.0
Chungju_jogogli_20201021_1700_WED_15m_NH_highway_TW2_sunny_FHD,Chungju_jogogli_20201021_1700_WED_15m_NH_highway_TW2_sunny_FHD,2,0,toward,False,122,0.82,0.0335,0.114,0.0379
Chungju_jogogli_20201021_1700_WED_15m_NH_highway_TW2_sunny_FHD,Chungju_jogogli_20201021_1700_WED_15m_NH_highway_TW2_sunny_FHD,3,0,toward,False,122,1.99,0.0706,0.2151,0.0615
Chungju_jogogli_20201021_1700_WED_15m_NH_highway_TW2_sunny_FHD,Chungju_jogogli_20201021_1700_WED_15m_NH_highway_TW2_sunny_FHD,4,1,away,False,122,1.48,0.0468,0.1505,0.0348
Chungju_jogogli_20201021_1700_WED_15m_NH_highway_TW2_sunny_FHD,Chungju_jogogli_20201021_1700_WED_15m_NH_highway_TW2_sunny_FHD,5,1,away,False,122,0.96,0.0708,0.3411,0.0396
Chungju_jogogli_20201021_1700_WED_15m_NH_highway_TW2_sunny_FHD,Chungju_jogogli_20201021_1700_WED_15m_NH_highway_TW2_sunny_FHD,6,1,away,True,122,0.0,0.0,0.0,0.0
Chungju_sangwoo1brdg_20201019_2030_MON_15m_NH_highway_TW2_sunny_HD,Chungju_sangwoo1brdg_20201019_2030_MON_15m_NH_highway_TW2_sunny_HD,1,0,toward,False,117,0.34,0.0139,0.0043,0.0141
Chungju_sangwoo1brdg_20201019_2030_MON_15m_NH_highway_TW2_sunny_HD,Chungju_sangwoo1brdg_20201019_2030_MON_15m_NH_highway_TW2_sunny_HD,2,0,toward,False,117,1.15,0.0895,0.252,0.0567
Chungju_sangwoo1brdg_20201019_2030_MON_15m_NH_highway_TW2_sunny_HD,Chungju_sangwoo1brdg_20201019_2030_MON_15m_NH_highway_TW2_sunny_HD,3,0,toward,False,117,1.11,0.1031,0.3158,0.0628
Chungju_sangwoo1brdg_20201019_2030_MON_15m_NH_highway_TW2_sunny_HD,Chungju_sangwoo1brdg_20201019_2030_MON_15m_NH_highway_TW2_sunny_HD,4,1,away,False,117,0.38,0.03,0.0906,0.0318
Chungju_sangwoo1brdg_20201019_2030_MON_15m_NH_highway_TW2_sunny_HD,Chungju_sangwoo1brdg_20201019_2030_MON_15m_NH_highway_TW2_sunny_HD,5,1,away,False,117,0.52,0.0493,0.1369,0.0477
Chungju_sangwoo1brdg_20201019_2030_MON_15m_NH_highway_TW2_sunny_HD,Chungju_sangwoo1brdg_20201019_2030_MON_15m_NH_highway_TW2_sunny_HD,6,1,away,True,117,0.56,0.0156,0.0507,0.031
Chungju_sangwoo1brdg_20201020_1130_TUE_15m_RH_highway_TW2_sunny_HD,Chungju_sangwoo1brdg_20201020_1130_TUE_15m_RH_highway_TW2_sunny_HD,1,0,toward,False,106,1.45,0.0128,0.0417,0.024
Chungju_sangwoo1brdg_20201020_1130_TUE_15m_RH_highway_TW2_sunny_HD,Chungju_sangwoo1brdg_20201020_1130_TUE_15m_RH_highway_TW2_sunny_HD,2,0,toward,False,106,2.71,0.1268,0.2771,0.0976
Chungju_sangwoo1brdg_20201020_1130_TUE_15m_RH_highway_TW2_sunny_HD,Chungju_sangwoo1brdg_20201020_1130_TUE_15m_RH_highway_TW2_sunny_HD,3,0,toward,False,106,3.41,0.152,0.3469,0.1149
Chungju_sangwoo1brdg_20201020_1130_TUE_15m_RH_highway_TW2_sunny_HD,Chungju_sangwoo1brdg_20201020_1130_TUE_15m_RH_highway_TW2_sunny_HD,4,1,away,False,106,4.07,0.1451,0.252,0.1192
Chungju_sangwoo1brdg_20201020_1130_TUE_15m_RH_highway_TW2_sunny_HD,Chungju_sangwoo1brdg_20201020_1130_TUE_15m_RH_highway_TW2_sunny_HD,5,1,away,False,106,2.34,0.2178,0.4597,0.1647
Chungju_sangwoo1brdg_20201020_1130_TUE_15m_RH_highway_TW2_sunny_HD,Chungju_sangwoo1brdg_20201020_1130_TUE_15m_RH_highway_TW2_sunny_HD,6,1,away,True,106,0.0,0.0,0.0,0.0
Chungju_sangwoo1brdg_20201020_1630_TUE_15m_NH_highway_TW2_sunny_HD,Chungju_sangwoo1brdg_20201020_1630_TUE_15m_NH_highway_TW2_sunny_HD,1,0,toward,False,129,1.88,0.0096,0.033,0.0177
Chungju_sangwoo1brdg_20201020_1630_TUE_15m_NH_highway_TW2_sunny_HD,Chungju_sangwoo1brdg_20201020_1630_TUE_15m_NH_highway_TW2_sunny_HD,2,0,toward,False,129,3.65,0.1276,0.2715,0.1065
Chungju_sangwoo1brdg_20201020_1630_TUE_15m_NH_highway_TW2_sunny_HD,Chungju_sangwoo1brdg_20201020_1630_TUE_15m_NH_highway_TW2_sunny_HD,3,0,toward,False,129,5.02,0.2059,0.3659,0.162
Chungju_sangwoo1brdg_20201020_1630_TUE_15m_NH_highway_TW2_sunny_HD,Chungju_sangwoo1brdg_20201020_1630_TUE_15m_NH_highway_TW2_sunny_HD,4,1,away,False,129,2.84,0.1154,0.2429,0.0921
Chungju_sangwoo1brdg_20201020_1630_TUE_15m_NH_highway_TW2_sunny_HD,Chungju_sangwoo1brdg_20201020_1630_TUE_15m_NH_highway_TW2_sunny_HD,5,1,away,False,129,2.12,0.1886,0.4028,0.1341
Chungju_sangwoo1brdg_20201020_1630_TUE_15m_NH_highway_TW2_sunny_HD,Chungju_sangwoo1brdg_20201020_1630_TUE_15m_NH_highway_TW2_sunny_HD,6,1,away,True,129,0.0,0.0,0.0,0.0
Chungju_sangwoo1brdg_20201021_1030_WED_15m_NH_highway_TW2_sunny_HD,Chungju_sangwoo1brdg_20201021_1030_WED_15m_NH_highway_TW2_sunny_HD,1,0,toward,True,103,0.0,0.0,0.0,0.0
Chungju_sangwoo1brdg_20201021_1030_WED_15m_NH_highway_TW2_sunny_HD,Chungju_sangwoo1brdg_20201021_1030_WED_15m_NH_highway_TW2_sunny_HD,2,0,toward,False,103,2.48,0.1888,0.3847,0.1492
Chungju_sangwoo1brdg_20201021_1030_WED_15m_NH_highway_TW2_sunny_HD,Chungju_sangwoo1brdg_20201021_1030_WED_15m_NH_highway_TW2_sunny_HD,3,0,toward,False,103,2.86,0.1166,0.2395,0.0998
Chungju_sangwoo1brdg_20201021_1030_WED_15m_NH_highway_TW2_sunny_HD,Chungju_sangwoo1brdg_20201021_1030_WED_15m_NH_highway_TW2_sunny_HD,4,1,away,False,103,4.2,0.1136,0.2482,0.0923
Chungju_sangwoo1brdg_20201021_1030_WED_15m_NH_highway_TW2_sunny_HD,Chungju_sangwoo1brdg_20201021_1030_WED_15m_NH_highway_TW2_sunny_HD,5,1,away,False,103,2.71,0.0932,0.2049,0.0758
Chungju_sangwoo1brdg_20201021_1030_WED_15m_NH_highway_TW2_sunny_HD,Chungju_sangwoo1brdg_20201021_1030_WED_15m_NH_highway_TW2_sunny_HD,6,1,away,False,103,0.5,0.0044,0.0,0.01
Chungju_sangwoo1brdg_20201021_1530_WED_15m_NH_highway_TW2_sunny_HD,Chungju_sangwoo1brdg_20201021_1530_WED_15m_NH_highway_TW2_sunny_HD,1,0,toward,True,102,0.0,0.0,0.0,0.0
Chungju_sangwoo1brdg_20201021_1530_WED_15m_NH_highway_TW2_sunny_HD,Chungju_sangwoo1brdg_20201021_1530_WED_15m_NH_highway_TW2_sunny_HD,2,0,toward,False,102,2.01,0.1669,0.399,0.1453
Chungju_sangwoo1brdg_20201021_1530_WED_15m_NH_highway_TW2_sunny_HD,Chungju_sangwoo1brdg_20201021_1530_WED_15m_NH_highway_TW2_sunny_HD,3,0,toward,False,102,2.79,0.1141,0.2444,0.0946
Chungju_sangwoo1brdg_20201021_1530_WED_15m_NH_highway_TW2_sunny_HD,Chungju_sangwoo1brdg_20201021_1530_WED_15m_NH_highway_TW2_sunny_HD,4,1,away,False,102,4.97,0.1226,0.2906,0.1037
Chungju_sangwoo1brdg_20201021_1530_WED_15m_NH_highway_TW2_sunny_HD,Chungju_sangwoo1brdg_20201021_1530_WED_15m_NH_highway_TW2_sunny_HD,5,1,away,False,102,3.03,0.0814,0.1743,0.0855
Chungju_sangwoo1brdg_20201021_1530_WED_15m_NH_highway_TW2_sunny_HD,Chungju_sangwoo1brdg_20201021_1530_WED_15m_NH_highway_TW2_sunny_HD,6,1,away,False,102,0.09,0.0029,0.0,0.0064
Gangneung_gangdong2brdg_20201019_1730_MON_15m_NH_highway_TW2_sunny_FHD,Gangneung_gangdong2brdg_20201019_1730_MON_15m_NH_highway_TW2_sunny_FHD,1,0,toward,True,85,0.0,0.0,0.0,0.0
Gangneung_gangdong2brdg_20201019_1730_MON_15m_NH_highway_TW2_sunny_FHD,Gangneung_gangdong2brdg_20201019_1730_MON_15m_NH_highway_TW2_sunny_FHD,2,0,toward,False,85,1.42,0.0601,0.1763,0.0388
Gangneung_gangdong2brdg_20201019_1730_MON_15m_NH_highway_TW2_sunny_FHD,Gangneung_gangdong2brdg_20201019_1730_MON_15m_NH_highway_TW2_sunny_FHD,3,0,toward,False,85,0.94,0.0217,0.0754,0.0161
Gangneung_gangdong2brdg_20201019_1730_MON_15m_NH_highway_TW2_sunny_FHD,Gangneung_gangdong2brdg_20201019_1730_MON_15m_NH_highway_TW2_sunny_FHD,4,1,away,False,85,0.78,0.0172,0.0697,0.0125
Gangneung_gangdong2brdg_20201019_1730_MON_15m_NH_highway_TW2_sunny_FHD,Gangneung_gangdong2brdg_20201019_1730_MON_15m_NH_highway_TW2_sunny_FHD,5,1,away,False,85,1.18,0.0295,0.0726,0.0208
Gangneung_gangdong2brdg_20201020_1130_TUE_15m_NH_highway_TW2_sunny_FHD,Gangneung_gangdong2brdg_20201020_1130_TUE_15m_NH_highway_TW2_sunny_FHD,1,0,toward,True,82,0.0,0.0,0.0,0.0
Gangneung_gangdong2brdg_20201020_1130_TUE_15m_NH_highway_TW2_sunny_FHD,Gangneung_gangdong2brdg_20201020_1130_TUE_15m_NH_highway_TW2_sunny_FHD,2,0,toward,False,82,1.1,0.0492,0.1355,0.0328
Gangneung_gangdong2brdg_20201020_1130_TUE_15m_NH_highway_TW2_sunny_FHD,Gangneung_gangdong2brdg_20201020_1130_TUE_15m_NH_highway_TW2_sunny_FHD,3,0,toward,False,82,0.73,0.0202,0.0673,0.0213
Gangneung_gangdong2brdg_20201020_1130_TUE_15m_NH_highway_TW2_sunny_FHD,Gangneung_gangdong2brdg_20201020_1130_TUE_15m_NH_highway_TW2_sunny_FHD,4,1,away,False,82,1.39,0.0278,0.0775,0.0244
Gangneung_gangdong2brdg_20201020_1130_TUE_15m_NH_highway_TW2_sunny_FHD,Gangneung_gangdong2brdg_20201020_1130_TUE_15m_NH_highway_TW2_sunny_FHD,5,1,away,False,82,0.84,0.0295,0.0871,0.022
Gangneung_gangdong2brdg_20201020_1630_TUE_15m_NH_highway_TW2_sunny_FHD,Gangneung_gangdong2brdg_20201020_1630_TUE_15m_NH_highway_TW2_sunny_FHD,1,0,toward,True,117,0.0,0.0,0.0,0.0
Gangneung_gangdong2brdg_20201020_1630_TUE_15m_NH_highway_TW2_sunny_FHD,Gangneung_gangdong2brdg_20201020_1630_TUE_15m_NH_highway_TW2_sunny_FHD,2,0,toward,False,117,1.69,0.0766,0.2094,0.058
Gangneung_gangdong2brdg_20201020_1630_TUE_15m_NH_highway_TW2_sunny_FHD,Gangneung_gangdong2brdg_20201020_1630_TUE_15m_NH_highway_TW2_sunny_FHD,3,0,toward,False,117,1.1,0.029,0.0898,0.0261
Gangneung_gangdong2brdg_20201020_1630_TUE_15m_NH_highway_TW2_sunny_FHD,Gangneung_gangdong2brdg_20201020_1630_TUE_15m_NH_highway_TW2_sunny_FHD,4,1,away,False,117,0.95,0.0284,0.0889,0.0216
Gangneung_gangdong2brdg_20201020_1630_TUE_15m_NH_highway_TW2_sunny_FHD,Gangneung_gangdong2brdg_20201020_1630_TUE_15m_NH_highway_TW2_sunny_FHD,5,1,away,False,117,1.49,0.0387,0.102,0.0342
Gangneung_gangdong2brdg_20201021_1030_WED_15m_NH_highway_TW2_sunny_FHD,Gangneung_gangdong2brdg_20201021_1030_WED_15m_NH_highway_TW2_sunny_FHD,1,0,toward,True,90,0.0,0.0,0.0,0.0
Gangneung_gangdong2brdg_20201021_1030_WED_15m_NH_highway_TW2_sunny_FHD,Gangneung_gangdong2brdg_20201021_1030_WED_15m_NH_highway_TW2_sunny_FHD,2,0,toward,False,90,1.3,0.055,0.1556,0.0427
Gangneung_gangdong2brdg_20201021_1030_WED_15m_NH_highway_TW2_sunny_FHD,Gangneung_gangdong2brdg_20201021_1030_WED_15m_NH_highway_TW2_sunny_FHD,3,0,toward,False,90,1.13,0.031,0.083,0.0293
Gangneung_gangdong2brdg_20201021_1030_WED_15m_NH_highway_TW2_sunny_FHD,Gangneung_gangdong2brdg_20201021_1030_WED_15m_NH_highway_TW2_sunny_FHD,4,1,away,False,90,1.07,0.0307,0.0915,0.0263
Gangneung_gangdong2brdg_20201021_1030_WED_15m_NH_highway_TW2_sunny_FHD,Gangneung_gangdong2brdg_20201021_1030_WED_15m_NH_highway_TW2_sunny_FHD,5,1,away,False,90,1.28,0.0354,0.0822,0.028
Gangneung_gangdong2brdg_20201021_1530_WED_15m_NH_highway_TW2_sunny_FHD,Gangneung_gangdong2brdg_20201021_1530_WED_15m_NH_highway_TW2_sunny_FHD,1,0,toward,True,93,0.0,0.0,0.0,0.0
Gangneung_gangdong2brdg_20201021_1530_WED_15m_NH_highway_TW2_sunny_FHD,Gangneung_gangdong2brdg_20201021_1530_WED_15m_NH_highway_TW2_sunny_FHD,2,0,toward,False,93,1.52,0.0607,0.1652,0.0477
Gangneung_gangdong2brdg_20201021_1530_WED_15m_NH_highway_TW2_sunny_FHD,Gangneung_gangdong2brdg_20201021_1530_WED_15m_NH_highway_TW2_sunny_FHD,3,0,toward,False,93,1.38,0.0434,0.1356,0.0341
Gangneung_gangdong2brdg_20201021_1530_WED_15m_NH_highway_TW2_sunny_FHD,Gangneung_gangdong2brdg_20201021_1530_WED_15m_NH_highway_TW2_sunny_FHD,4,1,away,False,93,1.15,0.0288,0.0808,0.0224
Gangneung_gangdong2brdg_20201021_1530_WED_15m_NH_highway_TW2_sunny_FHD,Gangneung_gangdong2brdg_20201021_1530_WED_15m_NH_highway_TW2_sunny_FHD,5,1,away,False,93,1.34,0.0324,0.0904,0.0326
Gangneung_hyangho1brdg_20201020_0730_TUE_15m_NH_highway_TW2_sunny_FHD,Gangneung_hyangho1brdg_20201020_0730_TUE_15m_NH_highway_TW2_sunny_FHD,1,0,toward,True,45,0.0,0.0,0.0,0.0
Gangneung_hyangho1brdg_20201020_0730_TUE_15m_NH_highway_TW2_sunny_FHD,Gangneung_hyangho1brdg_20201020_0730_TUE_15m_NH_highway_TW2_sunny_FHD,2,0,toward,False,45,0.51,0.0161,0.0672,0.0186
Gangneung_hyangho1brdg_20201020_0730_TUE_15m_NH_highway_TW2_sunny_FHD,Gangneung_hyangho1brdg_20201020_0730_TUE_15m_NH_highway_TW2_sunny_FHD,3,0,toward,False,45,0.29,0.0124,0.0572,0.0112
Gangneung_hyangho1brdg_20201020_0730_TUE_15m_NH_highway_TW2_sunny_FHD,Gangneung_hyangho1brdg_20201020_0730_TUE_15m_NH_highway_TW2_sunny_FHD,4,1,away,False,45,0.24,0.0115,0.0308,0.0039
Gangneung_hyangho1brdg_20201020_0730_TUE_15m_NH_highway_TW2_sunny_FHD,Gangneung_hyangho1brdg_20201020_0730_TUE_15m_NH_highway_TW2_sunny_FHD,5,1,away,False,45,0.56,0.0281,0.0989,0.037
Gangneung_hyangho1brdg_20201020_0730_TUE_15m_NH_highway_TW2_sunny_FHD,Gangneung_hyangho1brdg_20201020_0730_TUE_15m_NH_highway_TW2_sunny_FHD,6,1,away,True,45,0.0,0.0,0.0,0.0
Gangneung_hyangho1brdg_20201020_1230_TUE_15m_NH_highway_TW2_sunny_FHD,Gangneung_hyangho1brdg_20201020_1230_TUE_15m_NH_highway_TW2_sunny_FHD,1,0,toward,True,75,0.0,0.0,0.0,0.0
Gangneung_hyangho1brdg_20201020_1230_TUE_15m_NH_highway_TW2_sunny_FHD,Gangneung_hyangho1brdg_20201020_1230_TUE_15m_NH_highway_TW2_sunny_FHD,2,0,toward,False,75,0.95,0.0189,0.0786,0.0154
Gangneung_hyangho1brdg_20201020_1230_TUE_15m_NH_highway_TW2_sunny_FHD,Gangneung_hyangho1brdg_20201020_1230_TUE_15m_NH_highway_TW2_sunny_FHD,3,0,toward,False,75,0.71,0.0212,0.1043,0.0216
Gangneung_hyangho1brdg_20201020_1230_TUE_15m_NH_highway_TW2_sunny_FHD,Gangneung_hyangho1brdg_20201020_1230_TUE_15m_NH_highway_TW2_sunny_FHD,4,1,away,False,75,0.35,0.011,0.0007,0.005
Gangneung_hyangho1brdg_20201020_1230_TUE_15m_NH_highway_TW2_sunny_FHD,Gangneung_hyangho1brdg_20201020_1230_TUE_15m_NH_highway_TW2_sunny_FHD,5,1,away,False,75,0.52,0.0268,0.139,0.0128
Gangneung_hyangho1brdg_20201020_1230_TUE_15m_NH_highway_TW2_sunny_FHD,Gangneung_hyangho1brdg_20201020_1230_TUE_15m_NH_highway_TW2_sunny_FHD,6,1,away,True,75,0.05,0.0,0.0,0.0
Gangneung_hyangho1brdg_20201020_1730_TUE_15m_NH_highway_TW2_sunny_FHD,Gangneung_hyangho1brdg_20201020_1730_TUE_15m_NH_highway_TW2_sunny_FHD,1,0,toward,True,67,0.0,0.0,0.0,0.0
Gangneung_hyangho1brdg_20201020_1730_TUE_15m_NH_highway_TW2_sunny_FHD,Gangneung_hyangho1brdg_20201020_1730_TUE_15m_NH_highway_TW2_sunny_FHD,2,0,toward,False,67,0.88,0.0289,0.0924,0.0255
Gangneung_hyangho1brdg_20201020_1730_TUE_15m_NH_highway_TW2_sunny_FHD,Gangneung_hyangho1brdg_20201020_1730_TUE_15m_NH_highway_TW2_sunny_FHD,3,0,toward,False,67,0.75,0.0217,0.1171,0.0135
Gangneung_hyangho1brdg_20201020_1730_TUE_15m_NH_highway_TW2_sunny_FHD,Gangneung_hyangho1brdg_20201020_1730_TUE_15m_NH_highway_TW2_sunny_FHD,4,1,away,False,67,0.4,0.0215,0.1092,0.0268
Gangneung_hyangho1brdg_20201020_1730_TUE_15m_NH_highway_TW2_sunny_FHD,Gangneung_hyangho1brdg_20201020_1730_TUE_15m_NH_highway_TW2_sunny_FHD,5,1,away,False,67,0.58,0.017,0.0831,0.0134
Gangneung_hyangho1brdg_20201020_1730_TUE_15m_NH_highway_TW2_sunny_FHD,Gangneung_hyangho1brdg_20201020_1730_TUE_15m_NH_highway_TW2_sunny_FHD,6,1,away,True,67,0.0,0.0,0.0,0.0
Gangneung_hyangho1brdg_20201021_1130_WED_15m_NH_highway_TW2_sunny_FHD,Gangneung_hyangho1brdg_20201021_1130_WED_15m_NH_highway_TW2_sunny_FHD,1,0,toward,True,75,0.0,0.0,0.0,0.0
Gangneung_hyangho1brdg_20201021_1130_WED_15m_NH_highway_TW2_sunny_FHD,Gangneung_hyangho1brdg_20201021_1130_WED_15m_NH_highway_TW2_sunny_FHD,2,0,toward,False,75,0.85,0.0195,0.0669,0.0214
Gangneung_hyangho1brdg_20201021_1130_WED_15m_NH_highway_TW2_sunny_FHD,Gangneung_hyangho1brdg_20201021_1130_WED_15m_NH_highway_TW2_sunny_FHD,3,0,toward,False,75,0.69,0.0173,0.1048,0.0177
Gangneung_hyangho1brdg_20201021_1130_WED_15m_NH_highway_TW2_sunny_FHD,Gangneung_hyangho1brdg_20201021_1130_WED_15m_NH_highway_TW2_sunny_FHD,4,1,away,False,75,0.39,0.022,0.1105,0.0176
Gangneung_hyangho1brdg_20201021_1130_WED_15m_NH_highway_TW2_sunny_FHD,Gangneung_hyangho1brdg_20201021_1130_WED_15m_NH_highway_TW2_sunny_FHD,5,1,away,False,75,0.61,0.0338,0.1155,0.0291
Gangneung_hyangho1brdg_20201021_1130_WED_15m_NH_highway_TW2_sunny_FHD,Gangneung_hyangho1brdg_20201021_1130_WED_15m_NH_highway_TW2_sunny_FHD,6,1,away,True,75,0.01,0.0,0.0,0.0
Gangneung_hyangho1brdg_20201021_1630_WED_15m_NH_highway_TW2_sunny_FHD,Gangneung_hyangho1brdg_20201021_1630_WED_15m_NH_highway_TW2_sunny_FHD,1,0,toward,True,73,0.0,0.0,0.0,0.0
Gangneung_hyangho1brdg_20201021_1630_WED_15m_NH_highway_TW2_sunny_FHD,Gangneung_hyangho1brdg_20201021_1630_WED_15m_NH_highway_TW2_sunny_FHD,2,0,toward,False,73,0.86,0.0225,0.0725,0.0225
Gangneung_hyangho1brdg_20201021_1630_WED_15m_NH_highway_TW2_sunny_FHD,Gangneung_hyangho1brdg_20201021_1630_WED_15m_NH_highway_TW2_sunny_FHD,3,0,toward,False,73,0.78,0.0195,0.103,0.0208
Gangneung_hyangho1brdg_20201021_1630_WED_15m_NH_highway_TW2_sunny_FHD,Gangneung_hyangho1brdg_20201021_1630_WED_15m_NH_highway_TW2_sunny_FHD,4,1,away,False,73,0.44,0.0155,0.0887,0.0182
Gangneung_hyangho1brdg_20201021_1630_WED_15m_NH_highway_TW2_sunny_FHD,Gangneung_hyangho1brdg_20201021_1630_WED_15m_NH_highway_TW2_sunny_FHD,5,1,away,False,73,0.58,0.0246,0.1167,0.019
Gangneung_hyangho1brdg_20201021_1630_WED_15m_NH_highway_TW2_sunny_FHD,Gangneung_hyangho1brdg_20201021_1630_WED_15m_NH_highway_TW2_sunny_FHD,6,1,away,True,73,0.0,0.0,0.0,0.0
Gangneung_hyangho2brdg_20201020_0830_TUE_15m_NH_highway_TW2_sunny_FHD,Gangneung_hyangho2brdg_20201020_0830_TUE_15m_NH_highway_TW2_sunny_FHD,1,0,toward,False,50,0.74,0.0161,0.0644,0.0198
Gangneung_hyangho2brdg_20201020_0830_TUE_15m_NH_highway_TW2_sunny_FHD,Gangneung_hyangho2brdg_20201020_0830_TUE_15m_NH_highway_TW2_sunny_FHD,2,0,toward,False,50,0.44,0.009,0.004,0.0043
Gangneung_hyangho2brdg_20201020_0830_TUE_15m_NH_highway_TW2_sunny_FHD,Gangneung_hyangho2brdg_20201020_0830_TUE_15m_NH_highway_TW2_sunny_FHD,3,1,away,False,50,0.34,0.022,0.0809,0.0244
Gangneung_hyangho2brdg_20201020_0830_TUE_15m_NH_highway_TW2_sunny_FHD,Gangneung_hyangho2brdg_20201020_0830_TUE_15m_NH_highway_TW2_sunny_FHD,4,1,away,False,50,0.3,0.0486,0.1655,0.0388
Gangneung_hyangho2brdg_20201020_1330_TUE_15m_NH_highway_TW2_sunny_FHD,Gangneung_hyangho2brdg_20201020_1330_TUE_15m_NH_highway_TW2_sunny_FHD,1,0,toward,True,73,0.0,0.0,0.0,0.0
Gangneung_hyangho2brdg_20201020_1330_TUE_15m_NH_highway_TW2_sunny_FHD,Gangneung_hyangho2brdg_20201020_1330_TUE_15m_NH_highway_TW2_sunny_FHD,2,0,toward,False,73,0.77,0.0193,0.0668,0.0236
Gangneung_hyangho2brdg_20201020_1330_TUE_15m_NH_highway_TW2_sunny_FHD,Gangneung_hyangho2brdg_20201020_1330_TUE_15m_NH_highway_TW2_sunny_FHD,3,0,toward,False,73,0.99,0.013,0.0186,0.0168
Gangneung_hyangho2brdg_20201020_1330_TUE_15m_NH_highway_TW2_sunny_FHD,Gangneung_hyangho2brdg_20201020_1330_TUE_15m_NH_highway_TW2_sunny_FHD,4,1,away,False,73,0.47,0.0134,0.0265,0.0072
Gangneung_hyangho2brdg_20201020_1330_TUE_15m_NH_highway_TW2_sunny_FHD,Gangneung_hyangho2brdg_20201020_1330_TUE_15m_NH_highway_TW2_sunny_FHD,5,1,away,False,73,0.82,0.0377,0.1239,0.0244
Gangneung_hyangho2brdg_20201020_1330_TUE_15m_NH_highway_TW2_sunny_FHD,Gangneung_hyangho2brdg_20201020_1330_TUE_15m_NH_highway_TW2_sunny_FHD,6,1,away,True,73,0.01,0.0001,0.0,0.0002
Gangneung_hyangho2brdg_20201021_0730_WED_15m_NH_highway_TW2_sunny_FHD,Gangneung_hyangho2brdg_20201021_0730_WED_15m_NH_highway_TW2_sunny_FHD,1,0,toward,True,56,0.0,0.0,0.0,0.0
Gangneung_hyangho2brdg_20201021_0730_WED_15m_NH_highway_TW2_sunny_FHD,Gangneung_hyangho2brdg_20201021_0730_WED_15m_NH_highway_TW2_sunny_FHD,2,0,toward,False,56,0.62,0.0178,0.0573,0.0207
Gangneung_hyangho2brdg_20201021_0730_WED_15m_NH_highway_TW2_sunny_FHD,Gangneung_hyangho2brdg_20201021_0730_WED_15m_NH_highway_TW2_sunny_FHD,3,0,toward,False,56,0.64,0.0106,0.0,0.0131
Gangneung_hyangho2brdg_20201021_0730_WED_15m_NH_highway_TW2_sunny_FHD,Gangneung_hyangho2brdg_20201021_0730_WED_15m_NH_highway_TW2_sunny_FHD,4,1,away,False,56,0.34,0.0192,0.1011,0.0224
Gangneung_hyangho2brdg_20201021_0730_WED_15m_NH_highway_TW2_sunny_FHD,Gangneung_hyangho2brdg_20201021_0730_WED_15m_NH_highway_TW2_sunny_FHD,5,1,away,False,56,0.75,0.0245,0.1003,0.0182
Gangneung_hyangho2brdg_20201021_0730_WED_15m_NH_highway_TW2_sunny_FHD,Gangneung_hyangho2brdg_20201021_0730_WED_15m_NH_highway_TW2_sunny_FHD,6,1,away,True,56,0.12,0.0,0.0,0.0
Gangneung_hyangho2brdg_20201021_1230_WED_15m_NH_highway_TW2_sunny_FHD,Gangneung_hyangho2brdg_20201021_1230_WED_15m_NH_highway_TW2_sunny_FHD,1,0,toward,True,74,0.0,0.0,0.0,0.0
Gangneung_hyangho2brdg_20201021_1230_WED_15m_NH_highway_TW2_sunny_FHD,Gangneung_hyangho2brdg_20201021_1230_WED_15m_NH_highway_TW2_sunny_FHD,2,0,toward,False,74,0.59,0.011,0.0444,0.0109
Gangneung_hyangho2brdg_20201021_1230_WED_15m_NH_highway_TW2_sunny_FHD,Gangneung_hyangho2brdg_20201021_1230_WED_15m_NH_highway_TW2_sunny_FHD,3,0,toward,False,74,1.09,0.022,0.118,0.0259
Gangneung_hyangho2brdg_20201021_1230_WED_15m_NH_highway_TW2_sunny_FHD,Gangneung_hyangho2brdg_20201021_1230_WED_15m_NH_highway_TW2_sunny_FHD,4,1,away,False,74,0.31,0.0057,0.0,0.0043
Gangneung_hyangho2brdg_20201021_1230_WED_15m_NH_highway_TW2_sunny_FHD,Gangneung_hyangho2brdg_20201021_1230_WED_15m_NH_highway_TW2_sunny_FHD,5,1,away,False,74,0.84,0.0289,0.1153,0.0228
Gangneung_hyangho2brdg_20201021_1230_WED_15m_NH_highway_TW2_sunny_FHD,Gangneung_hyangho2brdg_20201021_1230_WED_15m_NH_highway_TW2_sunny_FHD,6,1,away,True,74,0.03,0.0,0.0,0.0
Gangneung_hyangho2brdg_20201021_1730_WED_15m_NH_highway_TW2_sunny_FHD,Gangneung_hyangho2brdg_20201021_1730_WED_15m_NH_highway_TW2_sunny_FHD,1,0,toward,False,51,0.55,0.0117,0.0701,0.0064
Gangneung_hyangho2brdg_20201021_1730_WED_15m_NH_highway_TW2_sunny_FHD,Gangneung_hyangho2brdg_20201021_1730_WED_15m_NH_highway_TW2_sunny_FHD,2,0,toward,False,51,0.33,0.0117,0.0328,0.0132
Gangneung_hyangho2brdg_20201021_1730_WED_15m_NH_highway_TW2_sunny_FHD,Gangneung_hyangho2brdg_20201021_1730_WED_15m_NH_highway_TW2_sunny_FHD,3,1,away,False,51,0.53,0.0209,0.1004,0.0207
Gangneung_hyangho2brdg_20201021_1730_WED_15m_NH_highway_TW2_sunny_FHD,Gangneung_hyangho2brdg_20201021_1730_WED_15m_NH_highway_TW2_sunny_FHD,4,1,away,False,51,0.65,0.0265,0.0686,0.0225
Gangneung_nodong1brdg_20201019_1630_MON_15m_NH_highway_TW2_sunny_FHD,Gangneung_nodong1brdg_20201019_1630_MON_15m_NH_highway_TW2_sunny_FHD,1,0,toward,False,95,2.93,0.0796,0.1525,0.0559
Gangneung_nodong1brdg_20201019_1630_MON_15m_NH_highway_TW2_sunny_FHD,Gangneung_nodong1brdg_20201019_1630_MON_15m_NH_highway_TW2_sunny_FHD,2,0,toward,False,95,1.11,0.0542,0.1728,0.0343
Gangneung_nodong1brdg_20201019_1630_MON_15m_NH_highway_TW2_sunny_FHD,Gangneung_nodong1brdg_20201019_1630_MON_15m_NH_highway_TW2_sunny_FHD,3,1,away,False,95,0.98,0.0173,0.0795,0.0162
Gangneung_nodong1brdg_20201019_1630_MON_15m_NH_highway_TW2_sunny_FHD,Gangneung_nodong1brdg_20201019_1630_MON_15m_NH_highway_TW2_sunny_FHD,4,1,away,False,95,0.77,0.0522,0.1717,0.0375
Gangneung_nodong1brdg_20201019_1630_MON_15m_NH_highway_TW2_sunny_FHD,Gangneung_nodong1brdg_20201019_1630_MON_15m_NH_highway_TW2_sunny_FHD,5,1,away,False,95,0.11,0.0061,0.0,0.0029
Gangneung_nodong1brdg_20201020_1030_TUE_15m_NH_highway_TW2_sunny_FHD,Gangneung_nodong1brdg_20201020_1030_TUE_15m_NH_highway_TW2_sunny_FHD,1,0,toward,False,96,2.25,0.0411,0.099,0.0411
Gangneung_nodong1brdg_20201020_1030_TUE_15m_NH_highway_TW2_sunny_FHD,Gangneung_nodong1brdg_20201020_1030_TUE_15m_NH_highway_TW2_sunny_FHD,2,0,toward,False,96,0.94,0.0391,0.121,0.0299
Gangneung_nodong1brdg_20201020_1030_TUE_15m_NH_highway_TW2_sunny_FHD,Gangneung_nodong1brdg_20201020_1030_TUE_15m_NH_highway_TW2_sunny_FHD,3,1,away,False,96,0.84,0.0156,0.063,0.0148
Gangneung_nodong1brdg_20201020_1030_TUE_15m_NH_highway_TW2_sunny_FHD,Gangneung_nodong1brdg_20201020_1030_TUE_15m_NH_highway_TW2_sunny_FHD,4,1,away,False,96,0.82,0.0509,0.1304,0.0395
Gangneung_nodong1brdg_20201020_1030_TUE_15m_NH_highway_TW2_sunny_FHD,Gangneung_nodong1brdg_20201020_1030_TUE_15m_NH_highway_TW2_sunny_FHD,5,1,away,False,96,0.1,0.0035,0.0,0.0033
Gangneung_nodong1brdg_20201020_1530_TUE_15m_NH_highway_TW2_sunny_FHD,Gangneung_nodong1brdg_20201020_1530_TUE_15m_NH_highway_TW2_sunny_FHD,1,0,toward,False,93,2.68,0.0711,0.1432,0.0573
Gangneung_nodong1brdg_20201020_1530_TUE_15m_NH_highway_TW2_sunny_FHD,Gangneung_nodong1brdg_20201020_1530_TUE_15m_NH_highway_TW2_sunny_FHD,2,0,toward,False,93,1.0,0.0421,0.1141,0.0318
Gangneung_nodong1brdg_20201020_1530_TUE_15m_NH_highway_TW2_sunny_FHD,Gangneung_nodong1brdg_20201020_1530_TUE_15m_NH_highway_TW2_sunny_FHD,3,1,away,False,93,1.03,0.018,0.069,0.0193
Gangneung_nodong1brdg_20201020_1530_TUE_15m_NH_highway_TW2_sunny_FHD,Gangneung_nodong1brdg_20201020_1530_TUE_15m_NH_highway_TW2_sunny_FHD,4,1,away,False,93,0.94,0.0552,0.1738,0.0423
Gangneung_nodong1brdg_20201020_1530_TUE_15m_NH_highway_TW2_sunny_FHD,Gangneung_nodong1brdg_20201020_1530_TUE_15m_NH_highway_TW2_sunny_FHD,5,1,away,False,93,0.1,0.0033,0.0,0.0014
Gangneung_nodong1brdg_20201021_0930_WED_15m_NH_highway_TW2_sunny_FHD,Gangneung_nodong1brdg_20201021_0930_WED_15m_NH_highway_TW2_sunny_FHD,1,0,unknown,False,100,0.06,0.0031,0.0,0.0035
Gangneung_nodong1brdg_20201021_1430_WED_15m_NH_highway_TW2_sunny_FHD,Gangneung_nodong1brdg_20201021_1430_WED_15m_NH_highway_TW2_sunny_FHD,1,0,toward,True,97,0.0,0.0,0.0,0.0
Gangneung_nodong1brdg_20201021_1430_WED_15m_NH_highway_TW2_sunny_FHD,Gangneung_nodong1brdg_20201021_1430_WED_15m_NH_highway_TW2_sunny_FHD,2,0,toward,False,97,0.39,0.0261,0.1112,0.0198
Gangneung_nodong1brdg_20201021_1430_WED_15m_NH_highway_TW2_sunny_FHD,Gangneung_nodong1brdg_20201021_1430_WED_15m_NH_highway_TW2_sunny_FHD,3,0,toward,False,97,0.45,0.0172,0.0809,0.0142
Gangneung_nodong1brdg_20201021_1430_WED_15m_NH_highway_TW2_sunny_FHD,Gangneung_nodong1brdg_20201021_1430_WED_15m_NH_highway_TW2_sunny_FHD,4,0,toward,False,97,0.43,0.0138,0.0721,0.0113
Gangneung_nodong1brdg_20201021_1430_WED_15m_NH_highway_TW2_sunny_FHD,Gangneung_nodong1brdg_20201021_1430_WED_15m_NH_highway_TW2_sunny_FHD,5,1,away,False,97,2.43,0.0616,0.1414,0.0555
Gangneung_nodong1brdg_20201021_1430_WED_15m_NH_highway_TW2_sunny_FHD,Gangneung_nodong1brdg_20201021_1430_WED_15m_NH_highway_TW2_sunny_FHD,6,1,away,False,97,0.27,0.0,0.0,0.0005
Gangneung_nodong_20201020_0930_TUE_15m_NH_highway_TW2_sunny_FHD,Gangneung_nodong_20201020_0930_TUE_15m_NH_highway_TW2_sunny_FHD,1,0,toward,True,119,0.0,0.0,0.0,0.0
Gangneung_nodong_20201020_0930_TUE_15m_NH_highway_TW2_sunny_FHD,Gangneung_nodong_20201020_0930_TUE_15m_NH_highway_TW2_sunny_FHD,2,0,toward,False,119,1.78,0.0302,0.0716,0.0307
Gangneung_nodong_20201020_0930_TUE_15m_NH_highway_TW2_sunny_FHD,Gangneung_nodong_20201020_0930_TUE_15m_NH_highway_TW2_sunny_FHD,3,0,toward,False,119,0.96,0.0175,0.0722,0.014
Gangneung_nodong_20201020_0930_TUE_15m_NH_highway_TW2_sunny_FHD,Gangneung_nodong_20201020_0930_TUE_15m_NH_highway_TW2_sunny_FHD,4,1,away,False,119,0.7,0.0142,0.0674,0.0135
Gangneung_nodong_20201020_0930_TUE_15m_NH_highway_TW2_sunny_FHD,Gangneung_nodong_20201020_0930_TUE_15m_NH_highway_TW2_sunny_FHD,5,1,away,False,119,1.6,0.0459,0.1317,0.0397
Gangneung_nodong_20201020_0930_TUE_15m_NH_highway_TW2_sunny_FHD,Gangneung_nodong_20201020_0930_TUE_15m_NH_highway_TW2_sunny_FHD,6,1,away,True,119,0.0,0.0,0.0,0.0
Gangneung_nodong_20201020_1430_TUE_15m_NH_highway_TW2_sunny_FHD,Gangneung_nodong_20201020_1430_TUE_15m_NH_highway_TW2_sunny_FHD,1,0,toward,True,93,0.0,0.0,0.0,0.0
Gangneung_nodong_20201020_1430_TUE_15m_NH_highway_TW2_sunny_FHD,Gangneung_nodong_20201020_1430_TUE_15m_NH_highway_TW2_sunny_FHD,2,0,toward,False,93,1.43,0.0466,0.0937,0.0384
Gangneung_nodong_20201020_1430_TUE_15m_NH_highway_TW2_sunny_FHD,Gangneung_nodong_20201020_1430_TUE_15m_NH_highway_TW2_sunny_FHD,3,0,toward,False,93,1.35,0.0287,0.0724,0.0236
Gangneung_nodong_20201020_1430_TUE_15m_NH_highway_TW2_sunny_FHD,Gangneung_nodong_20201020_1430_TUE_15m_NH_highway_TW2_sunny_FHD,4,1,away,False,93,0.52,0.0217,0.0723,0.0135
Gangneung_nodong_20201020_1430_TUE_15m_NH_highway_TW2_sunny_FHD,Gangneung_nodong_20201020_1430_TUE_15m_NH_highway_TW2_sunny_FHD,5,1,away,False,93,1.2,0.041,0.0969,0.0332
Gangneung_nodong_20201020_1430_TUE_15m_NH_highway_TW2_sunny_FHD,Gangneung_nodong_20201020_1430_TUE_15m_NH_highway_TW2_sunny_FHD,6,1,away,True,93,0.16,0.0,0.0,0.0
Gangneung_nodong_20201021_0830_WED_15m_NH_highway_TW2_sunny_FHD,Gangneung_nodong_20201021_0830_WED_15m_NH_highway_TW2_sunny_FHD,1,0,toward,True,111,0.0,0.0,0.0,0.0
Gangneung_nodong_20201021_0830_WED_15m_NH_highway_TW2_sunny_FHD,Gangneung_nodong_20201021_0830_WED_15m_NH_highway_TW2_sunny_FHD,2,0,toward,False,111,0.94,0.047,0.1153,0.0336
Gangneung_nodong_20201021_0830_WED_15m_NH_highway_TW2_sunny_FHD,Gangneung_nodong_20201021_0830_WED_15m_NH_highway_TW2_sunny_FHD,3,0,toward,False,111,1.44,0.0313,0.0952,0.0234
Gangneung_nodong_20201021_0830_WED_15m_NH_highway_TW2_sunny_FHD,Gangneung_nodong_20201021_0830_WED_15m_NH_highway_TW2_sunny_FHD,4,1,away,False,111,0.6,0.0155,0.0683,0.0117
Gangneung_nodong_20201021_0830_WED_15m_NH_highway_TW2_sunny_FHD,Gangneung_nodong_20201021_0830_WED_15m_NH_highway_TW2_sunny_FHD,5,1,away,False,111,1.56,0.0509,0.1463,0.0446
Gangneung_nodong_20201021_0830_WED_15m_NH_highway_TW2_sunny_FHD,Gangneung_nodong_20201021_0830_WED_15m_NH_highway_TW2_sunny_FHD,6,1,away,True,111,0.01,0.0,0.0,0.0
Gangneung_nodong_20201021_1330_WED_15m_NH_highway_TW2_sunny_FHD,Gangneung_nodong_20201021_1330_WED_15m_NH_highway_TW2_sunny_FHD,1,0,toward,False,85,1.26,0.0356,0.0921,0.0298
Gangneung_nodong_20201021_1330_WED_15m_NH_highway_TW2_sunny_FHD,Gangneung_nodong_20201021_1330_WED_15m_NH_highway_TW2_sunny_FHD,2,1,away,False,85,2.0,0.0215,0.0479,0.0163
Gangneung_wichon2brdg_20201019_1730_MON_15m_NH_highway_TW2_sunny_FHD,Gangneung_wichon2brdg_20201019_1730_MON_15m_NH_highway_TW2_sunny_FHD,1,0,toward,True,88,0.01,0.0,0.0,0.0
Gangneung_wichon2brdg_20201019_1730_MON_15m_NH_highway_TW2_sunny_FHD,Gangneung_wichon2brdg_20201019_1730_MON_15m_NH_highway_TW2_sunny_FHD,2,0,toward,False,88,0.88,0.0211,0.0892,0.0181
Gangneung_wichon2brdg_20201019_1730_MON_15m_NH_highway_TW2_sunny_FHD,Gangneung_wichon2brdg_20201019_1730_MON_15m_NH_highway_TW2_sunny_FHD,3,0,toward,False,88,0.28,0.0165,0.0,0.0186
Gangneung_wichon2brdg_20201019_1730_MON_15m_NH_highway_TW2_sunny_FHD,Gangneung_wichon2brdg_20201019_1730_MON_15m_NH_highway_TW2_sunny_FHD,4,0,toward,False,88,0.48,0.0145,0.031,0.0132
Gangneung_wichon2brdg_20201019_1730_MON_15m_NH_highway_TW2_sunny_FHD,Gangneung_wichon2brdg_20201019_1730_MON_15m_NH_highway_TW2_sunny_FHD,5,0,toward,False,88,0.19,0.0039,0.0,0.0078
Gangneung_wichon2brdg_20201019_1730_MON_15m_NH_highway_TW2_sunny_FHD,Gangneung_wichon2brdg_20201019_1730_MON_15m_NH_highway_TW2_sunny_FHD,6,1,away,False,88,0.99,0.0162,0.0614,0.0135
Gangneung_wichon2brdg_20201019_1730_MON_15m_NH_highway_TW2_sunny_FHD,Gangneung_wichon2brdg_20201019_1730_MON_15m_NH_highway_TW2_sunny_FHD,7,1,away,False,88,0.97,0.0277,0.0604,0.0365
Gangneung_wichon2brdg_20201019_1730_MON_15m_NH_highway_TW2_sunny_FHD,Gangneung_wichon2brdg_20201019_1730_MON_15m_NH_highway_TW2_sunny_FHD,8,1,away,True,88,0.88,0.0048,0.0,0.002
Gangneung_wichon2brdg_20201020_0830_TUE_15m_NH_highway_TW2_sunny_FHD,Gangneung_wichon2brdg_20201020_0830_TUE_15m_NH_highway_TW2_sunny_FHD,1,0,toward,True,89,0.0,0.0,0.0,0.0
Gangneung_wichon2brdg_20201020_0830_TUE_15m_NH_highway_TW2_sunny_FHD,Gangneung_wichon2brdg_20201020_0830_TUE_15m_NH_highway_TW2_sunny_FHD,2,0,toward,False,89,0.9,0.0289,0.1093,0.0202
Gangneung_wichon2brdg_20201020_0830_TUE_15m_NH_highway_TW2_sunny_FHD,Gangneung_wichon2brdg_20201020_0830_TUE_15m_NH_highway_TW2_sunny_FHD,3,0,toward,False,89,0.21,0.0044,0.0,0.0073
Gangneung_wichon2brdg_20201020_0830_TUE_15m_NH_highway_TW2_sunny_FHD,Gangneung_wichon2brdg_20201020_0830_TUE_15m_NH_highway_TW2_sunny_FHD,4,0,toward,False,89,0.57,0.0249,0.0973,0.0287
Gangneung_wichon2brdg_20201020_0830_TUE_15m_NH_highway_TW2_sunny_FHD,Gangneung_wichon2brdg_20201020_0830_TUE_15m_NH_highway_TW2_sunny_FHD,5,0,toward,False,89,0.3,0.0101,0.0112,0.0084
Gangneung_wichon2brdg_20201020_0830_TUE_15m_NH_highway_TW2_sunny_FHD,Gangneung_wichon2brdg_20201020_0830_TUE_15m_NH_highway_TW2_sunny_FHD,6,1,away,False,89,1.43,0.0178,0.0706,0.0113
Gangneung_wichon2brdg_20201020_0830_TUE_15m_NH_highway_TW2_sunny_FHD,Gangneung_wichon2brdg_20201020_0830_TUE_15m_NH_highway_TW2_sunny_FHD,7,1,away,False,89,0.66,0.0137,0.052,0.0174
Gangneung_wichon2brdg_20201020_0830_TUE_15m_NH_highway_TW2_sunny_FHD,Gangneung_wichon2brdg_20201020_0830_TUE_15m_NH_highway_TW2_sunny_FHD,8,1,away,True,89,0.44,0.0009,0.0,0.0007
Gangneung_wichon2brdg_20201020_1400_TUE_15m_NH_highway_TW2_sunny_FHD,Gangneung_wichon2brdg_20201020_1400_TUE_15m_NH_highway_TW2_sunny_FHD,1,0,toward,True,95,0.02,0.0,0.0,0.0
Gangneung_wichon2brdg_20201020_1400_TUE_15m_NH_highway_TW2_sunny_FHD,Gangneung_wichon2brdg_20201020_1400_TUE_15m_NH_highway_TW2_sunny_FHD,2,0,toward,False,95,0.81,0.0296,0.1003,0.0209
Gangneung_wichon2brdg_20201020_1400_TUE_15m_NH_highway_TW2_sunny_FHD,Gangneung_wichon2brdg_20201020_1400_TUE_15m_NH_highway_TW2_sunny_FHD,3,0,toward,False,95,0.45,0.0192,0.0654,0.0289
Gangneung_wichon2brdg_20201020_1400_TUE_15m_NH_highway_TW2_sunny_FHD,Gangneung_wichon2brdg_20201020_1400_TUE_15m_NH_highway_TW2_sunny_FHD,4,0,toward,False,95,0.56,0.0133,0.0,0.01
Gangneung_wichon2brdg_20201020_1400_TUE_15m_NH_highway_TW2_sunny_FHD,Gangneung_wichon2brdg_20201020_1400_TUE_15m_NH_highway_TW2_sunny_FHD,5,0,toward,False,95,0.26,0.0094,0.0,0.0058
Gangneung_wichon2brdg_20201020_1400_TUE_15m_NH_highway_TW2_sunny_FHD,Gangneung_wichon2brdg_20201020_1400_TUE_15m_NH_highway_TW2_sunny_FHD,6,1,away,False,95,1.98,0.0308,0.0983,0.0234
Gangneung_wichon2brdg_20201020_1400_TUE_15m_NH_highway_TW2_sunny_FHD,Gangneung_wichon2brdg_20201020_1400_TUE_15m_NH_highway_TW2_sunny_FHD,7,1,away,False,95,0.95,0.0211,0.065,0.0191
Gangneung_wichon2brdg_20201020_1400_TUE_15m_NH_highway_TW2_sunny_FHD,Gangneung_wichon2brdg_20201020_1400_TUE_15m_NH_highway_TW2_sunny_FHD,8,1,away,True,95,0.81,0.0025,0.0,0.0015
Gangneung_wichon2brdg_20201020_1900_TUE_15m_NH_highway_TW2_sunny_FHD,Gangneung_wichon2brdg_20201020_1900_TUE_15m_NH_highway_TW2_sunny_FHD,1,0,toward,True,58,0.0,0.0,0.0,0.0
Gangneung_wichon2brdg_20201020_1900_TUE_15m_NH_highway_TW2_sunny_FHD,Gangneung_wichon2brdg_20201020_1900_TUE_15m_NH_highway_TW2_sunny_FHD,2,0,toward,False,58,0.36,0.0267,0.1111,0.0138
Gangneung_wichon2brdg_20201020_1900_TUE_15m_NH_highway_TW2_sunny_FHD,Gangneung_wichon2brdg_20201020_1900_TUE_15m_NH_highway_TW2_sunny_FHD,3,0,toward,False,58,0.14,0.0093,0.0,0.0057
Gangneung_wichon2brdg_20201020_1900_TUE_15m_NH_highway_TW2_sunny_FHD,Gangneung_wichon2brdg_20201020_1900_TUE_15m_NH_highway_TW2_sunny_FHD,4,0,toward,False,58,0.14,0.0082,0.0,0.0052
Gangneung_wichon2brdg_20201020_1900_TUE_15m_NH_highway_TW2_sunny_FHD,Gangneung_wichon2brdg_20201020_1900_TUE_15m_NH_highway_TW2_sunny_FHD,5,0,toward,False,58,0.09,0.0071,0.0,0.0044
Gangneung_wichon2brdg_20201020_1900_TUE_15m_NH_highway_TW2_sunny_FHD,Gangneung_wichon2brdg_20201020_1900_TUE_15m_NH_highway_TW2_sunny_FHD,6,1,away,False,58,0.19,0.0109,0.0539,0.0083
Gangneung_wichon2brdg_20201020_1900_TUE_15m_NH_highway_TW2_sunny_FHD,Gangneung_wichon2brdg_20201020_1900_TUE_15m_NH_highway_TW2_sunny_FHD,7,1,away,False,58,0.47,0.0133,0.05,0.009
Gangneung_wichon2brdg_20201020_1900_TUE_15m_NH_highway_TW2_sunny_FHD,Gangneung_wichon2brdg_20201020_1900_TUE_15m_NH_highway_TW2_sunny_FHD,8,1,away,True,58,0.16,0.0035,0.0,0.0007
Gangneung_wichon2brdg_20201021_0930_WED_15m_NH_highway_TW2_sunny_FHD,Gangneung_wichon2brdg_20201021_0930_WED_15m_NH_highway_TW2_sunny_FHD,1,0,toward,True,119,0.06,0.0,0.0,0.0
Gangneung_wichon2brdg_20201021_0930_WED_15m_NH_highway_TW2_sunny_FHD,Gangneung_wichon2brdg_20201021_0930_WED_15m_NH_highway_TW2_sunny_FHD,2,0,toward,False,119,1.11,0.0324,0.1109,0.0282
Gangneung_wichon2brdg_20201021_0930_WED_15m_NH_highway_TW2_sunny_FHD,Gangneung_wichon2brdg_20201021_0930_WED_15m_NH_highway_TW2_sunny_FHD,3,0,toward,False,119,0.24,0.011,0.0,0.0184
Gangneung_wichon2brdg_20201021_0930_WED_15m_NH_highway_TW2_sunny_FHD,Gangneung_wichon2brdg_20201021_0930_WED_15m_NH_highway_TW2_sunny_FHD,4,0,toward,False,119,0.58,0.0289,0.132,0.0186
Gangneung_wichon2brdg_20201021_0930_WED_15m_NH_highway_TW2_sunny_FHD,Gangneung_wichon2brdg_20201021_0930_WED_15m_NH_highway_TW2_sunny_FHD,5,0,toward,False,119,0.36,0.0136,0.0269,0.0149
Gangneung_wichon2brdg_20201021_0930_WED_15m_NH_highway_TW2_sunny_FHD,Gangneung_wichon2brdg_20201021_0930_WED_15m_NH_highway_TW2_sunny_FHD,6,1,away,False,119,0.74,0.0273,0.0918,0.0189
Gangneung_wichon2brdg_20201021_0930_WED_15m_NH_highway_TW2_sunny_FHD,Gangneung_wichon2brdg_20201021_0930_WED_15m_NH_highway_TW2_sunny_FHD,7,1,away,False,119,0.82,0.0198,0.0683,0.0198
Gangneung_wichon2brdg_20201021_0930_WED_15m_NH_highway_TW2_sunny_FHD,Gangneung_wichon2brdg_20201021_0930_WED_15m_NH_highway_TW2_sunny_FHD,8,1,away,True,119,0.17,0.0,0.0,0.0004
Gangneung_wichon2brdg_20201021_1430_WED_15m_NH_highway_TW2_sunny_FHD,Gangneung_wichon2brdg_20201021_1430_WED_15m_NH_highway_TW2_sunny_FHD,1,0,toward,True,87,0.11,0.0,0.0,0.0003
Gangneung_wichon2brdg_20201021_1430_WED_15m_NH_highway_TW2_sunny_FHD,Gangneung_wichon2brdg_20201021_1430_WED_15m_NH_highway_TW2_sunny_FHD,2,0,toward,False,87,0.7,0.0032,0.0,0.0022
Gangneung_wichon2brdg_20201021_1430_WED_15m_NH_highway_TW2_sunny_FHD,Gangneung_wichon2brdg_20201021_1430_WED_15m_NH_highway_TW2_sunny_FHD,3,0,toward,False,87,1.25,0.0242,0.0895,0.0171
Gangneung_wichon2brdg_20201021_1430_WED_15m_NH_highway_TW2_sunny_FHD,Gangneung_wichon2brdg_20201021_1430_WED_15m_NH_highway_TW2_sunny_FHD,4,0,toward,False,87,0.57,0.0167,0.0715,0.0173
Gangneung_wichon2brdg_20201021_1430_WED_15m_NH_highway_TW2_sunny_FHD,Gangneung_wichon2brdg_20201021_1430_WED_15m_NH_highway_TW2_sunny_FHD,5,0,toward,True,87,0.93,0.0153,0.0947,0.0145
Gangneung_wichon2brdg_20201021_1430_WED_15m_NH_highway_TW2_sunny_FHD,Gangneung_wichon2brdg_20201021_1430_WED_15m_NH_highway_TW2_sunny_FHD,6,1,away,False,87,0.24,0.0058,0.0,0.0069
Gangneung_wichon2brdg_20201021_1430_WED_15m_NH_highway_TW2_sunny_FHD,Gangneung_wichon2brdg_20201021_1430_WED_15m_NH_highway_TW2_sunny_FHD,7,1,away,False,87,0.56,0.0227,0.1096,0.018
Gangneung_wichon2brdg_20201021_1430_WED_15m_NH_highway_TW2_sunny_FHD,Gangneung_wichon2brdg_20201021_1430_WED_15m_NH_highway_TW2_sunny_FHD,8,1,away,False,87,0.23,0.0027,0.0,0.0029
Gangneung_wichon2brdg_20201021_1430_WED_15m_NH_highway_TW2_sunny_FHD,Gangneung_wichon2brdg_20201021_1430_WED_15m_NH_highway_TW2_sunny_FHD,9,1,away,False,87,1.29,0.0345,0.1062,0.0313
Gangneung_wichon2brdg_20201021_1430_WED_15m_NH_highway_TW2_sunny_FHD,Gangneung_wichon2brdg_20201021_1430_WED_15m_NH_highway_TW2_sunny_FHD,10,1,away,True,87,0.34,0.0,0.0,0.0
Gangneung_wichon2brdg_20201021_1930_WED_15m_NH_highway_TW2_sunny_FHD,Gangneung_wichon2brdg_20201021_1930_WED_15m_NH_highway_TW2_sunny_FHD,1,0,toward,True,43,0.0,0.0,0.0,0.0
Gangneung_wichon2brdg_20201021_1930_WED_15m_NH_highway_TW2_sunny_FHD,Gangneung_wichon2brdg_20201021_1930_WED_15m_NH_highway_TW2_sunny_FHD,2,0,toward,False,43,0.07,0.0053,0.0,0.0026
Gangneung_wichon2brdg_20201021_1930_WED_15m_NH_highway_TW2_sunny_FHD,Gangneung_wichon2brdg_20201021_1930_WED_15m_NH_highway_TW2_sunny_FHD,3,0,toward,False,43,0.44,0.0212,0.0773,0.0211
Gangneung_wichon2brdg_20201021_1930_WED_15m_NH_highway_TW2_sunny_FHD,Gangneung_wichon2brdg_20201021_1930_WED_15m_NH_highway_TW2_sunny_FHD,4,0,toward,False,43,0.07,0.0024,0.0,0.0008
Gangneung_wichon2brdg_20201021_1930_WED_15m_NH_highway_TW2_sunny_FHD,Gangneung_wichon2brdg_20201021_1930_WED_15m_NH_highway_TW2_sunny_FHD,5,0,toward,True,43,0.05,0.0004,0.0,0.0007
Gangneung_wichon2brdg_20201021_1930_WED_15m_NH_highway_TW2_sunny_FHD,Gangneung_wichon2brdg_20201021_1930_WED_15m_NH_highway_TW2_sunny_FHD,6,1,away,False,43,0.07,0.0028,0.0,0.002
Gangneung_wichon2brdg_20201021_1930_WED_15m_NH_highway_TW2_sunny_FHD,Gangneung_wichon2brdg_20201021_1930_WED_15m_NH_highway_TW2_sunny_FHD,7,1,away,False,43,0.16,0.0067,0.0,0.0044
Gangneung_wichon2brdg_20201021_1930_WED_15m_NH_highway_TW2_sunny_FHD,Gangneung_wichon2brdg_20201021_1930_WED_15m_NH_highway_TW2_sunny_FHD,8,1,away,False,43,0.19,0.0,0.0,0.0014
Gangneung_wichon2brdg_20201021_1930_WED_15m_NH_highway_TW2_sunny_FHD,Gangneung_wichon2brdg_20201021_1930_WED_15m_NH_highway_TW2_sunny_FHD,9,1,away,False,43,0.51,0.0207,0.1146,0.0142
Gangneung_wichon2brdg_20201021_1930_WED_15m_NH_highway_TW2_sunny_FHD,Gangneung_wichon2brdg_20201021_1930_WED_15m_NH_highway_TW2_sunny_FHD,10,1,away,True,43,0.0,0.0,0.0,0.0
Hongcheon_guljitunnel_20201020_1030_TUE_15m_NH_highway_TW2_sunny_FHD,Hongcheon_guljitunnel_20201020_1030_TUE_15m_NH_highway_TW2_sunny_FHD,1,0,toward,True,92,0.0,0.0,0.0,0.0
Hongcheon_guljitunnel_20201020_1030_TUE_15m_NH_highway_TW2_sunny_FHD,Hongcheon_guljitunnel_20201020_1030_TUE_15m_NH_highway_TW2_sunny_FHD,2,0,toward,False,92,1.84,0.0366,0.0896,0.0315
Hongcheon_guljitunnel_20201020_1030_TUE_15m_NH_highway_TW2_sunny_FHD,Hongcheon_guljitunnel_20201020_1030_TUE_15m_NH_highway_TW2_sunny_FHD,3,0,toward,False,92,1.6,0.0324,0.0932,0.0279
Hongcheon_guljitunnel_20201020_1030_TUE_15m_NH_highway_TW2_sunny_FHD,Hongcheon_guljitunnel_20201020_1030_TUE_15m_NH_highway_TW2_sunny_FHD,4,1,away,False,92,0.86,0.0171,0.0553,0.0148
Hongcheon_guljitunnel_20201020_1030_TUE_15m_NH_highway_TW2_sunny_FHD,Hongcheon_guljitunnel_20201020_1030_TUE_15m_NH_highway_TW2_sunny_FHD,5,1,away,False,92,1.29,0.0442,0.1331,0.0333
Hongcheon_guljitunnel_20201020_1030_TUE_15m_NH_highway_TW2_sunny_FHD,Hongcheon_guljitunnel_20201020_1030_TUE_15m_NH_highway_TW2_sunny_FHD,6,2,away,False,92,0.0,0.0,0.0,0.0
Hongcheon_guljitunnel_20201020_1030_TUE_15m_NH_highway_TW2_sunny_FHD,Hongcheon_guljitunnel_20201020_1030_TUE_15m_NH_highway_TW2_sunny_FHD,7,2,away,False,92,0.0,0.0,0.0,0.0
Hongcheon_guljitunnel_20201020_1530_TUE_15m_NH_highway_TW2_sunny_FHD,Hongcheon_guljitunnel_20201020_1530_TUE_15m_NH_highway_TW2_sunny_FHD,1,0,toward,True,100,0.02,0.0003,0.0,0.0013
Hongcheon_guljitunnel_20201020_1530_TUE_15m_NH_highway_TW2_sunny_FHD,Hongcheon_guljitunnel_20201020_1530_TUE_15m_NH_highway_TW2_sunny_FHD,2,0,toward,False,100,1.81,0.0433,0.1072,0.0391
Hongcheon_guljitunnel_20201020_1530_TUE_15m_NH_highway_TW2_sunny_FHD,Hongcheon_guljitunnel_20201020_1530_TUE_15m_NH_highway_TW2_sunny_FHD,3,0,toward,False,100,1.65,0.0339,0.0942,0.0317
Hongcheon_guljitunnel_20201020_1530_TUE_15m_NH_highway_TW2_sunny_FHD,Hongcheon_guljitunnel_20201020_1530_TUE_15m_NH_highway_TW2_sunny_FHD,4,1,away,False,100,1.04,0.0247,0.084,0.0151
Hongcheon_guljitunnel_20201020_1530_TUE_15m_NH_highway_TW2_sunny_FHD,Hongcheon_guljitunnel_20201020_1530_TUE_15m_NH_highway_TW2_sunny_FHD,5,1,away,False,100,1.6,0.0504,0.1289,0.0395
Hongcheon_guljitunnel_20201020_1530_TUE_15m_NH_highway_TW2_sunny_FHD,Hongcheon_guljitunnel_20201020_1530_TUE_15m_NH_highway_TW2_sunny_FHD,6,2,away,False,100,0.0,0.0,0.0,0.0
Hongcheon_guljitunnel_20201020_1530_TUE_15m_NH_highway_TW2_sunny_FHD,Hongcheon_guljitunnel_20201020_1530_TUE_15m_NH_highway_TW2_sunny_FHD,7,2,away,False,100,0.0,0.0,0.0,0.0
Hongcheon_guljitunnel_20201021_0930_WED_15m_NH_highway_TW2_sunny_FHD,Hongcheon_guljitunnel_20201021_0930_WED_15m_NH_highway_TW2_sunny_FHD,1,0,toward,True,90,0.02,0.0002,0.0,0.0002
Hongcheon_guljitunnel_20201021_0930_WED_15m_NH_highway_TW2_sunny_FHD,Hongcheon_guljitunnel_20201021_0930_WED_15m_NH_highway_TW2_sunny_FHD,2,0,toward,False,90,1.87,0.0457,0.1087,0.0414
Hongcheon_guljitunnel_20201021_0930_WED_15m_NH_highway_TW2_sunny_FHD,Hongcheon_guljitunnel_20201021_0930_WED_15m_NH_highway_TW2_sunny_FHD,3,0,toward,False,90,1.57,0.0388,0.123,0.032
Hongcheon_guljitunnel_20201021_0930_WED_15m_NH_highway_TW2_sunny_FHD,Hongcheon_guljitunnel_20201021_0930_WED_15m_NH_highway_TW2_sunny_FHD,4,1,away,False,90,0.62,0.012,0.0451,0.0091
Hongcheon_guljitunnel_20201021_0930_WED_15m_NH_highway_TW2_sunny_FHD,Hongcheon_guljitunnel_20201021_0930_WED_15m_NH_highway_TW2_sunny_FHD,5,1,away,False,90,0.64,0.0293,0.0951,0.022
Hongcheon_guljitunnel_20201021_0930_WED_15m_NH_highway_TW2_sunny_FHD,Hongcheon_guljitunnel_20201021_0930_WED_15m_NH_highway_TW2_sunny_FHD,6,2,away,False,90,0.02,0.0,0.0,0.0
Hongcheon_guljitunnel_20201021_0930_WED_15m_NH_highway_TW2_sunny_FHD,Hongcheon_guljitunnel_20201021_0930_WED_15m_NH_highway_TW2_sunny_FHD,7,2,away,False,90,0.0,0.0,0.0,0.0
Hongcheon_guljitunnel_20201021_1430_WED_15m_NH_highway_TW2_sunny_FHD,Hongcheon_guljitunnel_20201021_1430_WED_15m_NH_highway_TW2_sunny_FHD,1,0,toward,True,122,0.02,0.0007,0.0,0.003
Hongcheon_guljitunnel_20201021_1430_WED_15m_NH_highway_TW2_sunny_FHD,Hongcheon_guljitunnel_20201021_1430_WED_15m_NH_highway_TW2_sunny_FHD,2,0,toward,False,122,1.65,0.0412,0.1036,0.034
Hongcheon_guljitunnel_20201021_1430_WED_15m_NH_highway_TW2_sunny_FHD,Hongcheon_guljitunnel_20201021_1430_WED_15m_NH_highway_TW2_sunny_FHD,3,0,toward,False,122,1.34,0.0307,0.0853,0.0266
Hongcheon_guljitunnel_20201021_1430_WED_15m_NH_highway_TW2_sunny_FHD,Hongcheon_guljitunnel_20201021_1430_WED_15m_NH_highway_TW2_sunny_FHD,4,1,away,False,122,0.8,0.0287,0.0896,0.0271
Hongcheon_guljitunnel_20201021_1430_WED_15m_NH_highway_TW2_sunny_FHD,Hongcheon_guljitunnel_20201021_1430_WED_15m_NH_highway_TW2_sunny_FHD,5,1,away,False,122,1.25,0.0592,0.1697,0.0522
Hongcheon_guljitunnel_20201021_1430_WED_15m_NH_highway_TW2_sunny_FHD,Hongcheon_guljitunnel_20201021_1430_WED_15m_NH_highway_TW2_sunny_FHD,6,2,away,False,122,0.39,0.0,0.0,0.0048
Hongcheon_guljitunnel_20201021_1430_WED_15m_NH_highway_TW2_sunny_FHD,Hongcheon_guljitunnel_20201021_1430_WED_15m_NH_highway_TW2_sunny_FHD,7,2,away,False,122,0.16,0.0,0.0,0.0002
Hongcheon_gwanggyeog1brdg_20201019_1730_MON_15m_NH_highway_TW2_sunny_FHD,Hongcheon_gwanggyeog1brdg_20201019_1730_MON_15m_NH_highway_TW2_sunny_FHD,1,0,toward,True,89,0.98,0.0008,0.0,0.0007
Hongcheon_gwanggyeog1brdg_20201019_1730_MON_15m_NH_highway_TW2_sunny_FHD,Hongcheon_gwanggyeog1brdg_20201019_1730_MON_15m_NH_highway_TW2_sunny_FHD,2,0,toward,False,89,0.51,0.0127,0.0526,0.0102
Hongcheon_gwanggyeog1brdg_20201019_1730_MON_15m_NH_highway_TW2_sunny_FHD,Hongcheon_gwanggyeog1brdg_20201019_1730_MON_15m_NH_highway_TW2_sunny_FHD,3,0,toward,False,89,0.33,0.0124,0.0413,0.0095
Hongcheon_gwanggyeog1brdg_20201019_1730_MON_15m_NH_highway_TW2_sunny_FHD,Hongcheon_gwanggyeog1brdg_20201019_1730_MON_15m_NH_highway_TW2_sunny_FHD,4,1,away,False,89,0.67,0.0304,0.142,0.0163
Hongcheon_gwanggyeog1brdg_20201019_1730_MON_15m_NH_highway_TW2_sunny_FHD,Hongcheon_gwanggyeog1brdg_20201019_1730_MON_15m_NH_highway_TW2_sunny_FHD,5,1,away,False,89,0.6,0.0439,0.1577,0.0231
Hongcheon_gwanggyeog1brdg_20201019_1730_MON_15m_NH_highway_TW2_sunny_FHD,Hongcheon_gwanggyeog1brdg_20201019_1730_MON_15m_NH_highway_TW2_sunny_FHD,6,1,away,True,89,0.0,0.0,0.0,0.0
Hongcheon_gwanggyeog1brdg_20201020_1130_TUE_15m_NH_highway_TW2_sunny_FHD,Hongcheon_gwanggyeog1brdg_20201020_1130_TUE_15m_NH_highway_TW2_sunny_FHD,1,0,toward,True,92,0.74,0.0,0.0,0.0006
Hongcheon_gwanggyeog1brdg_20201020_1130_TUE_15m_NH_highway_TW2_sunny_FHD,Hongcheon_gwanggyeog1brdg_20201020_1130_TUE_15m_NH_highway_TW2_sunny_FHD,2,0,toward,False,92,0.99,0.0214,0.0835,0.0175
Hongcheon_gwanggyeog1brdg_20201020_1130_TUE_15m_NH_highway_TW2_sunny_FHD,Hongcheon_gwanggyeog1brdg_20201020_1130_TUE_15m_NH_highway_TW2_sunny_FHD,3,0,toward,False,92,0.72,0.0274,0.1264,0.0187
Hongcheon_gwanggyeog1brdg_20201020_1130_TUE_15m_NH_highway_TW2_sunny_FHD,Hongcheon_gwanggyeog1brdg_20201020_1130_TUE_15m_NH_highway_TW2_sunny_FHD,4,1,away,False,92,0.32,0.01,0.0321,0.0141
Hongcheon_gwanggyeog1brdg_20201020_1130_TUE_15m_NH_highway_TW2_sunny_FHD,Hongcheon_gwanggyeog1brdg_20201020_1130_TUE_15m_NH_highway_TW2_sunny_FHD,5,1,away,False,92,0.62,0.0305,0.1318,0.0231
Hongcheon_gwanggyeog1brdg_20201020_1130_TUE_15m_NH_highway_TW2_sunny_FHD,Hongcheon_gwanggyeog1brdg_20201020_1130_TUE_15m_NH_highway_TW2_sunny_FHD,6,1,away,True,92,0.0,0.0,0.0,0.0
Hongcheon_gwanggyeog1brdg_20201020_1630_TUE_15m_NH_highway_TW2_sunny_FHD,Hongcheon_gwanggyeog1brdg_20201020_1630_TUE_15m_NH_highway_TW2_sunny_FHD,1,0,toward,True,88,0.18,0.01,0.0395,0.0067
Hongcheon_gwanggyeog1brdg_20201020_1630_TUE_15m_NH_highway_TW2_sunny_FHD,Hongcheon_gwanggyeog1brdg_20201020_1630_TUE_15m_NH_highway_TW2_sunny_FHD,2,0,toward,False,88,0.25,0.0124,0.029,0.0068
Hongcheon_gwanggyeog1brdg_20201020_1630_TUE_15m_NH_highway_TW2_sunny_FHD,Hongcheon_gwanggyeog1brdg_20201020_1630_TUE_15m_NH_highway_TW2_sunny_FHD,3,0,toward,False,88,0.26,0.0133,0.0,0.0181
Hongcheon_gwanggyeog1brdg_20201020_1630_TUE_15m_NH_highway_TW2_sunny_FHD,Hongcheon_gwanggyeog1brdg_20201020_1630_TUE_15m_NH_highway_TW2_sunny_FHD,4,1,away,False,88,0.58,0.018,0.0994,0.0212
Hongcheon_gwanggyeog1brdg_20201020_1630_TUE_15m_NH_highway_TW2_sunny_FHD,Hongcheon_gwanggyeog1brdg_20201020_1630_TUE_15m_NH_highway_TW2_sunny_FHD,5,1,away,False,88,1.01,0.0372,0.1553,0.0306
Hongcheon_gwanggyeog1brdg_20201020_1630_TUE_15m_NH_highway_TW2_sunny_FHD,Hongcheon_gwanggyeog1brdg_20201020_1630_TUE_15m_NH_highway_TW2_sunny_FHD,6,1,away,True,88,0.25,0.0,0.0,0.0001
Hongcheon_gwanggyeog1brdg_20201021_1030_WED_15m_NH_highway_TW2_sunny_FHD,Hongcheon_gwanggyeog1brdg_20201021_1030_WED_15m_NH_highway_TW2_sunny_FHD,1,0,toward,True,86,1.13,0.0,0.0,0.0009
Hongcheon_gwanggyeog1brdg_20201021_1030_WED_15m_NH_highway_TW2_sunny_FHD,Hongcheon_gwanggyeog1brdg_20201021_1030_WED_15m_NH_highway_TW2_sunny_FHD,2,0,toward,False,86,0.84,0.0233,0.0848,0.0209
Hongcheon_gwanggyeog1brdg_20201021_1030_WED_15m_NH_highway_TW2_sunny_FHD,Hongcheon_gwanggyeog1brdg_20201021_1030_WED_15m_NH_highway_TW2_sunny_FHD,3,0,toward,False,86,0.69,0.0196,0.0867,0.0168
Hongcheon_gwanggyeog1brdg_20201021_1030_WED_15m_NH_highway_TW2_sunny_FHD,Hongcheon_gwanggyeog1brdg_20201021_1030_WED_15m_NH_highway_TW2_sunny_FHD,4,1,away,False,86,0.37,0.0132,0.0461,0.0105
Hongcheon_gwanggyeog1brdg_20201021_1030_WED_15m_NH_highway_TW2_sunny_FHD,Hongcheon_gwanggyeog1brdg_20201021_1030_WED_15m_NH_highway_TW2_sunny_FHD,5,1,away,False,86,0.71,0.0512,0.1688,0.0404
Hongcheon_gwanggyeog1brdg_20201021_1030_WED_15m_NH_highway_TW2_sunny_FHD,Hongcheon_gwanggyeog1brdg_20201021_1030_WED_15m_NH_highway_TW2_sunny_FHD,6,1,away,True,86,0.0,0.0,0.0,0.0
Hongcheon_gwanggyeog1brdg_20201021_1530_WED_15m_NH_highway_TW2_sunny_FHD,Hongcheon_gwanggyeog1brdg_20201021_1530_WED_15m_NH_highway_TW2_sunny_FHD,1,0,toward,True,94,1.27,0.0,0.0,0.0006
Hongcheon_gwanggyeog1brdg_20201021_1530_WED_15m_NH_highway_TW2_sunny_FHD,Hongcheon_gwanggyeog1brdg_20201021_1530_WED_15m_NH_highway_TW2_sunny_FHD,2,0,toward,False,94,0.7,0.0227,0.0736,0.0207
Hongcheon_gwanggyeog1brdg_20201021_1530_WED_15m_NH_highway_TW2_sunny_FHD,Hongcheon_gwanggyeog1brdg_20201021_1530_WED_15m_NH_highway_TW2_sunny_FHD,3,0,toward,False,94,0.41,0.0173,0.1165,0.014
Hongcheon_gwanggyeog1brdg_20201021_1530_WED_15m_NH_highway_TW2_sunny_FHD,Hongcheon_gwanggyeog1brdg_20201021_1530_WED_15m_NH_highway_TW2_sunny_FHD,4,1,away,False,94,0.47,0.0156,0.0828,0.0162
Hongcheon_gwanggyeog1brdg_20201021_1530_WED_15m_NH_highway_TW2_sunny_FHD,Hongcheon_gwanggyeog1brdg_20201021_1530_WED_15m_NH_highway_TW2_sunny_FHD,5,1,away,False,94,0.76,0.0588,0.2001,0.0444
Hongcheon_gwanggyeog1brdg_20201021_1530_WED_15m_NH_highway_TW2_sunny_FHD,Hongcheon_gwanggyeog1brdg_20201021_1530_WED_15m_NH_highway_TW2_sunny_FHD,6,1,away,True,94,0.0,0.0,0.0,0.0
Hongcheon_seomgangbrdg_20201019_1900_MON_15m_NH_highway_TW2_sunny_FHD,Hongcheon_seomgangbrdg_20201019_1900_MON_15m_NH_highway_TW2_sunny_FHD,1,0,toward,True,38,0.05,0.0002,0.0,0.0001
Hongcheon_seomgangbrdg_20201019_1900_MON_15m_NH_highway_TW2_sunny_FHD,Hongcheon_seomgangbrdg_20201019_1900_MON_15m_NH_highway_TW2_sunny_FHD,2,0,toward,True,38,0.0,0.0,0.0,0.0
Hongcheon_seomgangbrdg_20201019_1900_MON_15m_NH_highway_TW2_sunny_FHD,Hongcheon_seomgangbrdg_20201019_1900_MON_15m_NH_highway_TW2_sunny_FHD,3,0,toward,False,38,0.18,0.0045,0.0173,0.005
Hongcheon_seomgangbrdg_20201019_1900_MON_15m_NH_highway_TW2_sunny_FHD,Hongcheon_seomgangbrdg_20201019_1900_MON_15m_NH_highway_TW2_sunny_FHD,4,0,toward,False,38,0.16,0.0061,0.0041,0.006
Hongcheon_seomgangbrdg_20201019_1900_MON_15m_NH_highway_TW2_sunny_FHD,Hongcheon_seomgangbrdg_20201019_1900_MON_15m_NH_highway_TW2_sunny_FHD,5,1,away,False,38,0.11,0.012,0.0296,0.0039
Hongcheon_seomgangbrdg_20201019_1900_MON_15m_NH_highway_TW2_sunny_FHD,Hongcheon_seomgangbrdg_20201019_1900_MON_15m_NH_highway_TW2_sunny_FHD,6,1,away,False,38,0.11,0.0115,0.0211,0.0105
Hongcheon_seomgangbrdg_20201019_1900_MON_15m_NH_highway_TW2_sunny_FHD,Hongcheon_seomgangbrdg_20201019_1900_MON_15m_NH_highway_TW2_sunny_FHD,7,1,away,False,38,0.05,0.0011,0.0,0.0004
Hongcheon_seomgangbrdg_20201020_0900_TUE_15m_NH_highway_TW2_sunny_FHD,Hongcheon_seomgangbrdg_20201020_0900_TUE_15m_NH_highway_TW2_sunny_FHD,1,0,toward,True,79,0.0,0.0,0.0,0.0
Hongcheon_seomgangbrdg_20201020_0900_TUE_15m_NH_highway_TW2_sunny_FHD,Hongcheon_seomgangbrdg_20201020_0900_TUE_15m_NH_highway_TW2_sunny_FHD,2,0,toward,True,79,0.01,0.0008,0.0,0.0003
Hongcheon_seomgangbrdg_20201020_0900_TUE_15m_NH_highway_TW2_sunny_FHD,Hongcheon_seomgangbrdg_20201020_0900_TUE_15m_NH_highway_TW2_sunny_FHD,3,0,toward,False,79,0.9,0.035,0.0968,0.0262
Hongcheon_seomgangbrdg_20201020_0900_TUE_15m_NH_highway_TW2_sunny_FHD,Hongcheon_seomgangbrdg_20201020_0900_TUE_15m_NH_highway_TW2_sunny_FHD,4,0,toward,False,79,1.14,0.0174,0.0796,0.0151
Hongcheon_seomgangbrdg_20201020_0900_TUE_15m_NH_highway_TW2_sunny_FHD,Hongcheon_seomgangbrdg_20201020_0900_TUE_15m_NH_highway_TW2_sunny_FHD,5,1,away,False,79,0.84,0.0125,0.0539,0.0127
Hongcheon_seomgangbrdg_20201020_0900_TUE_15m_NH_highway_TW2_sunny_FHD,Hongcheon_seomgangbrdg_20201020_0900_TUE_15m_NH_highway_TW2_sunny_FHD,6,1,away,False,79,1.13,0.0523,0.1417,0.0405
Hongcheon_seomgangbrdg_20201020_0900_TUE_15m_NH_highway_TW2_sunny_FHD,Hongcheon_seomgangbrdg_20201020_0900_TUE_15m_NH_highway_TW2_sunny_FHD,7,1,away,False,79,0.25,0.0044,0.0255,0.0019
Hongcheon_seomgangbrdg_20201020_1400_TUE_15m_NH_highway_TW2_sunny_FHD,Hongcheon_seomgangbrdg_20201020_1400_TUE_15m_NH_highway_TW2_sunny_FHD,1,0,toward,True,78,1.22,0.0012,0.0,0.0011
Hongcheon_seomgangbrdg_20201020_1400_TUE_15m_NH_highway_TW2_sunny_FHD,Hongcheon_seomgangbrdg_20201020_1400_TUE_15m_NH_highway_TW2_sunny_FHD,2,0,toward,True,78,0.4,0.0079,0.0246,0.0029
Hongcheon_seomgangbrdg_20201020_1400_TUE_15m_NH_highway_TW2_sunny_FHD,Hongcheon_seomgangbrdg_20201020_1400_TUE_15m_NH_highway_TW2_sunny_FHD,3,0,toward,False,78,0.87,0.0227,0.0682,0.0229
Hongcheon_seomgangbrdg_20201020_1400_TUE_15m_NH_highway_TW2_sunny_FHD,Hongcheon_seomgangbrdg_20201020_1400_TUE_15m_NH_highway_TW2_sunny_FHD,4,0,toward,False,78,0.37,0.0191,0.1107,0.0153
Hongcheon_seomgangbrdg_20201020_1400_TUE_15m_NH_highway_TW2_sunny_FHD,Hongcheon_seomgangbrdg_20201020_1400_TUE_15m_NH_highway_TW2_sunny_FHD,5,1,away,False,78,0.47,0.0168,0.0751,0.0162
Hongcheon_seomgangbrdg_20201020_1400_TUE_15m_NH_highway_TW2_sunny_FHD,Hongcheon_seomgangbrdg_20201020_1400_TUE_15m_NH_highway_TW2_sunny_FHD,6,1,away,False,78,0.58,0.0379,0.1025,0.0266
Hongcheon_seomgangbrdg_20201020_1400_TUE_15m_NH_highway_TW2_sunny_FHD,Hongcheon_seomgangbrdg_20201020_1400_TUE_15m_NH_highway_TW2_sunny_FHD,7,1,away,False,78,0.14,0.003,0.0,0.0013
Hongcheon_seomgangbrdg_20201021_0800_WED_15m_NH_highway_TW2_sunny_FHD,Hongcheon_seomgangbrdg_20201021_0800_WED_15m_NH_highway_TW2_sunny_FHD,1,0,toward,True,70,0.77,0.0032,0.0112,0.001
Hongcheon_seomgangbrdg_20201021_0800_WED_15m_NH_highway_TW2_sunny_FHD,Hongcheon_seomgangbrdg_20201021_0800_WED_15m_NH_highway_TW2_sunny_FHD,2,0,toward,True,70,0.3,0.0068,0.0333,0.0032
Hongcheon_seomgangbrdg_20201021_0800_WED_15m_NH_highway_TW2_sunny_FHD,Hongcheon_seomgangbrdg_20201021_0800_WED_15m_NH_highway_TW2_sunny_FHD,3,0,toward,False,70,0.47,0.0118,0.039,0.0136
Hongcheon_seomgangbrdg_20201021_0800_WED_15m_NH_highway_TW2_sunny_FHD,Hongcheon_seomgangbrdg_20201021_0800_WED_15m_NH_highway_TW2_sunny_FHD,4,0,toward,False,70,0.23,0.0062,0.0,0.0101
Hongcheon_seomgangbrdg_20201021_0800_WED_15m_NH_highway_TW2_sunny_FHD,Hongcheon_seomgangbrdg_20201021_0800_WED_15m_NH_highway_TW2_sunny_FHD,5,1,away,False,70,0.57,0.0211,0.0835,0.0189
Hongcheon_seomgangbrdg_20201021_0800_WED_15m_NH_highway_TW2_sunny_FHD,Hongcheon_seomgangbrdg_20201021_0800_WED_15m_NH_highway_TW2_sunny_FHD,6,1,away,False,70,0.51,0.0419,0.141,0.0231
Hongcheon_seomgangbrdg_20201021_0800_WED_15m_NH_highway_TW2_sunny_FHD,Hongcheon_seomgangbrdg_20201021_0800_WED_15m_NH_highway_TW2_sunny_FHD,7,1,away,False,70,0.19,0.0064,0.0027,0.002
Hongcheon_seomgangbrdg_20201021_1300_WED_15m_NH_highway_TW2_sunny_FHD,Hongcheon_seomgangbrdg_20201021_1300_WED_15m_NH_highway_TW2_sunny_FHD,1,0,toward,False,82,0.09,0.0023,0.0,0.002
Hongcheon_seomgangbrdg_20201021_1300_WED_15m_NH_highway_TW2_sunny_FHD,Hongcheon_seomgangbrdg_20201021_1300_WED_15m_NH_highway_TW2_sunny_FHD,2,0,toward,False,82,1.04,0.0332,0.0889,0.0316
Hongcheon_seomgangbrdg_20201021_1300_WED_15m_NH_highway_TW2_sunny_FHD,Hongcheon_seomgangbrdg_20201021_1300_WED_15m_NH_highway_TW2_sunny_FHD,3,0,toward,False,82,1.07,0.0244,0.1073,0.0201
Hongcheon_seomgangbrdg_20201021_1300_WED_15m_NH_highway_TW2_sunny_FHD,Hongcheon_seomgangbrdg_20201021_1300_WED_15m_NH_highway_TW2_sunny_FHD,4,1,away,False,82,0.35,0.0159,0.075,0.0143
Hongcheon_seomgangbrdg_20201021_1300_WED_15m_NH_highway_TW2_sunny_FHD,Hongcheon_seomgangbrdg_20201021_1300_WED_15m_NH_highway_TW2_sunny_FHD,5,1,away,False,82,0.52,0.0175,0.0808,0.0169
Hongcheon_seomgangbrdg_20201021_1300_WED_15m_NH_highway_TW2_sunny_FHD,Hongcheon_seomgangbrdg_20201021_1300_WED_15m_NH_highway_TW2_sunny_FHD,6,1,away,False,82,0.04,0.0054,0.0,0.002
Hongcheon_seomgangbrdg_20201021_1300_WED_15m_NH_highway_TW2_sunny_FHD,Hongcheon_seomgangbrdg_20201021_1300_WED_15m_NH_highway_TW2_sunny_FHD,7,1,away,False,82,0.22,0.0079,0.0308,0.0016
Hongcheon_wonchang4brdg_20201019_1600_MON_15m_NH_highway_OW2_sunny_FHD,Hongcheon_wonchang4brdg_20201019_1600_MON_15m_NH_highway_OW2_sunny_FHD,1,0,toward,True,86,0.0,0.0,0.0,0.0
Hongcheon_wonchang4brdg_20201019_1600_MON_15m_NH_highway_OW2_sunny_FHD,Hongcheon_wonchang4brdg_20201019_1600_MON_15m_NH_highway_OW2_sunny_FHD,2,0,toward,False,86,2.91,0.0682,0.1306,0.0522
Hongcheon_wonchang4brdg_20201021_1000_WED_15m_NH_highway_OW2_sunny_FHD,Hongcheon_wonchang4brdg_20201021_1000_WED_15m_NH_highway_OW2_sunny_FHD,1,0,away,False,61,1.36,0.046,0.1025,0.0283
Hongcheon_wonchang4brdg_20201021_1000_WED_15m_NH_highway_OW2_sunny_FHD,Hongcheon_wonchang4brdg_20201021_1000_WED_15m_NH_highway_OW2_sunny_FHD,2,0,away,False,61,1.25,0.027,0.0833,0.0219
Hongcheon_wonchang4brdg_20201021_1500_WED_15m_NH_highway_OW2_sunny_FHD,Hongcheon_wonchang4brdg_20201021_1500_WED_15m_NH_highway_OW2_sunny_FHD,1,0,away,False,65,1.82,0.0272,0.0842,0.0215
Hongcheon_wonchang4brdg_20201021_1500_WED_15m_NH_highway_OW2_sunny_FHD,Hongcheon_wonchang4brdg_20201021_1500_WED_15m_NH_highway_OW2_sunny_FHD,2,0,away,False,65,0.66,0.0179,0.072,0.0146
Inje_injetunnel2_20201210_0956_THU_4.8m_NH_highway_OW2_tunnel_FHD,Inje_injetunnel2_20201210_0956_THU_4.8m_NH_highway_OW2_tunnel_FHD,1,0,away,False,133,0.5,0.0265,0.1225,0.0213
Inje_injetunnel2_20201210_0956_THU_4.8m_NH_highway_OW2_tunnel_FHD,Inje_injetunnel2_20201210_0956_THU_4.8m_NH_highway_OW2_tunnel_FHD,2,0,away,False,133,0.92,0.0454,0.219,0.0269
Inje_injetunnel2_20201210_0956_THU_4.8m_NH_highway_OW2_tunnel_FHD,Inje_injetunnel2_20201210_0956_THU_4.8m_NH_highway_OW2_tunnel_FHD,3,0,away,True,133,0.02,0.0,0.0,0.0
Jeonju_deungcheon_20201019_1800_MON_10m_NH_highway_TW2_sunny_FHD,Jeonju_deungcheon_20201019_1800_MON_10m_NH_highway_TW2_sunny_FHD,1,0,toward,False,88,0.0,0.0,0.0,0.0
Jeonju_deungcheon_20201019_1800_MON_10m_NH_highway_TW2_sunny_FHD,Jeonju_deungcheon_20201019_1800_MON_10m_NH_highway_TW2_sunny_FHD,2,0,toward,False,88,0.01,0.0057,0.0,0.002
Jeonju_deungcheon_20201019_1800_MON_10m_NH_highway_TW2_sunny_FHD,Jeonju_deungcheon_20201019_1800_MON_10m_NH_highway_TW2_sunny_FHD,3,1,away,False,88,0.16,0.0108,0.0024,0.0054
Jeonju_deungcheon_20201019_1800_MON_10m_NH_highway_TW2_sunny_FHD,Jeonju_deungcheon_20201019_1800_MON_10m_NH_highway_TW2_sunny_FHD,4,1,away,False,88,0.6,0.0206,0.0947,0.01
Jeonju_deungcheon_20201020_0800_TUE_10m_NH_highway_TW2_sunny_FHD,Jeonju_deungcheon_20201020_0800_TUE_10m_NH_highway_TW2_sunny_FHD,1,0,toward,False,84,0.4,0.0261,0.0869,0.0223
Jeonju_deungcheon_20201020_0800_TUE_10m_NH_highway_TW2_sunny_FHD,Jeonju_deungcheon_20201020_0800_TUE_10m_NH_highway_TW2_sunny_FHD,2,0,toward,False,84,0.65,0.022,0.0919,0.015
Jeonju_deungcheon_20201020_0800_TUE_10m_NH_highway_TW2_sunny_FHD,Jeonju_deungcheon_20201020_0800_TUE_10m_NH_highway_TW2_sunny_FHD,3,1,away,False,84,0.51,0.0227,0.1247,0.0229
Jeonju_deungcheon_20201020_0800_TUE_10m_NH_highway_TW2_sunny_FHD,Jeonju_deungcheon_20201020_0800_TUE_10m_NH_highway_TW2_sunny_FHD,4,1,away,False,84,0.82,0.0378,0.1361,0.0221
Jeonju_deungcheon_20201020_1300_TUE_10m_NH_highway_TW2_sunny_FHD,Jeonju_deungcheon_20201020_1300_TUE_10m_NH_highway_TW2_sunny_FHD,1,0,toward,False,95,0.62,0.0256,0.0952,0.0263
Jeonju_deungcheon_20201020_1300_TUE_10m_NH_highway_TW2_sunny_FHD,Jeonju_deungcheon_20201020_1300_TUE_10m_NH_highway_TW2_sunny_FHD,2,0,toward,False,95,0.91,0.046,0.1558,0.0261
Jeonju_deungcheon_20201020_1300_TUE_10m_NH_highway_TW2_sunny_FHD,Jeonju_deungcheon_20201020_1300_TUE_10m_NH_highway_TW2_sunny_FHD,3,1,away,False,95,0.44,0.0274,0.1254,0.0222
Jeonju_deungcheon_20201020_1300_TUE_10m_NH_highway_TW2_sunny_FHD,Jeonju_deungcheon_20201020_1300_TUE_10m_NH_highway_TW2_sunny_FHD,4,1,away,False,95,0.83,0.0232,0.0885,0.0206
Jeonju_deungcheon_20201020_1800_TUE_10m_NH_highway_TW2_sunny_FHD,Jeonju_deungcheon_20201020_1800_TUE_10m_NH_highway_TW2_sunny_FHD,1,0,toward,False,90,0.29,0.0102,0.0428,0.0101
Jeonju_deungcheon_20201020_1800_TUE_10m_NH_highway_TW2_sunny_FHD,Jeonju_deungcheon_20201020_1800_TUE_10m_NH_highway_TW2_sunny_FHD,2,0,toward,False,90,0.62,0.0349,0.1477,0.0151
Jeonju_deungcheon_20201020_1800_TUE_10m_NH_highway_TW2_sunny_FHD,Jeonju_deungcheon_20201020_1800_TUE_10m_NH_highway_TW2_sunny_FHD,3,1,away,False,90,0.22,0.008,0.0,0.0074
Jeonju_deungcheon_20201020_1800_TUE_10m_NH_highway_TW2_sunny_FHD,Jeonju_deungcheon_20201020_1800_TUE_10m_NH_highway_TW2_sunny_FHD,4,1,away,False,90,0.52,0.0148,0.0554,0.0067
Jeonju_deungcheon_20201021_0800_WED_10m_NH_highway_TW2_sunny_FHD,Jeonju_deungcheon_20201021_0800_WED_10m_NH_highway_TW2_sunny_FHD,1,0,toward,True,86,0.0,0.0,0.0,0.0
Jeonju_deungcheon_20201021_0800_WED_10m_NH_highway_TW2_sunny_FHD,Jeonju_deungcheon_20201021_0800_WED_10m_NH_highway_TW2_sunny_FHD,2,0,toward,False,86,0.21,0.0508,0.2414,0.0356
Jeonju_deungcheon_20201021_0800_WED_10m_NH_highway_TW2_sunny_FHD,Jeonju_deungcheon_20201021_0800_WED_10m_NH_highway_TW2_sunny_FHD,3,0,toward,False,86,0.28,0.0259,0.1311,0.0205
Jeonju_deungcheon_20201021_0800_WED_10m_NH_highway_TW2_sunny_FHD,Jeonju_deungcheon_20201021_0800_WED_10m_NH_highway_TW2_sunny_FHD,4,1,away,False,86,0.42,0.0359,0.1275,0.0295
Jeonju_deungcheon_20201021_0800_WED_10m_NH_highway_TW2_sunny_FHD,Jeonju_deungcheon_20201021_0800_WED_10m_NH_highway_TW2_sunny_FHD,5,1,away,False,86,0.59,0.0267,0.0958,0.0295
Jeonju_deungcheon_20201021_1300_WED_10m_NH_highway_TW2_sunny_FHD,Jeonju_deungcheon_20201021_1300_WED_10m_NH_highway_TW2_sunny_FHD,1,0,toward,True,61,0.0,0.0,0.0,0.0
Jeonju_deungcheon_20201021_1300_WED_10m_NH_highway_TW2_sunny_FHD,Jeonju_deungcheon_20201021_1300_WED_10m_NH_highway_TW2_sunny_FHD,2,0,toward,False,61,0.23,0.0711,0.288,0.0476
Jeonju_deungcheon_20201021_1300_WED_10m_NH_highway_TW2_sunny_FHD,Jeonju_deungcheon_20201021_1300_WED_10m_NH_highway_TW2_sunny_FHD,3,0,toward,False,61,0.2,0.0204,0.1285,0.0164
Jeonju_deungcheon_20201021_1300_WED_10m_NH_highway_TW2_sunny_FHD,Jeonju_deungcheon_20201021_1300_WED_10m_NH_highway_TW2_sunny_FHD,4,1,away,False,61,0.59,0.0479,0.1796,0.0521
Jeonju_deungcheon_20201021_1300_WED_10m_NH_highway_TW2_sunny_FHD,Jeonju_deungcheon_20201021_1300_WED_10m_NH_highway_TW2_sunny_FHD,5,1,away,False,61,0.64,0.0317,0.1038,0.0356
Jeonju_deungcheon_20201021_1800_WED_10m_NH_highway_TW2_sunny_FHD,Jeonju_deungcheon_20201021_1800_WED_10m_NH_highway_TW2_sunny_FHD,1,0,toward,False,88,0.64,0.0195,0.0562,0.0203
Jeonju_deungcheon_20201021_1800_WED_10m_NH_highway_TW2_sunny_FHD,Jeonju_deungcheon_20201021_1800_WED_10m_NH_highway_TW2_sunny_FHD,2,0,toward,False,88,1.19,0.0444,0.1337,0.0361
Jeonju_deungcheon_20201021_1800_WED_10m_NH_highway_TW2_sunny_FHD,Jeonju_deungcheon_20201021_1800_WED_10m_NH_highway_TW2_sunny_FHD,3,1,away,False,88,0.68,0.0228,0.0995,0.0199
Jeonju_deungcheon_20201021_1800_WED_10m_NH_highway_TW2_sunny_FHD,Jeonju_deungcheon_20201021_1800_WED_10m_NH_highway_TW2_sunny_FHD,4,1,away,False,88,0.98,0.0351,0.1227,0.0271
Jeonju_deungcheon_20201021_1800_WED_10m_NH_highway_TW2_sunny_FHD,Jeonju_deungcheon_20201021_1800_WED_10m_NH_highway_TW2_sunny_FHD,5,1,away,False,88,0.53,0.0,0.0,0.0008
Jeonju_gudeog_20201019_2000_MON_15m_NH_highway_TW3_sunny_FHD,Jeonju_gudeog_20201019_2000_MON_15m_NH_highway_TW3_sunny_FHD,1,0,toward,False,79,0.0,0.0,0.0,0.0
Jeonju_gudeog_20201019_2000_MON_15m_NH_highway_TW3_sunny_FHD,Jeonju_gudeog_20201019_2000_MON_15m_NH_highway_TW3_sunny_FHD,2,0,toward,False,79,0.0,0.0,0.0,0.0
Jeonju_gudeog_20201019_2000_MON_15m_NH_highway_TW3_sunny_FHD,Jeonju_gudeog_20201019_2000_MON_15m_NH_highway_TW3_sunny_FHD,3,0,toward,False,79,0.0,0.0,0.0,0.0
Jeonju_gudeog_20201019_2000_MON_15m_NH_highway_TW3_sunny_FHD,Jeonju_gudeog_20201019_2000_MON_15m_NH_highway_TW3_sunny_FHD,4,1,away,False,79,0.35,0.0083,0.0,0.0033
Jeonju_gudeog_20201019_2000_MON_15m_NH_highway_TW3_sunny_FHD,Jeonju_gudeog_20201019_2000_MON_15m_NH_highway_TW3_sunny_FHD,5,1,away,False,79,0.52,0.0185,0.1024,0.0077
Jeonju_gudeog_20201019_2000_MON_15m_NH_highway_TW3_sunny_FHD,Jeonju_gudeog_20201019_2000_MON_15m_NH_highway_TW3_sunny_FHD,6,1,away,False,79,0.15,0.0102,0.0,0.0046
Jeonju_gudeog_20201019_2000_MON_15m_NH_highway_TW3_sunny_FHD,Jeonju_gudeog_20201019_2000_MON_15m_NH_highway_TW3_sunny_FHD,7,1,away,True,79,0.0,0.0,0.0,0.0
Jeonju_gudeog_20201020_1000_TUE_15m_NH_highway_TW3_sunny_FHD,Jeonju_gudeog_20201020_1000_TUE_15m_NH_highway_TW3_sunny_FHD,1,0,toward,False,127,0.69,0.0135,0.0534,0.0162
Jeonju_gudeog_20201020_1000_TUE_15m_NH_highway_TW3_sunny_FHD,Jeonju_gudeog_20201020_1000_TUE_15m_NH_highway_TW3_sunny_FHD,2,0,toward,False,127,0.44,0.0137,0.0546,0.0134
Jeonju_gudeog_20201020_1000_TUE_15m_NH_highway_TW3_sunny_FHD,Jeonju_gudeog_20201020_1000_TUE_15m_NH_highway_TW3_sunny_FHD,3,0,toward,False,127,0.28,0.0161,0.0599,0.0186
Jeonju_gudeog_20201020_1000_TUE_15m_NH_highway_TW3_sunny_FHD,Jeonju_gudeog_20201020_1000_TUE_15m_NH_highway_TW3_sunny_FHD,4,1,away,False,127,1.31,0.0136,0.0733,0.0141
Jeonju_gudeog_20201020_1000_TUE_15m_NH_highway_TW3_sunny_FHD,Jeonju_gudeog_20201020_1000_TUE_15m_NH_highway_TW3_sunny_FHD,5,1,away,False,127,0.87,0.0412,0.134,0.0404
Jeonju_gudeog_20201020_1000_TUE_15m_NH_highway_TW3_sunny_FHD,Jeonju_gudeog_20201020_1000_TUE_15m_NH_highway_TW3_sunny_FHD,6,1,away,False,127,0.41,0.0542,0.2466,0.0384
Jeonju_gudeog_20201020_1000_TUE_15m_NH_highway_TW3_sunny_FHD,Jeonju_gudeog_20201020_1000_TUE_15m_NH_highway_TW3_sunny_FHD,7,1,away,True,127,0.0,0.0,0.0,0.0
Jeonju_gudeog_20201020_1500_TUE_15m_NH_highway_TW3_sunny_FHD,Jeonju_gudeog_20201020_1500_TUE_15m_NH_highway_TW3_sunny_FHD,1,0,toward,False,98,1.89,0.0035,0.0,0.0049
Jeonju_gudeog_20201020_1500_TUE_15m_NH_highway_TW3_sunny_FHD,Jeonju_gudeog_20201020_1500_TUE_15m_NH_highway_TW3_sunny_FHD,2,0,toward,False,98,1.7,0.0301,0.0836,0.0218
Jeonju_gudeog_20201020_1500_TUE_15m_NH_highway_TW3_sunny_FHD,Jeonju_gudeog_20201020_1500_TUE_15m_NH_highway_TW3_sunny_FHD,3,0,toward,False,98,1.68,0.0564,0.1382,0.0438
Jeonju_gudeog_20201020_1500_TUE_15m_NH_highway_TW3_sunny_FHD,Jeonju_gudeog_20201020_1500_TUE_15m_NH_highway_TW3_sunny_FHD,4,1,away,False,98,1.2,0.0264,0.0932,0.0274
Jeonju_gudeog_20201020_1500_TUE_15m_NH_highway_TW3_sunny_FHD,Jeonju_gudeog_20201020_1500_TUE_15m_NH_highway_TW3_sunny_FHD,5,1,away,False,98,1.19,0.0531,0.1519,0.0427
Jeonju_gudeog_20201020_1500_TUE_15m_NH_highway_TW3_sunny_FHD,Jeonju_gudeog_20201020_1500_TUE_15m_NH_highway_TW3_sunny_FHD,6,1,away,False,98,0.45,0.0325,0.1245,0.028
Jeonju_gudeog_20201020_1500_TUE_15m_NH_highway_TW3_sunny_FHD,Jeonju_gudeog_20201020_1500_TUE_15m_NH_highway_TW3_sunny_FHD,7,1,away,True,98,0.0,0.0,0.0,0.0
Jeonju_gudeog_20201020_2000_TUE_15m_NH_highway_TW3_sunny_FHD,Jeonju_gudeog_20201020_2000_TUE_15m_NH_highway_TW3_sunny_FHD,1,0,toward,False,81,0.0,0.0,0.0,0.0
Jeonju_gudeog_20201020_2000_TUE_15m_NH_highway_TW3_sunny_FHD,Jeonju_gudeog_20201020_2000_TUE_15m_NH_highway_TW3_sunny_FHD,2,0,toward,False,81,0.05,0.0047,0.0,0.0044
Jeonju_gudeog_20201020_2000_TUE_15m_NH_highway_TW3_sunny_FHD,Jeonju_gudeog_20201020_2000_TUE_15m_NH_highway_TW3_sunny_FHD,3,0,toward,False,81,0.04,0.0,0.0,0.0
Jeonju_gudeog_20201020_2000_TUE_15m_NH_highway_TW3_sunny_FHD,Jeonju_gudeog_20201020_2000_TUE_15m_NH_highway_TW3_sunny_FHD,4,1,away,False,81,0.23,0.0049,0.0,0.0026
Jeonju_gudeog_20201020_2000_TUE_15m_NH_highway_TW3_sunny_FHD,Jeonju_gudeog_20201020_2000_TUE_15m_NH_highway_TW3_sunny_FHD,5,1,away,False,81,0.31,0.0109,0.0,0.0066
Jeonju_gudeog_20201020_2000_TUE_15m_NH_highway_TW3_sunny_FHD,Jeonju_gudeog_20201020_2000_TUE_15m_NH_highway_TW3_sunny_FHD,6,1,away,False,81,0.27,0.0195,0.1102,0.0088
Jeonju_gudeog_20201020_2000_TUE_15m_NH_highway_TW3_sunny_FHD,Jeonju_gudeog_20201020_2000_TUE_15m_NH_highway_TW3_sunny_FHD,7,1,away,True,81,0.0,0.0,0.0,0.0
Jeonju_gudeog_20201021_1000_WED_15m_NH_highway_TW3_sunny_FHD,Jeonju_gudeog_20201021_1000_WED_15m_NH_highway_TW3_sunny_FHD,1,0,toward,False,92,0.46,0.0488,0.1486,0.027
Jeonju_gudeog_20201021_1000_WED_15m_NH_highway_TW3_sunny_FHD,Jeonju_gudeog_20201021_1000_WED_15m_NH_highway_TW3_sunny_FHD,2,0,toward,False,92,0.39,0.0333,0.1173,0.0188
Jeonju_gudeog_20201021_1000_WED_15m_NH_highway_TW3_sunny_FHD,Jeonju_gudeog_20201021_1000_WED_15m_NH_highway_TW3_sunny_FHD,3,0,toward,False,92,0.33,0.0171,0.0846,0.0136
Jeonju_gudeog_20201021_1000_WED_15m_NH_highway_TW3_sunny_FHD,Jeonju_gudeog_20201021_1000_WED_15m_NH_highway_TW3_sunny_FHD,4,1,away,False,92,1.67,0.0135,0.0835,0.0112
Jeonju_gudeog_20201021_1000_WED_15m_NH_highway_TW3_sunny_FHD,Jeonju_gudeog_20201021_1000_WED_15m_NH_highway_TW3_sunny_FHD,5,1,away,False,92,1.33,0.047,0.1491,0.0355
Jeonju_gudeog_20201021_1000_WED_15m_NH_highway_TW3_sunny_FHD,Jeonju_gudeog_20201021_1000_WED_15m_NH_highway_TW3_sunny_FHD,6,1,away,False,92,0.46,0.0659,0.2925,0.0488
Jeonju_gudeog_20201021_1000_WED_15m_NH_highway_TW3_sunny_FHD,Jeonju_gudeog_20201021_1000_WED_15m_NH_highway_TW3_sunny_FHD,7,1,away,True,92,0.0,0.0,0.0,0.0
Jeonju_gudeog_20201021_1500_WED_15m_NH_highway_TW3_sunny_FHD,Jeonju_gudeog_20201021_1500_WED_15m_NH_highway_TW3_sunny_FHD,1,0,toward,False,92,3.38,0.0212,0.0774,0.0207
Jeonju_gudeog_20201021_1500_WED_15m_NH_highway_TW3_sunny_FHD,Jeonju_gudeog_20201021_1500_WED_15m_NH_highway_TW3_sunny_FHD,2,0,toward,False,92,1.33,0.0251,0.0789,0.0246
Jeonju_gudeog_20201021_1500_WED_15m_NH_highway_TW3_sunny_FHD,Jeonju_gudeog_20201021_1500_WED_15m_NH_highway_TW3_sunny_FHD,3,0,toward,False,92,1.05,0.029,0.0821,0.0226
Jeonju_gudeog_20201021_1500_WED_15m_NH_highway_TW3_sunny_FHD,Jeonju_gudeog_20201021_1500_WED_15m_NH_highway_TW3_sunny_FHD,4,1,away,False,92,1.02,0.0238,0.1025,0.0288
Jeonju_gudeog_20201021_1500_WED_15m_NH_highway_TW3_sunny_FHD,Jeonju_gudeog_20201021_1500_WED_15m_NH_highway_TW3_sunny_FHD,5,1,away,False,92,1.2,0.0534,0.1838,0.0512
Jeonju_gudeog_20201021_1500_WED_15m_NH_highway_TW3_sunny_FHD,Jeonju_gudeog_20201021_1500_WED_15m_NH_highway_TW3_sunny_FHD,6,1,away,False,92,0.6,0.0451,0.1506,0.0347
Jeonju_gudeog_20201021_1500_WED_15m_NH_highway_TW3_sunny_FHD,Jeonju_gudeog_20201021_1500_WED_15m_NH_highway_TW3_sunny_FHD,7,1,away,True,92,0.0,0.0,0.0,0.0
Jeonju_jeongeub_20201019_1700_MON_15m_NH_highway_TW2_sunny_FHD,Jeonju_jeongeub_20201019_1700_MON_15m_NH_highway_TW2_sunny_FHD,1,0,toward,False,103,0.3,0.0001,0.0,0.0004
Jeonju_jeongeub_20201019_1700_MON_15m_NH_highway_TW2_sunny_FHD,Jeonju_jeongeub_20201019_1700_MON_15m_NH_highway_TW2_sunny_FHD,2,0,toward,False,103,1.25,0.0275,0.096,0.023
Jeonju_jeongeub_20201019_1700_MON_15m_NH_highway_TW2_sunny_FHD,Jeonju_jeongeub_20201019_1700_MON_15m_NH_highway_TW2_sunny_FHD,3,0,toward,False,103,1.4,0.0236,0.0906,0.0174
Jeonju_jeongeub_20201019_1700_MON_15m_NH_highway_TW2_sunny_FHD,Jeonju_jeongeub_20201019_1700_MON_15m_NH_highway_TW2_sunny_FHD,4,1,away,False,103,0.53,0.0298,0.0996,0.0292
Jeonju_jeongeub_20201019_1700_MON_15m_NH_highway_TW2_sunny_FHD,Jeonju_jeongeub_20201019_1700_MON_15m_NH_highway_TW2_sunny_FHD,5,1,away,False,103,0.29,0.0223,0.0672,0.0288
Jeonju_jeongeub_20201019_1700_MON_15m_NH_highway_TW2_sunny_FHD,Jeonju_jeongeub_20201019_1700_MON_15m_NH_highway_TW2_sunny_FHD,6,1,away,False,103,0.12,0.0054,0.0,0.005
Jeonju_jeongeub_20201020_0830_TUE_15m_NH_highway_TW2_fog_FHD,Jeonju_jeongeub_20201020_0830_TUE_15m_NH_highway_TW2_fog_FHD,1,0,toward,True,69,0.09,0.0,0.0,0.0002
Jeonju_jeongeub_20201020_0830_TUE_15m_NH_highway_TW2_fog_FHD,Jeonju_jeongeub_20201020_0830_TUE_15m_NH_highway_TW2_fog_FHD,2,0,toward,False,69,0.16,0.0082,0.0,0.0094
Jeonju_jeongeub_20201020_0830_TUE_15m_NH_highway_TW2_fog_FHD,Jeonju_jeongeub_20201020_0830_TUE_15m_NH_highway_TW2_fog_FHD,3,0,toward,False,69,0.32,0.0194,0.0861,0.0133
Jeonju_jeongeub_20201020_0830_TUE_15m_NH_highway_TW2_fog_FHD,Jeonju_jeongeub_20201020_0830_TUE_15m_NH_highway_TW2_fog_FHD,4,1,away,False,69,0.16,0.0108,0.0442,0.009
Jeonju_jeongeub_20201020_0830_TUE_15m_NH_highway_TW2_fog_FHD,Jeonju_jeongeub_20201020_0830_TUE_15m_NH_highway_TW2_fog_FHD,5,1,away,False,69,0.2,0.008,0.0423,0.0098
Jeonju_jeongeub_20201020_0830_TUE_15m_NH_highway_TW2_fog_FHD,Jeonju_jeongeub_20201020_0830_TUE_15m_NH_highway_TW2_fog_FHD,6,1,away,False,69,0.03,0.0014,0.0,0.0024
Jeonju_jeongeub_20201020_0830_TUE_15m_NH_highway_TW2_fog_FHD,Jeonju_jeongeub_20201020_0830_TUE_15m_NH_highway_TW2_fog_FHD,7,1,away,True,69,0.09,0.0011,0.0,0.0004
Jeonju_jeongeub_20201020_1330_TUE_15m_NH_highway_TW2_sunny_FHD,Jeonju_jeongeub_20201020_1330_TUE_15m_NH_highway_TW2_sunny_FHD,1,0,toward,True,77,1.23,0.0,0.0,0.0017
Jeonju_jeongeub_20201020_1330_TUE_15m_NH_highway_TW2_sunny_FHD,Jeonju_jeongeub_20201020_1330_TUE_15m_NH_highway_TW2_sunny_FHD,2,0,toward,False,77,1.04,0.0294,0.1058,0.0252
Jeonju_jeongeub_20201020_1330_TUE_15m_NH_highway_TW2_sunny_FHD,Jeonju_jeongeub_20201020_1330_TUE_15m_NH_highway_TW2_sunny_FHD,3,0,toward,False,77,1.18,0.0329,0.1106,0.0299
Jeonju_jeongeub_20201020_1330_TUE_15m_NH_highway_TW2_sunny_FHD,Jeonju_jeongeub_20201020_1330_TUE_15m_NH_highway_TW2_sunny_FHD,4,1,away,False,77,0.56,0.0397,0.1177,0.0321
Jeonju_jeongeub_20201020_1330_TUE_15m_NH_highway_TW2_sunny_FHD,Jeonju_jeongeub_20201020_1330_TUE_15m_NH_highway_TW2_sunny_FHD,5,1,away,False,77,0.21,0.0115,0.0673,0.0105
Jeonju_jeongeub_20201020_1330_TUE_15m_NH_highway_TW2_sunny_FHD,Jeonju_jeongeub_20201020_1330_TUE_15m_NH_highway_TW2_sunny_FHD,6,1,away,False,77,0.06,0.0014,0.0,0.0031
Jeonju_jeongeub_20201020_1330_TUE_15m_NH_highway_TW2_sunny_FHD,Jeonju_jeongeub_20201020_1330_TUE_15m_NH_highway_TW2_sunny_FHD,7,1,away,True,77,0.22,0.0006,0.0,0.0001
Jeonju_jeongeub_20201021_0700_WED_15m_NH_highway_TW2_sunny_FHD,Jeonju_jeongeub_20201021_0700_WED_15m_NH_highway_TW2_sunny_FHD,1,0,toward,True,102,1.01,0.0,0.0,0.001
Jeonju_jeongeub_20201021_0700_WED_15m_NH_highway_TW2_sunny_FHD,Jeonju_jeongeub_20201021_0700_WED_15m_NH_highway_TW2_sunny_FHD,2,0,toward,False,102,0.64,0.0253,0.1112,0.0252
Jeonju_jeongeub_20201021_0700_WED_15m_NH_highway_TW2_sunny_FHD,Jeonju_jeongeub_20201021_0700_WED_15m_NH_highway_TW2_sunny_FHD,3,0,toward,False,102,0.68,0.0218,0.0844,0.02
Jeonju_jeongeub_20201021_0700_WED_15m_NH_highway_TW2_sunny_FHD,Jeonju_jeongeub_20201021_0700_WED_15m_NH_highway_TW2_sunny_FHD,4,1,away,False,102,0.59,0.0174,0.0668,0.0135
Jeonju_jeongeub_20201021_0700_WED_15m_NH_highway_TW2_sunny_FHD,Jeonju_jeongeub_20201021_0700_WED_15m_NH_highway_TW2_sunny_FHD,5,1,away,False,102,0.31,0.0436,0.1555,0.0285
Jeonju_jeongeub_20201021_0700_WED_15m_NH_highway_TW2_sunny_FHD,Jeonju_jeongeub_20201021_0700_WED_15m_NH_highway_TW2_sunny_FHD,6,1,away,True,102,0.17,0.0087,0.0358,0.0076
Jeonju_jeongeub_20201021_1200_WED_15m_NH_highway_TW2_sunny_FHD,Jeonju_jeongeub_20201021_1200_WED_15m_NH_highway_TW2_sunny_FHD,1,0,toward,True,129,1.1,0.0,0.0,0.0006
Jeonju_jeongeub_20201021_1200_WED_15m_NH_highway_TW2_sunny_FHD,Jeonju_jeongeub_20201021_1200_WED_15m_NH_highway_TW2_sunny_FHD,2,0,toward,False,129,0.85,0.0394,0.1328,0.0322
Jeonju_jeongeub_20201021_1200_WED_15m_NH_highway_TW2_sunny_FHD,Jeonju_jeongeub_20201021_1200_WED_15m_NH_highway_TW2_sunny_FHD,3,0,toward,False,129,0.88,0.0191,0.0849,0.0145
Jeonju_jeongeub_20201021_1200_WED_15m_NH_highway_TW2_sunny_FHD,Jeonju_jeongeub_20201021_1200_WED_15m_NH_highway_TW2_sunny_FHD,4,1,away,False,129,0.82,0.034,0.1039,0.0256
Jeonju_jeongeub_20201021_1200_WED_15m_NH_highway_TW2_sunny_FHD,Jeonju_jeongeub_20201021_1200_WED_15m_NH_highway_TW2_sunny_FHD,5,1,away,False,129,0.35,0.0447,0.1881,0.0378
Jeonju_jeongeub_20201021_1200_WED_15m_NH_highway_TW2_sunny_FHD,Jeonju_jeongeub_20201021_1200_WED_15m_NH_highway_TW2_sunny_FHD,6,1,away,True,129,0.14,0.0075,0.0157,0.006
Jeonju_jeongeub_20201021_1700_WED_15m_NH_highway_TW2_rainy_FHD,Jeonju_jeongeub_20201021_1700_WED_15m_NH_highway_TW2_rainy_FHD,1,0,toward,True,95,0.43,0.0012,0.0,0.0029
Jeonju_jeongeub_20201021_1700_WED_15m_NH_highway_TW2_rainy_FHD,Jeonju_jeongeub_20201021_1700_WED_15m_NH_highway_TW2_rainy_FHD,2,0,toward,False,95,0.56,0.0269,0.0989,0.0288
Jeonju_jeongeub_20201021_1700_WED_15m_NH_highway_TW2_rainy_FHD,Jeonju_jeongeub_20201021_1700_WED_15m_NH_highway_TW2_rainy_FHD,3,0,toward,False,95,1.0,0.0308,0.0933,0.0219
Jeonju_jeongeub_20201021_1700_WED_15m_NH_highway_TW2_rainy_FHD,Jeonju_jeongeub_20201021_1700_WED_15m_NH_highway_TW2_rainy_FHD,4,1,away,False,95,0.76,0.0378,0.0961,0.0324
Jeonju_jeongeub_20201021_1700_WED_15m_NH_highway_TW2_rainy_FHD,Jeonju_jeongeub_20201021_1700_WED_15m_NH_highway_TW2_rainy_FHD,5,1,away,False,95,0.21,0.0177,0.0747,0.0099
Jeonju_jeongeub_20201021_1700_WED_15m_NH_highway_TW2_rainy_FHD,Jeonju_jeongeub_20201021_1700_WED_15m_NH_highway_TW2_rainy_FHD,6,1,away,True,95,0.06,0.0019,0.0,0.0014
Jeonju_sangpyeongoverpass_20201020_1030_TUE_15m_NH_highway_TW2_sunny_FHD,Jeonju_sangpyeongoverpass_20201020_1030_TUE_15m_NH_highway_TW2_sunny_FHD,1,0,toward,False,105,0.22,0.0146,0.0332,0.0145
Jeonju_sangpyeongoverpass_20201020_1030_TUE_15m_NH_highway_TW2_sunny_FHD,Jeonju_sangpyeongoverpass_20201020_1030_TUE_15m_NH_highway_TW2_sunny_FHD,2,0,toward,False,105,0.39,0.0192,0.0586,0.0176
Jeonju_sangpyeongoverpass_20201020_1030_TUE_15m_NH_highway_TW2_sunny_FHD,Jeonju_sangpyeongoverpass_20201020_1030_TUE_15m_NH_highway_TW2_sunny_FHD,3,1,away,False,105,0.05,0.0057,0.0,0.0055
Jeonju_sangpyeongoverpass_20201020_1030_TUE_15m_NH_highway_TW2_sunny_FHD,Jeonju_sangpyeongoverpass_20201020_1030_TUE_15m_NH_highway_TW2_sunny_FHD,4,1,away,False,105,0.06,0.0047,0.0,0.0042
Jeonju_sangpyeongoverpass_20201020_1030_TUE_15m_NH_highway_TW2_sunny_FHD,Jeonju_sangpyeongoverpass_20201020_1030_TUE_15m_NH_highway_TW2_sunny_FHD,5,1,away,False,105,0.07,0.0216,0.0,0.022
Jeonju_sangpyeongoverpass_20201020_1030_TUE_15m_NH_highway_TW2_sunny_FHD,Jeonju_sangpyeongoverpass_20201020_1030_TUE_15m_NH_highway_TW2_sunny_FHD,6,1,away,False,105,0.08,0.0104,0.0,0.0068
Jeonju_sangpyeongoverpass_20201020_1030_TUE_15m_NH_highway_TW2_sunny_FHD,Jeonju_sangpyeongoverpass_20201020_1030_TUE_15m_NH_highway_TW2_sunny_FHD,7,1,away,True,105,0.0,0.0,0.0,0.0
Jeonju_sangpyeongoverpass_20201020_1030_TUE_15m_NH_highway_TW2_sunny_FHD,Jeonju_sangpyeongoverpass_20201020_1030_TUE_15m_NH_highway_TW2_sunny_FHD,8,1,away,True,105,0.0,0.0,0.0,0.0
Jeonju_sangpyeongoverpass_20201020_1530_TUE_15m_NH_highway_TW2_sunny_FHD,Jeonju_sangpyeongoverpass_20201020_1530_TUE_15m_NH_highway_TW2_sunny_FHD,1,0,unknown,False,96,0.34,0.0189,0.0869,0.0188
Jeonju_sangpyeongoverpass_20201020_1530_TUE_15m_NH_highway_TW2_sunny_FHD,Jeonju_sangpyeongoverpass_20201020_1530_TUE_15m_NH_highway_TW2_sunny_FHD,2,0,unknown,False,96,0.0,0.0,0.0,0.0
Jeonju_sangpyeongoverpass_20201021_0930_WED_15m_NH_highway_TW2_sunny_FHD,Jeonju_sangpyeongoverpass_20201021_0930_WED_15m_NH_highway_TW2_sunny_FHD,1,0,toward,True,83,0.02,0.0,0.0,0.0
Jeonju_sangpyeongoverpass_20201021_0930_WED_15m_NH_highway_TW2_sunny_FHD,Jeonju_sangpyeongoverpass_20201021_0930_WED_15m_NH_highway_TW2_sunny_FHD,2,0,toward,False,83,2.86,0.0646,0.1456,0.0514
Jeonju_sangpyeongoverpass_20201021_0930_WED_15m_NH_highway_TW2_sunny_FHD,Jeonju_sangpyeongoverpass_20201021_0930_WED_15m_NH_highway_TW2_sunny_FHD,3,1,away,False,83,3.11,0.026,0.0714,0.0257
Jeonju_sangpyeongoverpass_20201021_1430_WED_15m_NH_highway_TW2_sunny_FHD,Jeonju_sangpyeongoverpass_20201021_1430_WED_15m_NH_highway_TW2_sunny_FHD,1,0,toward,True,119,0.0,0.0,0.0,0.0
Jeonju_sangpyeongoverpass_20201021_1430_WED_15m_NH_highway_TW2_sunny_FHD,Jeonju_sangpyeongoverpass_20201021_1430_WED_15m_NH_highway_TW2_sunny_FHD,2,0,toward,False,119,1.99,0.0501,0.1609,0.0405
Jeonju_sangpyeongoverpass_20201021_1430_WED_15m_NH_highway_TW2_sunny_FHD,Jeonju_sangpyeongoverpass_20201021_1430_WED_15m_NH_highway_TW2_sunny_FHD,3,1,away,False,119,4.04,0.0324,0.1268,0.0327
Jeonju_taeinshelter(seoul)_20201019_1730_MON_15m_NH_highway_TW2_sunny_FHD,Jeonju_taeinshelter(seoul)_20201019_1730_MON_15m_NH_highway_TW2_sunny_FHD,1,0,toward,True,99,0.95,0.0,0.0,0.0053
Jeonju_taeinshelter(seoul)_20201019_1730_MON_15m_NH_highway_TW2_sunny_FHD,Jeonju_taeinshelter(seoul)_20201019_1730_MON_15m_NH_highway_TW2_sunny_FHD,2,0,toward,False,99,1.65,0.0623,0.2172,0.0475
Jeonju_taeinshelter(seoul)_20201019_1730_MON_15m_NH_highway_TW2_sunny_FHD,Jeonju_taeinshelter(seoul)_20201019_1730_MON_15m_NH_highway_TW2_sunny_FHD,3,0,toward,False,99,1.65,0.0464,0.1261,0.034
Jeonju_taeinshelter(seoul)_20201019_1730_MON_15m_NH_highway_TW2_sunny_FHD,Jeonju_taeinshelter(seoul)_20201019_1730_MON_15m_NH_highway_TW2_sunny_FHD,4,1,away,False,99,1.65,0.0506,0.1534,0.0337
Jeonju_taeinshelter(seoul)_20201019_1730_MON_15m_NH_highway_TW2_sunny_FHD,Jeonju_taeinshelter(seoul)_20201019_1730_MON_15m_NH_highway_TW2_sunny_FHD,5,1,away,False,99,2.64,0.0561,0.1326,0.0515
Jeonju_taeinshelter(seoul)_20201019_1730_MON_15m_NH_highway_TW2_sunny_FHD,Jeonju_taeinshelter(seoul)_20201019_1730_MON_15m_NH_highway_TW2_sunny_FHD,6,2,away,False,99,0.0,0.0,0.0,0.0
Jeonju_taeinshelter(seoul)_20201020_0900_TUE_15m_NH_highway_TW2_fog_FHD,Jeonju_taeinshelter(seoul)_20201020_0900_TUE_15m_NH_highway_TW2_fog_FHD,1,0,toward,False,99,0.28,0.012,0.0395,0.0097
Jeonju_taeinshelter(seoul)_20201020_0900_TUE_15m_NH_highway_TW2_fog_FHD,Jeonju_taeinshelter(seoul)_20201020_0900_TUE_15m_NH_highway_TW2_fog_FHD,2,0,toward,False,99,0.83,0.0308,0.0711,0.0249
Jeonju_taeinshelter(seoul)_20201020_0900_TUE_15m_NH_highway_TW2_fog_FHD,Jeonju_taeinshelter(seoul)_20201020_0900_TUE_15m_NH_highway_TW2_fog_FHD,3,1,away,False,99,0.35,0.0398,0.0234,0.022
Jeonju_taeinshelter(seoul)_20201020_0900_TUE_15m_NH_highway_TW2_fog_FHD,Jeonju_taeinshelter(seoul)_20201020_0900_TUE_15m_NH_highway_TW2_fog_FHD,4,1,away,False,99,0.44,0.0388,0.1367,0.0387
Jeonju_taeinshelter(seoul)_20201020_0900_TUE_15m_NH_highway_TW2_fog_FHD,Jeonju_taeinshelter(seoul)_20201020_0900_TUE_15m_NH_highway_TW2_fog_FHD,5,1,away,False,99,0.92,0.0211,0.0639,0.0173
Jeonju_taeinshelter(seoul)_20201020_0900_TUE_15m_NH_highway_TW2_fog_FHD,Jeonju_taeinshelter(seoul)_20201020_0900_TUE_15m_NH_highway_TW2_fog_FHD,6,1,away,False,99,0.79,0.041,0.1118,0.0357
Jeonju_taeinshelter(seoul)_20201020_1400_TUE_15m_NH_highway_TW2_sunny_FHD,Jeonju_taeinshelter(seoul)_20201020_1400_TUE_15m_NH_highway_TW2_sunny_FHD,1,0,toward,True,129,0.5,0.0107,0.0003,0.0039
Jeonju_taeinshelter(seoul)_20201020_1400_TUE_15m_NH_highway_TW2_sunny_FHD,Jeonju_taeinshelter(seoul)_20201020_1400_TUE_15m_NH_highway_TW2_sunny_FHD,2,0,toward,False,129,1.24,0.0622,0.1582,0.0436
Jeonju_taeinshelter(seoul)_20201020_1400_TUE_15m_NH_highway_TW2_sunny_FHD,Jeonju_taeinshelter(seoul)_20201020_1400_TUE_15m_NH_highway_TW2_sunny_FHD,3,0,toward,False,129,1.08,0.043,0.1168,0.0398
Jeonju_taeinshelter(seoul)_20201020_1400_TUE_15m_NH_highway_TW2_sunny_FHD,Jeonju_taeinshelter(seoul)_20201020_1400_TUE_15m_NH_highway_TW2_sunny_FHD,4,1,away,False,129,2.12,0.0432,0.1359,0.0322
Jeonju_taeinshelter(seoul)_20201020_1400_TUE_15m_NH_highway_TW2_sunny_FHD,Jeonju_taeinshelter(seoul)_20201020_1400_TUE_15m_NH_highway_TW2_sunny_FHD,5,1,away,False,129,2.57,0.0609,0.1514,0.0576
Jeonju_taeinshelter(seoul)_20201020_1400_TUE_15m_NH_highway_TW2_sunny_FHD,Jeonju_taeinshelter(seoul)_20201020_1400_TUE_15m_NH_highway_TW2_sunny_FHD,6,2,away,False,129,0.02,0.0,0.0,0.0
Jeonju_taeinshelter(seoul)_20201021_0730_WED_15m_NH_highway_TW2_sunny_FHD,Jeonju_taeinshelter(seoul)_20201021_0730_WED_15m_NH_highway_TW2_sunny_FHD,1,0,toward,True,93,0.11,0.0038,0.0,0.0009
Jeonju_taeinshelter(seoul)_20201021_0730_WED_15m_NH_highway_TW2_sunny_FHD,Jeonju_taeinshelter(seoul)_20201021_0730_WED_15m_NH_highway_TW2_sunny_FHD,2,0,toward,False,93,0.65,0.0448,0.1408,0.0327
Jeonju_taeinshelter(seoul)_20201021_0730_WED_15m_NH_highway_TW2_sunny_FHD,Jeonju_taeinshelter(seoul)_20201021_0730_WED_15m_NH_highway_TW2_sunny_FHD,3,0,toward,False,93,0.53,0.0312,0.1041,0.0266
Jeonju_taeinshelter(seoul)_20201021_0730_WED_15m_NH_highway_TW2_sunny_FHD,Jeonju_taeinshelter(seoul)_20201021_0730_WED_15m_NH_highway_TW2_sunny_FHD,4,1,away,False,93,1.97,0.0233,0.0918,0.0244
Jeonju_taeinshelter(seoul)_20201021_0730_WED_15m_NH_highway_TW2_sunny_FHD,Jeonju_taeinshelter(seoul)_20201021_0730_WED_15m_NH_highway_TW2_sunny_FHD,5,1,away,False,93,2.71,0.0509,0.14,0.0455
Jeonju_taeinshelter(seoul)_20201021_0730_WED_15m_NH_highway_TW2_sunny_FHD,Jeonju_taeinshelter(seoul)_20201021_0730_WED_15m_NH_highway_TW2_sunny_FHD,6,2,away,False,93,0.25,0.0,0.0,0.0006
Jeonju_taeinshelter(seoul)_20201021_1300_WED_15m_NH_highway_TW2_sunny_FHD,Jeonju_taeinshelter(seoul)_20201021_1300_WED_15m_NH_highway_TW2_sunny_FHD,1,0,toward,False,97,9.3,0.0376,0.0614,0.0289
Jeonju_taeinshelter(seoul)_20201021_1300_WED_15m_NH_highway_TW2_sunny_FHD,Jeonju_taeinshelter(seoul)_20201021_1300_WED_15m_NH_highway_TW2_sunny_FHD,2,1,away,False,97,0.0,0.0,0.0,0.0
Jeonju_taeinshelter(seoul)_20201021_1300_WED_15m_NH_highway_TW2_sunny_FHD,Jeonju_taeinshelter(seoul)_20201021_1300_WED_15m_NH_highway_TW2_sunny_FHD,3,1,away,False,97,0.74,0.0084,0.0331,0.006
Jincheon_jangam_20201021_0830_WED_15m_NH_highway_TW2_sunny_FHD,Jincheon_jangam_20201021_0830_WED_15m_NH_highway_TW2_sunny_FHD,1,0,toward,True,102,0.0,0.0,0.0,0.0
Jincheon_jangam_20201021_0830_WED_15m_NH_highway_TW2_sunny_FHD,Jincheon_jangam_20201021_0830_WED_15m_NH_highway_TW2_sunny_FHD,2,0,toward,False,102,2.32,0.0561,0.1422,0.0389
Jincheon_jangam_20201021_0830_WED_15m_NH_highway_TW2_sunny_FHD,Jincheon_jangam_20201021_0830_WED_15m_NH_highway_TW2_sunny_FHD,3,0,toward,False,102,3.89,0.1011,0.2513,0.0824
Jincheon_jangam_20201021_0830_WED_15m_NH_highway_TW2_sunny_FHD,Jincheon_jangam_20201021_0830_WED_15m_NH_highway_TW2_sunny_FHD,4,1,away,False,102,1.36,0.0208,0.0579,0.0223
Jincheon_jangam_20201021_0830_WED_15m_NH_highway_TW2_sunny_FHD,Jincheon_jangam_20201021_0830_WED_15m_NH_highway_TW2_sunny_FHD,5,1,away,False,102,1.24,0.0586,0.1394,0.0623
Jincheon_namioverpass_20201019_1900_MON_15m_NH_highway_OW2_sunny_FHD,Jincheon_namioverpass_20201019_1900_MON_15m_NH_highway_OW2_sunny_FHD,1,0,toward,False,90,0.08,0.0019,0.0,0.0006
Jincheon_namioverpass_20201019_1900_MON_15m_NH_highway_OW2_sunny_FHD,Jincheon_namioverpass_20201019_1900_MON_15m_NH_highway_OW2_sunny_FHD,2,0,toward,False,90,0.19,0.0101,0.043,0.009
Jincheon_namioverpass_20201019_1900_MON_15m_NH_highway_OW2_sunny_FHD,Jincheon_namioverpass_20201019_1900_MON_15m_NH_highway_OW2_sunny_FHD,3,1,away,False,90,1.5,0.0668,0.1605,0.0365
Jincheon_namioverpass_20201019_1900_MON_15m_NH_highway_OW2_sunny_FHD,Jincheon_namioverpass_20201019_1900_MON_15m_NH_highway_OW2_sunny_FHD,4,1,away,False,90,1.28,0.0582,0.1833,0.0413
Jincheon_namioverpass_20201019_1900_MON_15m_NH_highway_OW2_sunny_FHD,Jincheon_namioverpass_20201019_1900_MON_15m_NH_highway_OW2_sunny_FHD,5,1,away,True,90,0.06,0.0,0.0,0.0
Jincheon_namioverpass_20201020_0900_TUE_15m_NH_highway_OW2_fog_FHD,Jincheon_namioverpass_20201020_0900_TUE_15m_NH_highway_OW2_fog_FHD,1,0,toward,False,96,0.81,0.0361,0.1283,0.014
Jincheon_namioverpass_20201020_0900_TUE_15m_NH_highway_OW2_fog_FHD,Jincheon_namioverpass_20201020_0900_TUE_15m_NH_highway_OW2_fog_FHD,2,0,toward,False,96,1.75,0.1271,0.3185,0.1418
Jincheon_namioverpass_20201020_0900_TUE_15m_NH_highway_OW2_fog_FHD,Jincheon_namioverpass_20201020_0900_TUE_15m_NH_highway_OW2_fog_FHD,3,1,away,False,96,1.95,0.0742,0.1733,0.0728
Jincheon_namioverpass_20201020_0900_TUE_15m_NH_highway_OW2_fog_FHD,Jincheon_namioverpass_20201020_0900_TUE_15m_NH_highway_OW2_fog_FHD,4,1,away,False,96,1.62,0.0947,0.337,0.0703
Jincheon_namioverpass_20201020_0900_TUE_15m_NH_highway_OW2_fog_FHD,Jincheon_namioverpass_20201020_0900_TUE_15m_NH_highway_OW2_fog_FHD,5,1,away,True,96,0.19,0.0,0.0,0.0
Jincheon_namioverpass_20201020_1400_TUE_15m_NH_highway_OW2_sunny_FHD,Jincheon_namioverpass_20201020_1400_TUE_15m_NH_highway_OW2_sunny_FHD,1,0,toward,False,124,0.07,0.0028,0.0,0.0026
Jincheon_namioverpass_20201020_1400_TUE_15m_NH_highway_OW2_sunny_FHD,Jincheon_namioverpass_20201020_1400_TUE_15m_NH_highway_OW2_sunny_FHD,2,0,toward,False,124,2.27,0.1104,0.2423,0.1089
Jincheon_namioverpass_20201020_1400_TUE_15m_NH_highway_OW2_sunny_FHD,Jincheon_namioverpass_20201020_1400_TUE_15m_NH_highway_OW2_sunny_FHD,3,1,away,False,124,2.25,0.0876,0.1954,0.0866
Jincheon_namioverpass_20201020_1400_TUE_15m_NH_highway_OW2_sunny_FHD,Jincheon_namioverpass_20201020_1400_TUE_15m_NH_highway_OW2_sunny_FHD,4,1,away,False,124,1.97,0.0875,0.3336,0.0601
Jincheon_namioverpass_20201020_1400_TUE_15m_NH_highway_OW2_sunny_FHD,Jincheon_namioverpass_20201020_1400_TUE_15m_NH_highway_OW2_sunny_FHD,5,1,away,True,124,0.23,0.0,0.0,0.0
Jincheon_namioverpass_20201020_1900_TUE_15m_NH_highway_OW2_sunny_FHD,Jincheon_namioverpass_20201020_1900_TUE_15m_NH_highway_OW2_sunny_FHD,1,0,toward,False,90,0.0,0.0,0.0,0.0
Jincheon_namioverpass_20201020_1900_TUE_15m_NH_highway_OW2_sunny_FHD,Jincheon_namioverpass_20201020_1900_TUE_15m_NH_highway_OW2_sunny_FHD,2,0,toward,False,90,0.14,0.0083,0.0442,0.0064
Jincheon_namioverpass_20201020_1900_TUE_15m_NH_highway_OW2_sunny_FHD,Jincheon_namioverpass_20201020_1900_TUE_15m_NH_highway_OW2_sunny_FHD,3,1,away,False,90,1.84,0.0661,0.1413,0.0432
Jincheon_namioverpass_20201020_1900_TUE_15m_NH_highway_OW2_sunny_FHD,Jincheon_namioverpass_20201020_1900_TUE_15m_NH_highway_OW2_sunny_FHD,4,1,away,False,90,1.57,0.0838,0.258,0.0532
Jincheon_namioverpass_20201020_1900_TUE_15m_NH_highway_OW2_sunny_FHD,Jincheon_namioverpass_20201020_1900_TUE_15m_NH_highway_OW2_sunny_FHD,5,1,away,True,90,0.02,0.0,0.0,0.0
Jincheon_namioverpass_20201021_0900_WED_15m_NH_highway_OW2_sunny_FHD,Jincheon_namioverpass_20201021_0900_WED_15m_NH_highway_OW2_sunny_FHD,1,0,toward,False,103,0.19,0.0059,0.0,0.0043
Jincheon_namioverpass_20201021_0900_WED_15m_NH_highway_OW2_sunny_FHD,Jincheon_namioverpass_20201021_0900_WED_15m_NH_highway_OW2_sunny_FHD,2,0,toward,False,103,3.93,0.183,0.3292,0.1747
Jincheon_namioverpass_20201021_0900_WED_15m_NH_highway_OW2_sunny_FHD,Jincheon_namioverpass_20201021_0900_WED_15m_NH_highway_OW2_sunny_FHD,3,1,away,False,103,1.87,0.0551,0.1537,0.0488
Jincheon_namioverpass_20201021_0900_WED_15m_NH_highway_OW2_sunny_FHD,Jincheon_namioverpass_20201021_0900_WED_15m_NH_highway_OW2_sunny_FHD,4,1,away,False,103,1.61,0.0938,0.3761,0.0519
Jincheon_namioverpass_20201021_0900_WED_15m_NH_highway_OW2_sunny_FHD,Jincheon_namioverpass_20201021_0900_WED_15m_NH_highway_OW2_sunny_FHD,5,1,away,True,103,0.23,0.0,0.0,0.0
Jincheon_namioverpass_20201021_1400_WED_15m_NH_highway_OW2_sunny_FHD,Jincheon_namioverpass_20201021_1400_WED_15m_NH_highway_OW2_sunny_FHD,1,0,toward,False,126,0.29,0.0065,0.0302,0.0033
Jincheon_namioverpass_20201021_1400_WED_15m_NH_highway_OW2_sunny_FHD,Jincheon_namioverpass_20201021_1400_WED_15m_NH_highway_OW2_sunny_FHD,2,0,toward,False,126,2.87,0.1324,0.2711,0.1349
Jincheon_namioverpass_20201021_1400_WED_15m_NH_highway_OW2_sunny_FHD,Jincheon_namioverpass_20201021_1400_WED_15m_NH_highway_OW2_sunny_FHD,3,1,away,False,126,2.13,0.0704,0.1701,0.0663
Jincheon_namioverpass_20201021_1400_WED_15m_NH_highway_OW2_sunny_FHD,Jincheon_namioverpass_20201021_1400_WED_15m_NH_highway_OW2_sunny_FHD,4,1,away,False,126,1.82,0.0783,0.3004,0.0492
Jincheon_namioverpass_20201021_1400_WED_15m_NH_highway_OW2_sunny_FHD,Jincheon_namioverpass_20201021_1400_WED_15m_NH_highway_OW2_sunny_FHD,5,1,away,True,126,0.15,0.0001,0.0,0.0003
Jincheon_namioverpass_20201021_1900_WED_15m_NH_highway_OW2_sunny_FHD,Jincheon_namioverpass_20201021_1900_WED_15m_NH_highway_OW2_sunny_FHD,1,0,toward,False,87,0.05,0.0006,0.0,0.0002
Jincheon_namioverpass_20201021_1900_WED_15m_NH_highway_OW2_sunny_FHD,Jincheon_namioverpass_20201021_1900_WED_15m_NH_highway_OW2_sunny_FHD,2,0,toward,False,87,0.14,0.0051,0.0,0.0044
Jincheon_namioverpass_20201021_1900_WED_15m_NH_highway_OW2_sunny_FHD,Jincheon_namioverpass_20201021_1900_WED_15m_NH_highway_OW2_sunny_FHD,3,1,away,False,87,1.38,0.0542,0.1273,0.0336
Jincheon_namioverpass_20201021_1900_WED_15m_NH_highway_OW2_sunny_FHD,Jincheon_namioverpass_20201021_1900_WED_15m_NH_highway_OW2_sunny_FHD,4,1,away,False,87,1.21,0.0719,0.2071,0.0412
Jincheon_namioverpass_20201021_1900_WED_15m_NH_highway_OW2_sunny_FHD,Jincheon_namioverpass_20201021_1900_WED_15m_NH_highway_OW2_sunny_FHD,5,1,away,True,87,0.05,0.0,0.0,0.0
Suwon_CH01_20200720_1830_MON_9m_RH_highway_TW5_sunny_FHD__view0,Suwon_CH01_20200720_1830_MON_9m_RH_highway_TW5_sunny_FHD,1,0,toward,False,58,1.09,0.0718,0.2094,0.0501
Suwon_CH01_20200720_1830_MON_9m_RH_highway_TW5_sunny_FHD__view0,Suwon_CH01_20200720_1830_MON_9m_RH_highway_TW5_sunny_FHD,2,1,toward,False,58,5.62,0.1155,0.1986,0.1017
Suwon_CH01_20200720_1830_MON_9m_RH_highway_TW5_sunny_FHD__view0,Suwon_CH01_20200720_1830_MON_9m_RH_highway_TW5_sunny_FHD,3,2,away,False,58,7.74,0.145,0.2339,0.1311
Suwon_CH01_20200720_1830_MON_9m_RH_highway_TW5_sunny_FHD__view0,Suwon_CH01_20200720_1830_MON_9m_RH_highway_TW5_sunny_FHD,4,2,away,False,58,16.45,0.2447,0.3421,0.1982
Suwon_CH01_20200720_1830_MON_9m_RH_highway_TW5_sunny_FHD__view1,Suwon_CH01_20200720_1830_MON_9m_RH_highway_TW5_sunny_FHD,1,0,toward,False,56,1.88,0.0409,0.0931,0.0466
Suwon_CH01_20200720_1830_MON_9m_RH_highway_TW5_sunny_FHD__view1,Suwon_CH01_20200720_1830_MON_9m_RH_highway_TW5_sunny_FHD,2,1,toward,False,56,0.0,0.0,0.0,0.0
Suwon_CH01_20200720_1830_MON_9m_RH_highway_TW5_sunny_FHD__view1,Suwon_CH01_20200720_1830_MON_9m_RH_highway_TW5_sunny_FHD,3,2,away,False,56,8.11,0.0865,0.1426,0.0819
Suwon_CH01_20200720_1830_MON_9m_RH_highway_TW5_sunny_FHD__view1,Suwon_CH01_20200720_1830_MON_9m_RH_highway_TW5_sunny_FHD,4,2,away,False,56,18.45,0.1488,0.212,0.1136
Suwon_CH01_20200721_1700_TUE_9m_RH_highway_TW5_sunny_FHD,Suwon_CH01_20200721_1700_TUE_9m_RH_highway_TW5_sunny_FHD,1,0,toward,False,150,0.11,0.0502,0.026,0.0514
Suwon_CH01_20200721_1700_TUE_9m_RH_highway_TW5_sunny_FHD,Suwon_CH01_20200721_1700_TUE_9m_RH_highway_TW5_sunny_FHD,2,1,toward,False,150,9.22,0.1506,0.2839,0.141
Suwon_CH01_20200721_1700_TUE_9m_RH_highway_TW5_sunny_FHD,Suwon_CH01_20200721_1700_TUE_9m_RH_highway_TW5_sunny_FHD,3,2,away,False,150,9.33,0.1496,0.2392,0.1417
Suwon_CH01_20200721_1700_TUE_9m_RH_highway_TW5_sunny_FHD,Suwon_CH01_20200721_1700_TUE_9m_RH_highway_TW5_sunny_FHD,4,2,away,False,150,11.36,0.1642,0.2798,0.1175
Suwon_CH01_20200722_1500_WED_9m_NH_highway_TW5_rainy_FHD,Suwon_CH01_20200722_1500_WED_9m_NH_highway_TW5_rainy_FHD,1,0,toward,False,35,0.0,0.0,0.0,0.0
Suwon_CH01_20200722_1500_WED_9m_NH_highway_TW5_rainy_FHD,Suwon_CH01_20200722_1500_WED_9m_NH_highway_TW5_rainy_FHD,2,1,toward,False,35,1.4,0.091,0.2286,0.0885
Suwon_CH01_20200722_1500_WED_9m_NH_highway_TW5_rainy_FHD,Suwon_CH01_20200722_1500_WED_9m_NH_highway_TW5_rainy_FHD,3,2,away,False,35,3.29,0.0627,0.1314,0.1025
Suwon_CH01_20200722_1500_WED_9m_NH_highway_TW5_rainy_FHD,Suwon_CH01_20200722_1500_WED_9m_NH_highway_TW5_rainy_FHD,4,2,away,False,35,9.97,0.2255,0.2853,0.1746
Suwon_CH01_20201010_1930_SAT_9m_NH_highway_TW5_sunny_FHD__view0,Suwon_CH01_20201010_1930_SAT_9m_NH_highway_TW5_sunny_FHD,1,0,toward,False,38,0.18,0.0197,0.0731,0.0154
Suwon_CH01_20201010_1930_SAT_9m_NH_highway_TW5_sunny_FHD__view0,Suwon_CH01_20201010_1930_SAT_9m_NH_highway_TW5_sunny_FHD,2,1,toward,False,38,2.66,0.0332,0.1061,0.03
Suwon_CH01_20201010_1930_SAT_9m_NH_highway_TW5_sunny_FHD__view0,Suwon_CH01_20201010_1930_SAT_9m_NH_highway_TW5_sunny_FHD,3,2,away,False,38,9.97,0.1483,0.2272,0.1227
Suwon_CH01_20201010_1930_SAT_9m_NH_highway_TW5_sunny_FHD__view0,Suwon_CH01_20201010_1930_SAT_9m_NH_highway_TW5_sunny_FHD,4,2,away,False,38,10.13,0.1167,0.1907,0.0862
Suwon_CH01_20201010_1930_SAT_9m_NH_highway_TW5_sunny_FHD__view1,Suwon_CH01_20201010_1930_SAT_9m_NH_highway_TW5_sunny_FHD,1,0,toward,False,37,1.35,0.0155,0.0609,0.0184
Suwon_CH01_20201010_1930_SAT_9m_NH_highway_TW5_sunny_FHD__view1,Suwon_CH01_20201010_1930_SAT_9m_NH_highway_TW5_sunny_FHD,2,0,toward,False,37,2.16,0.0638,0.1062,0.0577
Suwon_CH01_20201010_1930_SAT_9m_NH_highway_TW5_sunny_FHD__view1,Suwon_CH01_20201010_1930_SAT_9m_NH_highway_TW5_sunny_FHD,3,1,away,False,37,4.97,0.108,0.2702,0.0952
Suwon_CH01_20201010_1930_SAT_9m_NH_highway_TW5_sunny_FHD__view1,Suwon_CH01_20201010_1930_SAT_9m_NH_highway_TW5_sunny_FHD,4,1,away,False,37,2.08,0.0291,0.1025,0.0194
Suwon_CH01_20201010_1930_SAT_9m_NH_highway_TW5_sunny_FHD__view1,Suwon_CH01_20201010_1930_SAT_9m_NH_highway_TW5_sunny_FHD,5,1,away,False,37,0.7,0.0141,0.0186,0.0067
Suwon_CH01_20201010_1930_SAT_9m_NH_highway_TW5_sunny_FHD__view1,Suwon_CH01_20201010_1930_SAT_9m_NH_highway_TW5_sunny_FHD,6,1,away,False,37,2.92,0.0523,0.1752,0.0505
Suwon_CH01_20201010_1930_SAT_9m_NH_highway_TW5_sunny_FHD__view1,Suwon_CH01_20201010_1930_SAT_9m_NH_highway_TW5_sunny_FHD,7,1,away,True,37,2.24,0.0,0.0,0.0029
Suwon_CH01_20201012_2023_MON_9m_NH_highway_TW5_sunny_FHD__view0,Suwon_CH01_20201012_2023_MON_9m_NH_highway_TW5_sunny_FHD,1,0,toward,False,39,1.23,0.0117,0.0363,0.0099
Suwon_CH01_20201012_2023_MON_9m_NH_highway_TW5_sunny_FHD__view0,Suwon_CH01_20201012_2023_MON_9m_NH_highway_TW5_sunny_FHD,2,0,toward,False,39,1.67,0.0405,0.114,0.0321
Suwon_CH01_20201012_2023_MON_9m_NH_highway_TW5_sunny_FHD__view0,Suwon_CH01_20201012_2023_MON_9m_NH_highway_TW5_sunny_FHD,3,1,away,False,39,1.49,0.0331,0.0647,0.0539
Suwon_CH01_20201012_2023_MON_9m_NH_highway_TW5_sunny_FHD__view0,Suwon_CH01_20201012_2023_MON_9m_NH_highway_TW5_sunny_FHD,4,1,away,False,39,0.97,0.0165,0.0703,0.0179
Suwon_CH01_20201012_2023_MON_9m_NH_highway_TW5_sunny_FHD__view0,Suwon_CH01_20201012_2023_MON_9m_NH_highway_TW5_sunny_FHD,5,1,away,False,39,0.23,0.0,0.0,0.0007
Suwon_CH01_20201012_2023_MON_9m_NH_highway_TW5_sunny_FHD__view0,Suwon_CH01_20201012_2023_MON_9m_NH_highway_TW5_sunny_FHD,6,1,away,False,39,0.82,0.0292,0.0976,0.0227
Suwon_CH01_20201012_2023_MON_9m_NH_highway_TW5_sunny_FHD__view0,Suwon_CH01_20201012_2023_MON_9m_NH_highway_TW5_sunny_FHD,7,1,away,True,39,0.85,0.0067,0.0153,0.0076
Suwon_CH01_20201012_2023_MON_9m_NH_highway_TW5_sunny_FHD__view1,Suwon_CH01_20201012_2023_MON_9m_NH_highway_TW5_sunny_FHD,1,0,toward,False,37,0.46,0.0324,0.1458,0.0311
Suwon_CH01_20201012_2023_MON_9m_NH_highway_TW5_sunny_FHD__view1,Suwon_CH01_20201012_2023_MON_9m_NH_highway_TW5_sunny_FHD,2,1,toward,False,37,3.16,0.0479,0.1343,0.0576
Suwon_CH01_20201012_2023_MON_9m_NH_highway_TW5_sunny_FHD__view1,Suwon_CH01_20201012_2023_MON_9m_NH_highway_TW5_sunny_FHD,3,2,away,False,37,8.54,0.1267,0.1733,0.1102
Suwon_CH01_20201012_2023_MON_9m_NH_highway_TW5_sunny_FHD__view1,Suwon_CH01_20201012_2023_MON_9m_NH_highway_TW5_sunny_FHD,4,2,away,False,37,6.35,0.0788,0.1376,0.0543
Suwon_CH02_20200720_1830_MON_9m_NH_highway_TW5_sunny_FHD__view0,Suwon_CH02_20200720_1830_MON_9m_NH_highway_TW5_sunny_FHD,1,0,toward,False,57,5.82,0.0963,0.1947,0.0718
Suwon_CH02_20200720_1830_MON_9m_NH_highway_TW5_sunny_FHD__view0,Suwon_CH02_20200720_1830_MON_9m_NH_highway_TW5_sunny_FHD,2,1,away,False,57,1.74,0.0418,0.118,0.0393
Suwon_CH02_20200720_1830_MON_9m_NH_highway_TW5_sunny_FHD__view0,Suwon_CH02_20200720_1830_MON_9m_NH_highway_TW5_sunny_FHD,3,1,away,False,57,1.46,0.0475,0.1049,0.0473
Suwon_CH02_20200720_1830_MON_9m_NH_highway_TW5_sunny_FHD__view0,Suwon_CH02_20200720_1830_MON_9m_NH_highway_TW5_sunny_FHD,4,1,away,False,57,0.79,0.0386,0.0936,0.0295
Suwon_CH02_20200720_1830_MON_9m_NH_highway_TW5_sunny_FHD__view0,Suwon_CH02_20200720_1830_MON_9m_NH_highway_TW5_sunny_FHD,5,1,away,True,57,0.18,0.0094,0.0586,0.0126
Suwon_CH02_20200720_1830_MON_9m_NH_highway_TW5_sunny_FHD__view1,Suwon_CH02_20200720_1830_MON_9m_NH_highway_TW5_sunny_FHD,1,0,toward,True,56,0.2,0.0266,0.0875,0.04
Suwon_CH02_20200720_1830_MON_9m_NH_highway_TW5_sunny_FHD__view1,Suwon_CH02_20200720_1830_MON_9m_NH_highway_TW5_sunny_FHD,2,0,toward,True,56,0.75,0.0553,0.1484,0.0604
Suwon_CH02_20200720_1830_MON_9m_NH_highway_TW5_sunny_FHD__view1,Suwon_CH02_20200720_1830_MON_9m_NH_highway_TW5_sunny_FHD,3,0,toward,False,56,2.5,0.083,0.1615,0.0442
Suwon_CH02_20200720_1830_MON_9m_NH_highway_TW5_sunny_FHD__view1,Suwon_CH02_20200720_1830_MON_9m_NH_highway_TW5_sunny_FHD,4,0,toward,False,56,4.34,0.1029,0.183,0.0668
Suwon_CH02_20200720_1830_MON_9m_NH_highway_TW5_sunny_FHD__view1,Suwon_CH02_20200720_1830_MON_9m_NH_highway_TW5_sunny_FHD,5,0,toward,False,56,6.66,0.1562,0.3086,0.132
Suwon_CH02_20200720_1830_MON_9m_NH_highway_TW5_sunny_FHD__view1,Suwon_CH02_20200720_1830_MON_9m_NH_highway_TW5_sunny_FHD,6,0,toward,False,56,4.27,0.1227,0.2024,0.0973
Suwon_CH02_20200720_1830_MON_9m_NH_highway_TW5_sunny_FHD__view1,Suwon_CH02_20200720_1830_MON_9m_NH_highway_TW5_sunny_FHD,7,0,toward,False,56,3.3,0.0817,0.1514,0.0706
Suwon_CH02_20200720_1830_MON_9m_NH_highway_TW5_sunny_FHD__view1,Suwon_CH02_20200720_1830_MON_9m_NH_highway_TW5_sunny_FHD,8,1,away,False,56,1.79,0.0985,0.2394,0.0919
Suwon_CH02_20200720_1830_MON_9m_NH_highway_TW5_sunny_FHD__view1,Suwon_CH02_20200720_1830_MON_9m_NH_highway_TW5_sunny_FHD,9,1,away,False,56,2.04,0.0641,0.1108,0.0606
Suwon_CH02_20200720_1830_MON_9m_NH_highway_TW5_sunny_FHD__view1,Suwon_CH02_20200720_1830_MON_9m_NH_highway_TW5_sunny_FHD,10,1,away,False,56,1.38,0.0468,0.1036,0.0444
Suwon_CH02_20200720_1830_MON_9m_NH_highway_TW5_sunny_FHD__view1,Suwon_CH02_20200720_1830_MON_9m_NH_highway_TW5_sunny_FHD,11,1,away,False,56,0.98,0.0262,0.0851,0.0224
Suwon_CH02_20200720_1830_MON_9m_NH_highway_TW5_sunny_FHD__view1,Suwon_CH02_20200720_1830_MON_9m_NH_highway_TW5_sunny_FHD,12,1,away,True,56,0.04,0.0005,0.0,0.0006
Suwon_CH02_20200721_1800_TUE_9m_RH_highway_TW5_sunny_FHD__view0,Suwon_CH02_20200721_1800_TUE_9m_RH_highway_TW5_sunny_FHD,1,0,toward,False,58,2.64,0.2133,0.314,0.178
Suwon_CH02_20200721_1800_TUE_9m_RH_highway_TW5_sunny_FHD__view0,Suwon_CH02_20200721_1800_TUE_9m_RH_highway_TW5_sunny_FHD,2,1,away,False,58,1.71,0.0546,0.1213,0.0533
Suwon_CH02_20200721_1800_TUE_9m_RH_highway_TW5_sunny_FHD__view0,Suwon_CH02_20200721_1800_TUE_9m_RH_highway_TW5_sunny_FHD,3,1,away,False,58,1.43,0.0453,0.1139,0.0404
Suwon_CH02_20200721_1800_TUE_9m_RH_highway_TW5_sunny_FHD__view0,Suwon_CH02_20200721_1800_TUE_9m_RH_highway_TW5_sunny_FHD,4,1,away,False,58,0.9,0.0371,0.0944,0.03
Suwon_CH02_20200721_1800_TUE_9m_RH_highway_TW5_sunny_FHD__view0,Suwon_CH02_20200721_1800_TUE_9m_RH_highway_TW5_sunny_FHD,5,1,away,True,58,0.5,0.029,0.0918,0.0222
Suwon_CH02_20200721_1800_TUE_9m_RH_highway_TW5_sunny_FHD__view1,Suwon_CH02_20200721_1800_TUE_9m_RH_highway_TW5_sunny_FHD,1,0,toward,True,49,3.27,0.0501,0.0914,0.0761
Suwon_CH02_20200721_1800_TUE_9m_RH_highway_TW5_sunny_FHD__view1,Suwon_CH02_20200721_1800_TUE_9m_RH_highway_TW5_sunny_FHD,2,0,toward,True,49,1.39,0.0355,0.0947,0.058
Suwon_CH02_20200721_1800_TUE_9m_RH_highway_TW5_sunny_FHD__view1,Suwon_CH02_20200721_1800_TUE_9m_RH_highway_TW5_sunny_FHD,3,0,toward,False,49,3.2,0.0832,0.1229,0.0641
Suwon_CH02_20200721_1800_TUE_9m_RH_highway_TW5_sunny_FHD__view1,Suwon_CH02_20200721_1800_TUE_9m_RH_highway_TW5_sunny_FHD,4,0,toward,False,49,7.41,0.2272,0.3769,0.1807
Suwon_CH02_20200721_1800_TUE_9m_RH_highway_TW5_sunny_FHD__view1,Suwon_CH02_20200721_1800_TUE_9m_RH_highway_TW5_sunny_FHD,5,0,toward,False,49,3.78,0.1833,0.3242,0.2026
Suwon_CH02_20200721_1800_TUE_9m_RH_highway_TW5_sunny_FHD__view1,Suwon_CH02_20200721_1800_TUE_9m_RH_highway_TW5_sunny_FHD,6,0,toward,False,49,2.04,0.1699,0.3128,0.1802
Suwon_CH02_20200721_1800_TUE_9m_RH_highway_TW5_sunny_FHD__view1,Suwon_CH02_20200721_1800_TUE_9m_RH_highway_TW5_sunny_FHD,7,0,toward,False,49,1.06,0.0976,0.2109,0.1213
Suwon_CH02_20200721_1800_TUE_9m_RH_highway_TW5_sunny_FHD__view1,Suwon_CH02_20200721_1800_TUE_9m_RH_highway_TW5_sunny_FHD,8,1,away,False,49,0.98,0.0986,0.2703,0.0996
Suwon_CH02_20200721_1800_TUE_9m_RH_highway_TW5_sunny_FHD__view1,Suwon_CH02_20200721_1800_TUE_9m_RH_highway_TW5_sunny_FHD,9,1,away,False,49,1.35,0.0537,0.1454,0.0579
Suwon_CH02_20200721_1800_TUE_9m_RH_highway_TW5_sunny_FHD__view1,Suwon_CH02_20200721_1800_TUE_9m_RH_highway_TW5_sunny_FHD,10,1,away,False,49,0.73,0.0366,0.0681,0.0494
Suwon_CH02_20200721_1800_TUE_9m_RH_highway_TW5_sunny_FHD__view1,Suwon_CH02_20200721_1800_TUE_9m_RH_highway_TW5_sunny_FHD,11,1,away,False,49,0.18,0.015,0.0518,0.0219
Suwon_CH02_20200721_1800_TUE_9m_RH_highway_TW5_sunny_FHD__view1,Suwon_CH02_20200721_1800_TUE_9m_RH_highway_TW5_sunny_FHD,12,1,away,True,49,0.0,0.0,0.0,0.0
Suwon_CH02_20200722_1530_WED_9m_NH_highway_TW5_rainy_FHD__view0,Suwon_CH02_20200722_1530_WED_9m_NH_highway_TW5_rainy_FHD,1,0,toward,True,20,0.35,0.0223,0.0793,0.0619
Suwon_CH02_20200722_1530_WED_9m_NH_highway_TW5_rainy_FHD__view0,Suwon_CH02_20200722_1530_WED_9m_NH_highway_TW5_rainy_FHD,2,0,toward,True,20,0.65,0.031,0.1061,0.0335
Suwon_CH02_20200722_1530_WED_9m_NH_highway_TW5_rainy_FHD__view0,Suwon_CH02_20200722_1530_WED_9m_NH_highway_TW5_rainy_FHD,3,0,toward,False,20,2.65,0.1388,0.2445,0.0908
Suwon_CH02_20200722_1530_WED_9m_NH_highway_TW5_rainy_FHD__view0,Suwon_CH02_20200722_1530_WED_9m_NH_highway_TW5_rainy_FHD,4,0,toward,False,20,4.1,0.1245,0.2564,0.0777
Suwon_CH02_20200722_1530_WED_9m_NH_highway_TW5_rainy_FHD__view0,Suwon_CH02_20200722_1530_WED_9m_NH_highway_TW5_rainy_FHD,5,0,toward,False,20,6.8,0.1972,0.3031,0.1566
Suwon_CH02_20200722_1530_WED_9m_NH_highway_TW5_rainy_FHD__view0,Suwon_CH02_20200722_1530_WED_9m_NH_highway_TW5_rainy_FHD,6,0,toward,False,20,3.9,0.1271,0.2052,0.1482
Suwon_CH02_20200722_1530_WED_9m_NH_highway_TW5_rainy_FHD__view0,Suwon_CH02_20200722_1530_WED_9m_NH_highway_TW5_rainy_FHD,7,0,toward,False,20,2.85,0.067,0.1274,0.0611
Suwon_CH02_20200722_1530_WED_9m_NH_highway_TW5_rainy_FHD__view0,Suwon_CH02_20200722_1530_WED_9m_NH_highway_TW5_rainy_FHD,8,1,away,False,20,1.65,0.1309,0.3121,0.1159
Suwon_CH02_20200722_1530_WED_9m_NH_highway_TW5_rainy_FHD__view0,Suwon_CH02_20200722_1530_WED_9m_NH_highway_TW5_rainy_FHD,9,1,away,False,20,2.15,0.0657,0.1371,0.0585
Suwon_CH02_20200722_1530_WED_9m_NH_highway_TW5_rainy_FHD__view0,Suwon_CH02_20200722_1530_WED_9m_NH_highway_TW5_rainy_FHD,10,1,away,False,20,0.65,0.0218,0.052,0.0196
Suwon_CH02_20200722_1530_WED_9m_NH_highway_TW5_rainy_FHD__view0,Suwon_CH02_20200722_1530_WED_9m_NH_highway_TW5_rainy_FHD,11,1,away,False,20,0.25,0.0249,0.1175,0.0294
Suwon_CH02_20200722_1530_WED_9m_NH_highway_TW5_rainy_FHD__view0,Suwon_CH02_20200722_1530_WED_9m_NH_highway_TW5_rainy_FHD,12,1,away,True,20,0.2,0.0199,0.1171,0.028
Suwon_CH02_20200722_1530_WED_9m_NH_highway_TW5_rainy_FHD__view1,Suwon_CH02_20200722_1530_WED_9m_NH_highway_TW5_rainy_FHD,1,0,toward,False,17,6.29,0.1057,0.2116,0.0791
Suwon_CH02_20200722_1530_WED_9m_NH_highway_TW5_rainy_FHD__view1,Suwon_CH02_20200722_1530_WED_9m_NH_highway_TW5_rainy_FHD,2,1,away,False,17,0.88,0.0283,0.0866,0.0368
Suwon_CH02_20200722_1530_WED_9m_NH_highway_TW5_rainy_FHD__view1,Suwon_CH02_20200722_1530_WED_9m_NH_highway_TW5_rainy_FHD,3,1,away,False,17,0.76,0.023,0.0404,0.0309
Suwon_CH02_20200722_1530_WED_9m_NH_highway_TW5_rainy_FHD__view1,Suwon_CH02_20200722_1530_WED_9m_NH_highway_TW5_rainy_FHD,4,1,away,False,17,0.94,0.0427,0.1079,0.0341
Suwon_CH02_20200722_1530_WED_9m_NH_highway_TW5_rainy_FHD__view1,Suwon_CH02_20200722_1530_WED_9m_NH_highway_TW5_rainy_FHD,5,1,away,True,17,1.18,0.0099,0.0344,0.0093
Suwon_CH02_20201010_2038_SAT_9m_NH_highway_TW5_sunny_FHD__view0,Suwon_CH02_20201010_2038_SAT_9m_NH_highway_TW5_sunny_FHD,1,0,toward,True,29,0.72,0.02,0.0442,0.0332
Suwon_CH02_20201010_2038_SAT_9m_NH_highway_TW5_sunny_FHD__view0,Suwon_CH02_20201010_2038_SAT_9m_NH_highway_TW5_sunny_FHD,2,0,toward,True,29,0.34,0.0142,0.0652,0.0232
Suwon_CH02_20201010_2038_SAT_9m_NH_highway_TW5_sunny_FHD__view0,Suwon_CH02_20201010_2038_SAT_9m_NH_highway_TW5_sunny_FHD,3,0,toward,False,29,0.59,0.0238,0.07,0.019
Suwon_CH02_20201010_2038_SAT_9m_NH_highway_TW5_sunny_FHD__view0,Suwon_CH02_20201010_2038_SAT_9m_NH_highway_TW5_sunny_FHD,4,0,toward,False,29,0.79,0.0276,0.059,0.0255
Suwon_CH02_20201010_2038_SAT_9m_NH_highway_TW5_sunny_FHD__view0,Suwon_CH02_20201010_2038_SAT_9m_NH_highway_TW5_sunny_FHD,5,0,toward,False,29,1.17,0.0403,0.0985,0.0565
Suwon_CH02_20201010_2038_SAT_9m_NH_highway_TW5_sunny_FHD__view0,Suwon_CH02_20201010_2038_SAT_9m_NH_highway_TW5_sunny_FHD,6,0,toward,False,29,0.24,0.0162,0.0804,0.0145
Suwon_CH02_20201010_2038_SAT_9m_NH_highway_TW5_sunny_FHD__view0,Suwon_CH02_20201010_2038_SAT_9m_NH_highway_TW5_sunny_FHD,7,0,toward,False,29,0.14,0.0142,0.016,0.0139
Suwon_CH02_20201010_2038_SAT_9m_NH_highway_TW5_sunny_FHD__view0,Suwon_CH02_20201010_2038_SAT_9m_NH_highway_TW5_sunny_FHD,8,1,away,False,29,0.1,0.0141,0.0228,0.0132
Suwon_CH02_20201010_2038_SAT_9m_NH_highway_TW5_sunny_FHD__view0,Suwon_CH02_20201010_2038_SAT_9m_NH_highway_TW5_sunny_FHD,9,1,away,False,29,0.17,0.0138,0.077,0.0247
Suwon_CH02_20201010_2038_SAT_9m_NH_highway_TW5_sunny_FHD__view0,Suwon_CH02_20201010_2038_SAT_9m_NH_highway_TW5_sunny_FHD,10,1,away,False,29,0.03,0.0074,0.0,0.0103
Suwon_CH02_20201010_2038_SAT_9m_NH_highway_TW5_sunny_FHD__view0,Suwon_CH02_20201010_2038_SAT_9m_NH_highway_TW5_sunny_FHD,11,1,away,False,29,0.0,0.0,0.0,0.0
Suwon_CH02_20201010_2038_SAT_9m_NH_highway_TW5_sunny_FHD__view0,Suwon_CH02_20201010_2038_SAT_9m_NH_highway_TW5_sunny_FHD,12,1,away,True,29,0.0,0.0,0.0,0.0
Suwon_CH02_20201010_2038_SAT_9m_NH_highway_TW5_sunny_FHD__view1,Suwon_CH02_20201010_2038_SAT_9m_NH_highway_TW5_sunny_FHD,1,0,toward,True,28,0.39,0.0008,0.0001,0.0018
Suwon_CH02_20201010_2038_SAT_9m_NH_highway_TW5_sunny_FHD__view1,Suwon_CH02_20201010_2038_SAT_9m_NH_highway_TW5_sunny_FHD,2,0,toward,False,28,2.68,0.0462,0.1002,0.0289
Suwon_CH02_20201010_2038_SAT_9m_NH_highway_TW5_sunny_FHD__view1,Suwon_CH02_20201010_2038_SAT_9m_NH_highway_TW5_sunny_FHD,3,1,away,False,28,0.14,0.0011,0.0,0.0015
Suwon_CH02_20201010_2038_SAT_9m_NH_highway_TW5_sunny_FHD__view1,Suwon_CH02_20201010_2038_SAT_9m_NH_highway_TW5_sunny_FHD,4,1,away,False,28,0.54,0.0088,0.0308,0.01
Suwon_CH02_20201010_2038_SAT_9m_NH_highway_TW5_sunny_FHD__view2,Suwon_CH02_20201010_2038_SAT_9m_NH_highway_TW5_sunny_FHD,1,0,unknown,False,28,1.21,0.0588,0.1301,0.0868
Suwon_CH02_20201010_2038_SAT_9m_NH_highway_TW5_sunny_FHD__view2,Suwon_CH02_20201010_2038_SAT_9m_NH_highway_TW5_sunny_FHD,2,0,unknown,False,28,1.57,0.1288,0.263,0.1556
Suwon_CH02_20201010_2038_SAT_9m_NH_highway_TW5_sunny_FHD__view2,Suwon_CH02_20201010_2038_SAT_9m_NH_highway_TW5_sunny_FHD,3,0,unknown,False,28,0.68,0.0236,0.0607,0.0348
Suwon_CH02_20201010_2038_SAT_9m_NH_highway_TW5_sunny_FHD__view2,Suwon_CH02_20201010_2038_SAT_9m_NH_highway_TW5_sunny_FHD,4,0,unknown,False,28,3.86,0.1035,0.2171,0.1118
Suwon_CH02_20201012_2059_MON_9m_NH_highway_TW5_sunny_FHD__view0,Suwon_CH02_20201012_2059_MON_9m_NH_highway_TW5_sunny_FHD,1,0,toward,True,32,0.16,0.0,0.0,0.0001
Suwon_CH02_20201012_2059_MON_9m_NH_highway_TW5_sunny_FHD__view0,Suwon_CH02_20201012_2059_MON_9m_NH_highway_TW5_sunny_FHD,2,0,toward,False,32,1.47,0.018,0.0412,0.0133
Suwon_CH02_20201012_2059_MON_9m_NH_highway_TW5_sunny_FHD__view0,Suwon_CH02_20201012_2059_MON_9m_NH_highway_TW5_sunny_FHD,3,1,away,False,32,0.5,0.005,0.0,0.0034
Suwon_CH02_20201012_2059_MON_9m_NH_highway_TW5_sunny_FHD__view0,Suwon_CH02_20201012_2059_MON_9m_NH_highway_TW5_sunny_FHD,4,1,away,False,32,1.31,0.0297,0.06,0.0318
Suwon_CH02_20201012_2059_MON_9m_NH_highway_TW5_sunny_FHD__view1,Suwon_CH02_20201012_2059_MON_9m_NH_highway_TW5_sunny_FHD,1,0,toward,True,31,0.26,0.0075,0.0075,0.0096
Suwon_CH02_20201012_2059_MON_9m_NH_highway_TW5_sunny_FHD__view1,Suwon_CH02_20201012_2059_MON_9m_NH_highway_TW5_sunny_FHD,2,0,toward,True,31,0.13,0.0037,0.0,0.0018
Suwon_CH02_20201012_2059_MON_9m_NH_highway_TW5_sunny_FHD__view1,Suwon_CH02_20201012_2059_MON_9m_NH_highway_TW5_sunny_FHD,3,0,toward,False,31,0.55,0.0292,0.0989,0.0204
Suwon_CH02_20201012_2059_MON_9m_NH_highway_TW5_sunny_FHD__view1,Suwon_CH02_20201012_2059_MON_9m_NH_highway_TW5_sunny_FHD,4,0,toward,False,31,0.35,0.0154,0.0464,0.008
Suwon_CH02_20201012_2059_MON_9m_NH_highway_TW5_sunny_FHD__view1,Suwon_CH02_20201012_2059_MON_9m_NH_highway_TW5_sunny_FHD,5,0,toward,False,31,0.81,0.0387,0.1105,0.0219
Suwon_CH02_20201012_2059_MON_9m_NH_highway_TW5_sunny_FHD__view1,Suwon_CH02_20201012_2059_MON_9m_NH_highway_TW5_sunny_FHD,6,0,toward,False,31,0.29,0.0189,0.0887,0.008
Suwon_CH02_20201012_2059_MON_9m_NH_highway_TW5_sunny_FHD__view1,Suwon_CH02_20201012_2059_MON_9m_NH_highway_TW5_sunny_FHD,7,0,toward,False,31,0.61,0.0601,0.211,0.0476
Suwon_CH02_20201012_2059_MON_9m_NH_highway_TW5_sunny_FHD__view1,Suwon_CH02_20201012_2059_MON_9m_NH_highway_TW5_sunny_FHD,8,1,away,False,31,0.23,0.0377,0.1764,0.0509
Suwon_CH02_20201012_2059_MON_9m_NH_highway_TW5_sunny_FHD__view1,Suwon_CH02_20201012_2059_MON_9m_NH_highway_TW5_sunny_FHD,9,1,away,False,31,0.19,0.0371,0.1815,0.05
Suwon_CH02_20201012_2059_MON_9m_NH_highway_TW5_sunny_FHD__view1,Suwon_CH02_20201012_2059_MON_9m_NH_highway_TW5_sunny_FHD,10,1,away,False,31,0.32,0.0799,0.3756,0.0868
Suwon_CH02_20201012_2059_MON_9m_NH_highway_TW5_sunny_FHD__view1,Suwon_CH02_20201012_2059_MON_9m_NH_highway_TW5_sunny_FHD,11,1,away,False,31,0.0,0.0,0.0,0.0
Suwon_CH02_20201012_2059_MON_9m_NH_highway_TW5_sunny_FHD__view1,Suwon_CH02_20201012_2059_MON_9m_NH_highway_TW5_sunny_FHD,12,1,away,True,31,0.0,0.0,0.0,0.0
Suwon_CH02_20201012_2059_MON_9m_NH_highway_TW5_sunny_FHD__view2,Suwon_CH02_20201012_2059_MON_9m_NH_highway_TW5_sunny_FHD,1,0,unknown,False,17,0.71,0.0479,0.1798,0.0552
Suwon_CH02_20201012_2059_MON_9m_NH_highway_TW5_sunny_FHD__view2,Suwon_CH02_20201012_2059_MON_9m_NH_highway_TW5_sunny_FHD,2,0,unknown,False,17,1.35,0.1052,0.2232,0.1371
Suwon_CH02_20201012_2059_MON_9m_NH_highway_TW5_sunny_FHD__view2,Suwon_CH02_20201012_2059_MON_9m_NH_highway_TW5_sunny_FHD,3,0,unknown,False,17,0.41,0.0281,0.107,0.0362
Suwon_CH02_20201012_2059_MON_9m_NH_highway_TW5_sunny_FHD__view2,Suwon_CH02_20201012_2059_MON_9m_NH_highway_TW5_sunny_FHD,4,0,unknown,False,17,2.41,0.0807,0.1616,0.0873
Suwon_CH03_20200720_2030_MON_9m_NH_highway_OW5_sunny_FHD__view0,Suwon_CH03_20200720_2030_MON_9m_NH_highway_OW5_sunny_FHD,1,0,away,False,58,0.84,0.05,0.1501,0.0658
Suwon_CH03_20200720_2030_MON_9m_NH_highway_OW5_sunny_FHD__view0,Suwon_CH03_20200720_2030_MON_9m_NH_highway_OW5_sunny_FHD,2,0,away,False,58,2.12,0.0619,0.1227,0.0928
Suwon_CH03_20200720_2030_MON_9m_NH_highway_OW5_sunny_FHD__view0,Suwon_CH03_20200720_2030_MON_9m_NH_highway_OW5_sunny_FHD,3,0,away,False,58,3.55,0.1335,0.2575,0.0908
Suwon_CH03_20200720_2030_MON_9m_NH_highway_OW5_sunny_FHD__view0,Suwon_CH03_20200720_2030_MON_9m_NH_highway_OW5_sunny_FHD,4,0,away,False,58,3.26,0.1029,0.2399,0.0673
Suwon_CH03_20200720_2030_MON_9m_NH_highway_OW5_sunny_FHD__view0,Suwon_CH03_20200720_2030_MON_9m_NH_highway_OW5_sunny_FHD,5,0,away,False,58,1.14,0.1185,0.3135,0.0619
Suwon_CH03_20200720_2030_MON_9m_NH_highway_OW5_sunny_FHD__view0,Suwon_CH03_20200720_2030_MON_9m_NH_highway_OW5_sunny_FHD,6,0,away,False,58,0.38,0.036,0.0862,0.0325
Suwon_CH03_20200720_2030_MON_9m_NH_highway_OW5_sunny_FHD__view1,Suwon_CH03_20200720_2030_MON_9m_NH_highway_OW5_sunny_FHD,1,0,away,False,57,3.28,0.0417,0.0946,0.0395
Suwon_CH03_20200720_2030_MON_9m_NH_highway_OW5_sunny_FHD__view1,Suwon_CH03_20200720_2030_MON_9m_NH_highway_OW5_sunny_FHD,2,0,away,False,57,1.09,0.0227,0.0721,0.0158
Suwon_CH03_20200720_2030_MON_9m_NH_highway_OW5_sunny_FHD__view1,Suwon_CH03_20200720_2030_MON_9m_NH_highway_OW5_sunny_FHD,3,0,away,False,57,0.7,0.0074,0.0004,0.0084
Suwon_CH03_20200720_2030_MON_9m_NH_highway_OW5_sunny_FHD__view1,Suwon_CH03_20200720_2030_MON_9m_NH_highway_OW5_sunny_FHD,4,0,away,False,57,0.56,0.0068,0.0,0.0031
Suwon_CH03_20200720_2030_MON_9m_NH_highway_OW5_sunny_FHD__view1,Suwon_CH03_20200720_2030_MON_9m_NH_highway_OW5_sunny_FHD,5,0,away,False,57,0.65,0.0135,0.0,0.0078
Suwon_CH03_20200720_2030_MON_9m_NH_highway_OW5_sunny_FHD__view1,Suwon_CH03_20200720_2030_MON_9m_NH_highway_OW5_sunny_FHD,6,0,away,True,57,0.21,0.0043,0.0,0.0028
Suwon_CH03_20200720_2030_MON_9m_NH_highway_OW5_sunny_FHD__view1,Suwon_CH03_20200720_2030_MON_9m_NH_highway_OW5_sunny_FHD,7,0,away,True,57,0.0,0.0,0.0,0.0
Suwon_CH03_20200721_2000_TUE_9m_NH_highway_OW5_sunny_FHD__view0,Suwon_CH03_20200721_2000_TUE_9m_NH_highway_OW5_sunny_FHD,1,0,away,False,39,1.51,0.0948,0.1622,0.1276
Suwon_CH03_20200721_2000_TUE_9m_NH_highway_OW5_sunny_FHD__view0,Suwon_CH03_20200721_2000_TUE_9m_NH_highway_OW5_sunny_FHD,2,0,away,False,39,4.23,0.0936,0.1533,0.1411
Suwon_CH03_20200721_2000_TUE_9m_NH_highway_OW5_sunny_FHD__view0,Suwon_CH03_20200721_2000_TUE_9m_NH_highway_OW5_sunny_FHD,3,0,away,False,39,4.95,0.1988,0.3631,0.1268
Suwon_CH03_20200721_2000_TUE_9m_NH_highway_OW5_sunny_FHD__view0,Suwon_CH03_20200721_2000_TUE_9m_NH_highway_OW5_sunny_FHD,4,0,away,False,39,4.64,0.1837,0.397,0.1493
Suwon_CH03_20200721_2000_TUE_9m_NH_highway_OW5_sunny_FHD__view0,Suwon_CH03_20200721_2000_TUE_9m_NH_highway_OW5_sunny_FHD,5,0,away,False,39,2.15,0.1644,0.2988,0.1106
Suwon_CH03_20200721_2000_TUE_9m_NH_highway_OW5_sunny_FHD__view0,Suwon_CH03_20200721_2000_TUE_9m_NH_highway_OW5_sunny_FHD,6,0,away,False,39,0.31,0.0472,0.141,0.0399
Suwon_CH03_20200721_2000_TUE_9m_NH_highway_OW5_sunny_FHD__view1,Suwon_CH03_20200721_2000_TUE_9m_NH_highway_OW5_sunny_FHD,1,0,away,False,38,3.87,0.0519,0.1293,0.0527
Suwon_CH03_20200721_2000_TUE_9m_NH_highway_OW5_sunny_FHD__view1,Suwon_CH03_20200721_2000_TUE_9m_NH_highway_OW5_sunny_FHD,2,0,away,False,38,1.32,0.0223,0.0712,0.0281
Suwon_CH03_20200721_2000_TUE_9m_NH_highway_OW5_sunny_FHD__view1,Suwon_CH03_20200721_2000_TUE_9m_NH_highway_OW5_sunny_FHD,3,0,away,False,38,1.03,0.0462,0.1904,0.0233
Suwon_CH03_20200721_2000_TUE_9m_NH_highway_OW5_sunny_FHD__view1,Suwon_CH03_20200721_2000_TUE_9m_NH_highway_OW5_sunny_FHD,4,0,away,False,38,0.82,0.0166,0.0671,0.0078
Suwon_CH03_20200721_2000_TUE_9m_NH_highway_OW5_sunny_FHD__view1,Suwon_CH03_20200721_2000_TUE_9m_NH_highway_OW5_sunny_FHD,5,0,away,False,38,1.11,0.0153,0.0271,0.0087
Suwon_CH03_20200721_2000_TUE_9m_NH_highway_OW5_sunny_FHD__view1,Suwon_CH03_20200721_2000_TUE_9m_NH_highway_OW5_sunny_FHD,6,0,away,True,38,0.79,0.0324,0.1284,0.0238
Suwon_CH03_20200721_2000_TUE_9m_NH_highway_OW5_sunny_FHD__view1,Suwon_CH03_20200721_2000_TUE_9m_NH_highway_OW5_sunny_FHD,7,0,away,True,38,0.0,0.0,0.0,0.0
Suwon_CH03_20200722_1700_WED_9m_NH_highway_OW5_sunny_FHD__view0,Suwon_CH03_20200722_1700_WED_9m_NH_highway_OW5_sunny_FHD,1,0,away,False,37,6.24,0.087,0.1661,0.0899
Suwon_CH03_20200722_1700_WED_9m_NH_highway_OW5_sunny_FHD__view0,Suwon_CH03_20200722_1700_WED_9m_NH_highway_OW5_sunny_FHD,2,0,away,False,37,2.59,0.0486,0.1318,0.0592
Suwon_CH03_20200722_1700_WED_9m_NH_highway_OW5_sunny_FHD__view0,Suwon_CH03_20200722_1700_WED_9m_NH_highway_OW5_sunny_FHD,3,0,away,False,37,2.57,0.0678,0.2013,0.0768
Suwon_CH03_20200722_1700_WED_9m_NH_highway_OW5_sunny_FHD__view0,Suwon_CH03_20200722_1700_WED_9m_NH_highway_OW5_sunny_FHD,4,0,away,False,37,1.46,0.0256,0.0925,0.0258
Suwon_CH03_20200722_1700_WED_9m_NH_highway_OW5_sunny_FHD__view0,Suwon_CH03_20200722_1700_WED_9m_NH_highway_OW5_sunny_FHD,5,0,away,False,37,2.32,0.0424,0.1381,0.0679
Suwon_CH03_20200722_1700_WED_9m_NH_highway_OW5_sunny_FHD__view0,Suwon_CH03_20200722_1700_WED_9m_NH_highway_OW5_sunny_FHD,6,0,away,True,37,1.68,0.1337,0.3173,0.1063
Suwon_CH03_20200722_1700_WED_9m_NH_highway_OW5_sunny_FHD__view0,Suwon_CH03_20200722_1700_WED_9m_NH_highway_OW5_sunny_FHD,7,0,away,True,37,1.41,0.0513,0.1051,0.0266
Suwon_CH03_20200722_1700_WED_9m_NH_highway_OW5_sunny_FHD__view1,Suwon_CH03_20200722_1700_WED_9m_NH_highway_OW5_sunny_FHD,1,0,away,False,35,2.03,0.0936,0.1834,0.1466
Suwon_CH03_20200722_1700_WED_9m_NH_highway_OW5_sunny_FHD__view1,Suwon_CH03_20200722_1700_WED_9m_NH_highway_OW5_sunny_FHD,2,0,away,False,35,4.2,0.1619,0.2268,0.1919
Suwon_CH03_20200722_1700_WED_9m_NH_highway_OW5_sunny_FHD__view1,Suwon_CH03_20200722_1700_WED_9m_NH_highway_OW5_sunny_FHD,3,0,away,False,35,5.29,0.2357,0.3908,0.1746
Suwon_CH03_20200722_1700_WED_9m_NH_highway_OW5_sunny_FHD__view1,Suwon_CH03_20200722_1700_WED_9m_NH_highway_OW5_sunny_FHD,4,0,away,False,35,7.2,0.2902,0.5311,0.2148
Suwon_CH03_20200722_1700_WED_9m_NH_highway_OW5_sunny_FHD__view1,Suwon_CH03_20200722_1700_WED_9m_NH_highway_OW5_sunny_FHD,5,0,away,False,35,4.0,0.3087,0.4736,0.1892
Suwon_CH03_20200722_1700_WED_9m_NH_highway_OW5_sunny_FHD__view1,Suwon_CH03_20200722_1700_WED_9m_NH_highway_OW5_sunny_FHD,6,0,away,False,35,2.57,0.1785,0.33,0.1707
Suwon_CH03_20201010_2145_SAT_9m_NH_highway_OW5_sunny_FHD__view0,Suwon_CH03_20201010_2145_SAT_9m_NH_highway_OW5_sunny_FHD,1,0,away,False,50,1.66,0.0891,0.1611,0.1455
Suwon_CH03_20201010_2145_SAT_9m_NH_highway_OW5_sunny_FHD__view0,Suwon_CH03_20201010_2145_SAT_9m_NH_highway_OW5_sunny_FHD,2,0,away,False,50,2.78,0.0996,0.1519,0.174
Suwon_CH03_20201010_2145_SAT_9m_NH_highway_OW5_sunny_FHD__view0,Suwon_CH03_20201010_2145_SAT_9m_NH_highway_OW5_sunny_FHD,3,0,away,False,50,4.3,0.1638,0.2612,0.1521
Suwon_CH03_20201010_2145_SAT_9m_NH_highway_OW5_sunny_FHD__view0,Suwon_CH03_20201010_2145_SAT_9m_NH_highway_OW5_sunny_FHD,4,0,away,False,50,5.66,0.2448,0.3835,0.1822
Suwon_CH03_20201010_2145_SAT_9m_NH_highway_OW5_sunny_FHD__view0,Suwon_CH03_20201010_2145_SAT_9m_NH_highway_OW5_sunny_FHD,5,0,away,False,50,4.02,0.3667,0.5189,0.2204
Suwon_CH03_20201010_2145_SAT_9m_NH_highway_OW5_sunny_FHD__view0,Suwon_CH03_20201010_2145_SAT_9m_NH_highway_OW5_sunny_FHD,6,0,away,False,50,1.44,0.1064,0.2205,0.1457
Suwon_CH03_20201010_2145_SAT_9m_NH_highway_OW5_sunny_FHD__view1,Suwon_CH03_20201010_2145_SAT_9m_NH_highway_OW5_sunny_FHD,1,0,away,False,48,5.71,0.065,0.137,0.074
Suwon_CH03_20201010_2145_SAT_9m_NH_highway_OW5_sunny_FHD__view1,Suwon_CH03_20201010_2145_SAT_9m_NH_highway_OW5_sunny_FHD,2,0,away,False,48,3.08,0.0388,0.0961,0.0412
Suwon_CH03_20201010_2145_SAT_9m_NH_highway_OW5_sunny_FHD__view1,Suwon_CH03_20201010_2145_SAT_9m_NH_highway_OW5_sunny_FHD,3,0,away,False,48,2.69,0.0887,0.2257,0.058
Suwon_CH03_20201010_2145_SAT_9m_NH_highway_OW5_sunny_FHD__view1,Suwon_CH03_20201010_2145_SAT_9m_NH_highway_OW5_sunny_FHD,4,0,away,False,48,0.38,0.0019,0.0,0.0055
Suwon_CH03_20201010_2145_SAT_9m_NH_highway_OW5_sunny_FHD__view1,Suwon_CH03_20201010_2145_SAT_9m_NH_highway_OW5_sunny_FHD,5,0,away,False,48,2.54,0.061,0.1496,0.0551
Suwon_CH03_20201010_2145_SAT_9m_NH_highway_OW5_sunny_FHD__view1,Suwon_CH03_20201010_2145_SAT_9m_NH_highway_OW5_sunny_FHD,6,0,away,True,48,2.88,0.11,0.225,0.0789
Suwon_CH03_20201010_2145_SAT_9m_NH_highway_OW5_sunny_FHD__view1,Suwon_CH03_20201010_2145_SAT_9m_NH_highway_OW5_sunny_FHD,7,0,away,True,48,0.0,0.0,0.0,0.0
Suwon_CH04_20200720_1600_MON_9m_NH_highway_OW5_sunny_FHD__view0,Suwon_CH04_20200720_1600_MON_9m_NH_highway_OW5_sunny_FHD,1,0,toward,False,16,3.12,0.1061,0.2154,0.0611
Suwon_CH04_20200720_1600_MON_9m_NH_highway_OW5_sunny_FHD__view0,Suwon_CH04_20200720_1600_MON_9m_NH_highway_OW5_sunny_FHD,2,0,toward,False,16,11.31,0.2212,0.4741,0.1944
Suwon_CH04_20200720_1600_MON_9m_NH_highway_OW5_sunny_FHD__view1,Suwon_CH04_20200720_1600_MON_9m_NH_highway_OW5_sunny_FHD,1,0,toward,True,13,0.23,0.0107,0.0,0.0032
Suwon_CH04_20200720_1600_MON_9m_NH_highway_OW5_sunny_FHD__view1,Suwon_CH04_20200720_1600_MON_9m_NH_highway_OW5_sunny_FHD,2,0,toward,True,13,0.54,0.0338,0.1442,0.0497
Suwon_CH04_20200720_1600_MON_9m_NH_highway_OW5_sunny_FHD__view1,Suwon_CH04_20200720_1600_MON_9m_NH_highway_OW5_sunny_FHD,3,0,toward,False,13,1.77,0.0567,0.218,0.0894
Suwon_CH04_20200720_1600_MON_9m_NH_highway_OW5_sunny_FHD__view1,Suwon_CH04_20200720_1600_MON_9m_NH_highway_OW5_sunny_FHD,4,0,toward,False,13,0.77,0.0055,0.0,0.0221
Suwon_CH04_20200720_1600_MON_9m_NH_highway_OW5_sunny_FHD__view1,Suwon_CH04_20200720_1600_MON_9m_NH_highway_OW5_sunny_FHD,5,0,toward,False,13,1.62,0.0356,0.1356,0.0276
Suwon_CH04_20200720_1600_MON_9m_NH_highway_OW5_sunny_FHD__view1,Suwon_CH04_20200720_1600_MON_9m_NH_highway_OW5_sunny_FHD,6,0,toward,False,13,3.0,0.0655,0.0892,0.0382
Suwon_CH04_20200720_1600_MON_9m_NH_highway_OW5_sunny_FHD__view1,Suwon_CH04_20200720_1600_MON_9m_NH_highway_OW5_sunny_FHD,7,0,toward,False,13,2.46,0.082,0.1509,0.0693
Suwon_CH04_20200720_1600_MON_9m_NH_highway_OW5_sunny_FHD__view1,Suwon_CH04_20200720_1600_MON_9m_NH_highway_OW5_sunny_FHD,8,0,toward,False,13,3.38,0.0845,0.1709,0.067
Suwon_CH04_20200721_1500_TUE_9m_NH_highway_OW5_sunny_FHD__view0,Suwon_CH04_20200721_1500_TUE_9m_NH_highway_OW5_sunny_FHD,1,0,toward,False,39,3.74,0.1734,0.345,0.1286
Suwon_CH04_20200721_1500_TUE_9m_NH_highway_OW5_sunny_FHD__view0,Suwon_CH04_20200721_1500_TUE_9m_NH_highway_OW5_sunny_FHD,2,0,toward,False,39,12.13,0.1935,0.3811,0.1952
Suwon_CH04_20200721_1500_TUE_9m_NH_highway_OW5_sunny_FHD__view1,Suwon_CH04_20200721_1500_TUE_9m_NH_highway_OW5_sunny_FHD,1,0,toward,True,36,0.0,0.0,0.0,0.0
Suwon_CH04_20200721_1500_TUE_9m_NH_highway_OW5_sunny_FHD__view1,Suwon_CH04_20200721_1500_TUE_9m_NH_highway_OW5_sunny_FHD,2,0,toward,True,36,0.97,0.0649,0.1931,0.0697
Suwon_CH04_20200721_1500_TUE_9m_NH_highway_OW5_sunny_FHD__view1,Suwon_CH04_20200721_1500_TUE_9m_NH_highway_OW5_sunny_FHD,3,0,toward,False,36,2.11,0.0822,0.2077,0.0566
Suwon_CH04_20200721_1500_TUE_9m_NH_highway_OW5_sunny_FHD__view1,Suwon_CH04_20200721_1500_TUE_9m_NH_highway_OW5_sunny_FHD,4,0,toward,False,36,0.97,0.0101,0.0004,0.0044
Suwon_CH04_20200721_1500_TUE_9m_NH_highway_OW5_sunny_FHD__view1,Suwon_CH04_20200721_1500_TUE_9m_NH_highway_OW5_sunny_FHD,5,0,toward,False,36,1.67,0.0936,0.311,0.0852
Suwon_CH04_20200721_1500_TUE_9m_NH_highway_OW5_sunny_FHD__view1,Suwon_CH04_20200721_1500_TUE_9m_NH_highway_OW5_sunny_FHD,6,0,toward,False,36,2.47,0.0687,0.1502,0.088
Suwon_CH04_20200721_1500_TUE_9m_NH_highway_OW5_sunny_FHD__view1,Suwon_CH04_20200721_1500_TUE_9m_NH_highway_OW5_sunny_FHD,7,0,toward,False,36,2.36,0.0751,0.1431,0.0532
Suwon_CH04_20200721_1500_TUE_9m_NH_highway_OW5_sunny_FHD__view1,Suwon_CH04_20200721_1500_TUE_9m_NH_highway_OW5_sunny_FHD,8,0,toward,False,36,3.22,0.0673,0.127,0.0657
Suwon_CH04_20200721_2030_TUE_9m_NH_highway_OW5_sunny_FHD__view0,Suwon_CH04_20200721_2030_TUE_9m_NH_highway_OW5_sunny_FHD,1,0,toward,False,41,1.44,0.0721,0.2075,0.0585
Suwon_CH04_20200721_2030_TUE_9m_NH_highway_OW5_sunny_FHD__view0,Suwon_CH04_20200721_2030_TUE_9m_NH_highway_OW5_sunny_FHD,2,0,toward,False,41,5.2,0.0426,0.0629,0.0584
Suwon_CH04_20200721_2030_TUE_9m_NH_highway_OW5_sunny_FHD__view1,Suwon_CH04_20200721_2030_TUE_9m_NH_highway_OW5_sunny_FHD,1,0,toward,True,39,0.0,0.0,0.0,0.0
Suwon_CH04_20200721_2030_TUE_9m_NH_highway_OW5_sunny_FHD__view1,Suwon_CH04_20200721_2030_TUE_9m_NH_highway_OW5_sunny_FHD,2,0,toward,True,39,0.26,0.0,0.0,0.002
Suwon_CH04_20200721_2030_TUE_9m_NH_highway_OW5_sunny_FHD__view1,Suwon_CH04_20200721_2030_TUE_9m_NH_highway_OW5_sunny_FHD,3,0,toward,False,39,0.67,0.0172,0.0678,0.009
Suwon_CH04_20200721_2030_TUE_9m_NH_highway_OW5_sunny_FHD__view1,Suwon_CH04_20200721_2030_TUE_9m_NH_highway_OW5_sunny_FHD,4,0,toward,False,39,0.36,0.004,0.0,0.0024
Suwon_CH04_20200721_2030_TUE_9m_NH_highway_OW5_sunny_FHD__view1,Suwon_CH04_20200721_2030_TUE_9m_NH_highway_OW5_sunny_FHD,5,0,toward,False,39,0.59,0.0209,0.0967,0.0147
Suwon_CH04_20200721_2030_TUE_9m_NH_highway_OW5_sunny_FHD__view1,Suwon_CH04_20200721_2030_TUE_9m_NH_highway_OW5_sunny_FHD,6,0,toward,False,39,0.87,0.0368,0.0744,0.0319
Suwon_CH04_20200721_2030_TUE_9m_NH_highway_OW5_sunny_FHD__view1,Suwon_CH04_20200721_2030_TUE_9m_NH_highway_OW5_sunny_FHD,7,0,toward,False,39,0.97,0.028,0.0712,0.0379
Suwon_CH04_20200721_2030_TUE_9m_NH_highway_OW5_sunny_FHD__view1,Suwon_CH04_20200721_2030_TUE_9m_NH_highway_OW5_sunny_FHD,8,0,toward,False,39,0.56,0.0153,0.0417,0.0196
Suwon_CH04_20200722_1800_WED_9m_NH_highway_OW5_sunny_FHD__view0,Suwon_CH04_20200722_1800_WED_9m_NH_highway_OW5_sunny_FHD,1,0,toward,True,22,0.0,0.0,0.0,0.0
Suwon_CH04_20200722_1800_WED_9m_NH_highway_OW5_sunny_FHD__view0,Suwon_CH04_20200722_1800_WED_9m_NH_highway_OW5_sunny_FHD,2,0,toward,True,22,0.45,0.0217,0.0,0.0153
Suwon_CH04_20200722_1800_WED_9m_NH_highway_OW5_sunny_FHD__view0,Suwon_CH04_20200722_1800_WED_9m_NH_highway_OW5_sunny_FHD,3,0,toward,False,22,2.55,0.0768,0.1896,0.1154
Suwon_CH04_20200722_1800_WED_9m_NH_highway_OW5_sunny_FHD__view0,Suwon_CH04_20200722_1800_WED_9m_NH_highway_OW5_sunny_FHD,4,0,toward,False,22,1.41,0.036,0.1095,0.0338
Suwon_CH04_20200722_1800_WED_9m_NH_highway_OW5_sunny_FHD__view0,Suwon_CH04_20200722_1800_WED_9m_NH_highway_OW5_sunny_FHD,5,0,toward,False,22,1.77,0.0357,0.115,0.0582
Suwon_CH04_20200722_1800_WED_9m_NH_highway_OW5_sunny_FHD__view0,Suwon_CH04_20200722_1800_WED_9m_NH_highway_OW5_sunny_FHD,6,0,toward,False,22,1.77,0.0642,0.1782,0.0426
Suwon_CH04_20200722_1800_WED_9m_NH_highway_OW5_sunny_FHD__view0,Suwon_CH04_20200722_1800_WED_9m_NH_highway_OW5_sunny_FHD,7,0,toward,False,22,2.36,0.0798,0.1614,0.068
Suwon_CH04_20200722_1800_WED_9m_NH_highway_OW5_sunny_FHD__view0,Suwon_CH04_20200722_1800_WED_9m_NH_highway_OW5_sunny_FHD,8,0,toward,False,22,2.82,0.0558,0.1219,0.045
Suwon_CH04_20200722_1800_WED_9m_NH_highway_OW5_sunny_FHD__view1,Suwon_CH04_20200722_1800_WED_9m_NH_highway_OW5_sunny_FHD,1,0,toward,False,20,4.35,0.1745,0.4572,0.1791
Suwon_CH04_20200722_1800_WED_9m_NH_highway_OW5_sunny_FHD__view1,Suwon_CH04_20200722_1800_WED_9m_NH_highway_OW5_sunny_FHD,2,0,toward,False,20,11.7,0.1789,0.3941,0.1776
Suwon_CH04_20201011_2020_SUN_9m_NH_highway_OW5_sunny_FHD__view0,Suwon_CH04_20201011_2020_SUN_9m_NH_highway_OW5_sunny_FHD,1,0,toward,True,41,0.0,0.0,0.0,0.0
Suwon_CH04_20201011_2020_SUN_9m_NH_highway_OW5_sunny_FHD__view0,Suwon_CH04_20201011_2020_SUN_9m_NH_highway_OW5_sunny_FHD,2,0,toward,True,41,0.56,0.0307,0.132,0.0265
Suwon_CH04_20201011_2020_SUN_9m_NH_highway_OW5_sunny_FHD__view0,Suwon_CH04_20201011_2020_SUN_9m_NH_highway_OW5_sunny_FHD,3,0,toward,False,41,1.83,0.056,0.2156,0.0405
Suwon_CH04_20201011_2020_SUN_9m_NH_highway_OW5_sunny_FHD__view0,Suwon_CH04_20201011_2020_SUN_9m_NH_highway_OW5_sunny_FHD,4,0,toward,False,41,0.49,0.016,0.0759,0.0143
Suwon_CH04_20201011_2020_SUN_9m_NH_highway_OW5_sunny_FHD__view0,Suwon_CH04_20201011_2020_SUN_9m_NH_highway_OW5_sunny_FHD,5,0,toward,False,41,1.66,0.0739,0.2012,0.0392
Suwon_CH04_20201011_2020_SUN_9m_NH_highway_OW5_sunny_FHD__view0,Suwon_CH04_20201011_2020_SUN_9m_NH_highway_OW5_sunny_FHD,6,0,toward,False,41,1.29,0.0334,0.1201,0.0311
Suwon_CH04_20201011_2020_SUN_9m_NH_highway_OW5_sunny_FHD__view0,Suwon_CH04_20201011_2020_SUN_9m_NH_highway_OW5_sunny_FHD,7,0,toward,False,41,0.98,0.0274,0.0887,0.0273
Suwon_CH04_20201011_2020_SUN_9m_NH_highway_OW5_sunny_FHD__view0,Suwon_CH04_20201011_2020_SUN_9m_NH_highway_OW5_sunny_FHD,8,0,toward,False,41,0.29,0.0084,0.0385,0.0108
Suwon_CH04_20201011_2020_SUN_9m_NH_highway_OW5_sunny_FHD__view1,Suwon_CH04_20201011_2020_SUN_9m_NH_highway_OW5_sunny_FHD,1,0,toward,False,41,2.41,0.1008,0.1843,0.095
Suwon_CH04_20201011_2020_SUN_9m_NH_highway_OW5_sunny_FHD__view1,Suwon_CH04_20201011_2020_SUN_9m_NH_highway_OW5_sunny_FHD,2,0,toward,False,41,7.27,0.0688,0.1298,0.0869
Suwon_CH05_20200720_1700_MON_9m_NH_highway_OW5_sunny_FHD__view0,Suwon_CH05_20200720_1700_MON_9m_NH_highway_OW5_sunny_FHD,1,0,away,False,46,1.89,0.1253,0.246,0.1959
Suwon_CH05_20200720_1700_MON_9m_NH_highway_OW5_sunny_FHD__view0,Suwon_CH05_20200720_1700_MON_9m_NH_highway_OW5_sunny_FHD,2,0,away,False,46,4.28,0.2747,0.4481,0.2312
Suwon_CH05_20200720_1700_MON_9m_NH_highway_OW5_sunny_FHD__view0,Suwon_CH05_20200720_1700_MON_9m_NH_highway_OW5_sunny_FHD,3,0,away,False,46,1.87,0.1149,0.29,0.0944
Suwon_CH05_20200720_1700_MON_9m_NH_highway_OW5_sunny_FHD__view0,Suwon_CH05_20200720_1700_MON_9m_NH_highway_OW5_sunny_FHD,4,0,away,False,46,3.85,0.1342,0.275,0.1352
Suwon_CH05_20200720_1700_MON_9m_NH_highway_OW5_sunny_FHD__view1,Suwon_CH05_20200720_1700_MON_9m_NH_highway_OW5_sunny_FHD,1,0,away,False,39,6.77,0.1562,0.2555,0.1387
Suwon_CH05_20200720_1700_MON_9m_NH_highway_OW5_sunny_FHD__view1,Suwon_CH05_20200720_1700_MON_9m_NH_highway_OW5_sunny_FHD,2,0,away,False,39,3.82,0.1488,0.2838,0.1232
Suwon_CH05_20200720_1700_MON_9m_NH_highway_OW5_sunny_FHD__view1,Suwon_CH05_20200720_1700_MON_9m_NH_highway_OW5_sunny_FHD,3,0,away,False,39,2.69,0.1847,0.3779,0.1354
Suwon_CH05_20200720_1700_MON_9m_NH_highway_OW5_sunny_FHD__view1,Suwon_CH05_20200720_1700_MON_9m_NH_highway_OW5_sunny_FHD,4,0,away,False,39,2.92,0.1368,0.2805,0.105
Suwon_CH05_20200720_1700_MON_9m_NH_highway_OW5_sunny_FHD__view2,Suwon_CH05_20200720_1700_MON_9m_NH_highway_OW5_sunny_FHD,1,0,away,False,37,3.0,0.052,0.1272,0.0467
Suwon_CH05_20200720_1700_MON_9m_NH_highway_OW5_sunny_FHD__view2,Suwon_CH05_20200720_1700_MON_9m_NH_highway_OW5_sunny_FHD,2,0,away,False,37,2.76,0.056,0.1219,0.0529
Suwon_CH05_20200720_1700_MON_9m_NH_highway_OW5_sunny_FHD__view2,Suwon_CH05_20200720_1700_MON_9m_NH_highway_OW5_sunny_FHD,3,0,away,False,37,3.03,0.0389,0.1161,0.0466
Suwon_CH05_20200720_1700_MON_9m_NH_highway_OW5_sunny_FHD__view2,Suwon_CH05_20200720_1700_MON_9m_NH_highway_OW5_sunny_FHD,4,0,away,False,37,2.65,0.0664,0.1541,0.0514
Suwon_CH05_20200720_1700_MON_9m_NH_highway_OW5_sunny_FHD__view2,Suwon_CH05_20200720_1700_MON_9m_NH_highway_OW5_sunny_FHD,5,0,away,False,37,1.76,0.0493,0.1539,0.056
Suwon_CH05_20200720_1700_MON_9m_NH_highway_OW5_sunny_FHD__view2,Suwon_CH05_20200720_1700_MON_9m_NH_highway_OW5_sunny_FHD,6,0,away,True,37,0.0,0.0,0.0,0.0
Suwon_CH05_20200721_1530_TUE_9m_NH_highway_OW5_sunny_FHD__view0,Suwon_CH05_20200721_1530_TUE_9m_NH_highway_OW5_sunny_FHD,1,0,away,False,28,2.5,0.1717,0.3729,0.2041
Suwon_CH05_20200721_1530_TUE_9m_NH_highway_OW5_sunny_FHD__view0,Suwon_CH05_20200721_1530_TUE_9m_NH_highway_OW5_sunny_FHD,2,0,away,False,28,4.07,0.3764,0.6959,0.2989
Suwon_CH05_20200721_1530_TUE_9m_NH_highway_OW5_sunny_FHD__view0,Suwon_CH05_20200721_1530_TUE_9m_NH_highway_OW5_sunny_FHD,3,0,away,False,28,1.64,0.1486,0.3333,0.1139
Suwon_CH05_20200721_1530_TUE_9m_NH_highway_OW5_sunny_FHD__view0,Suwon_CH05_20200721_1530_TUE_9m_NH_highway_OW5_sunny_FHD,4,0,away,False,28,3.36,0.1851,0.345,0.1454
Suwon_CH05_20200721_1530_TUE_9m_NH_highway_OW5_sunny_FHD__view1,Suwon_CH05_20200721_1530_TUE_9m_NH_highway_OW5_sunny_FHD,1,0,away,False,27,2.81,0.0479,0.0916,0.0432
Suwon_CH05_20200721_1530_TUE_9m_NH_highway_OW5_sunny_FHD__view1,Suwon_CH05_20200721_1530_TUE_9m_NH_highway_OW5_sunny_FHD,2,0,away,False,27,3.11,0.0709,0.1337,0.0495
Suwon_CH05_20200721_1530_TUE_9m_NH_highway_OW5_sunny_FHD__view1,Suwon_CH05_20200721_1530_TUE_9m_NH_highway_OW5_sunny_FHD,3,0,away,False,27,3.0,0.0802,0.2102,0.0773
Suwon_CH05_20200721_1530_TUE_9m_NH_highway_OW5_sunny_FHD__view1,Suwon_CH05_20200721_1530_TUE_9m_NH_highway_OW5_sunny_FHD,4,0,away,False,27,3.04,0.05,0.1297,0.036
Suwon_CH05_20200721_1530_TUE_9m_NH_highway_OW5_sunny_FHD__view1,Suwon_CH05_20200721_1530_TUE_9m_NH_highway_OW5_sunny_FHD,5,0,away,False,27,2.19,0.0797,0.1755,0.065
Suwon_CH05_20200721_1530_TUE_9m_NH_highway_OW5_sunny_FHD__view1,Suwon_CH05_20200721_1530_TUE_9m_NH_highway_OW5_sunny_FHD,6,0,away,True,27,0.0,0.0,0.0,0.0
Suwon_CH05_20200721_1530_TUE_9m_NH_highway_OW5_sunny_FHD__view2,Suwon_CH05_20200721_1530_TUE_9m_NH_highway_OW5_sunny_FHD,1,0,away,False,23,8.13,0.2243,0.3283,0.172
Suwon_CH05_20200721_1530_TUE_9m_NH_highway_OW5_sunny_FHD__view2,Suwon_CH05_20200721_1530_TUE_9m_NH_highway_OW5_sunny_FHD,2,0,away,False,23,5.13,0.2577,0.4654,0.1797
Suwon_CH05_20200721_1530_TUE_9m_NH_highway_OW5_sunny_FHD__view2,Suwon_CH05_20200721_1530_TUE_9m_NH_highway_OW5_sunny_FHD,3,0,away,False,23,2.78,0.2715,0.5316,0.1661
Suwon_CH05_20200721_1530_TUE_9m_NH_highway_OW5_sunny_FHD__view2,Suwon_CH05_20200721_1530_TUE_9m_NH_highway_OW5_sunny_FHD,4,0,away,False,23,3.26,0.1757,0.2857,0.1209
Suwon_CH05_20200721_2130_TUE_9m_NH_highway_OW5_sunny_FHD__view0,Suwon_CH05_20200721_2130_TUE_9m_NH_highway_OW5_sunny_FHD,1,0,away,False,42,5.81,0.1714,0.2936,0.171
Suwon_CH05_20200721_2130_TUE_9m_NH_highway_OW5_sunny_FHD__view0,Suwon_CH05_20200721_2130_TUE_9m_NH_highway_OW5_sunny_FHD,2,0,away,False,42,4.17,0.2121,0.3662,0.1612
Suwon_CH05_20200721_2130_TUE_9m_NH_highway_OW5_sunny_FHD__view0,Suwon_CH05_20200721_2130_TUE_9m_NH_highway_OW5_sunny_FHD,3,0,away,False,42,0.02,0.0,0.0,0.0
Suwon_CH05_20200721_2130_TUE_9m_NH_highway_OW5_sunny_FHD__view0,Suwon_CH05_20200721_2130_TUE_9m_NH_highway_OW5_sunny_FHD,4,0,away,False,42,0.1,0.0129,0.0,0.0287
Suwon_CH05_20200721_2130_TUE_9m_NH_highway_OW5_sunny_FHD__view1,Suwon_CH05_20200721_2130_TUE_9m_NH_highway_OW5_sunny_FHD,1,0,away,False,40,0.0,0.0,0.0,0.0
Suwon_CH05_20200721_2130_TUE_9m_NH_highway_OW5_sunny_FHD__view1,Suwon_CH05_20200721_2130_TUE_9m_NH_highway_OW5_sunny_FHD,2,0,away,False,40,1.85,0.1283,0.3219,0.1467
Suwon_CH05_20200721_2130_TUE_9m_NH_highway_OW5_sunny_FHD__view1,Suwon_CH05_20200721_2130_TUE_9m_NH_highway_OW5_sunny_FHD,3,0,away,False,40,3.83,0.488,0.7093,0.4205
Suwon_CH05_20200721_2130_TUE_9m_NH_highway_OW5_sunny_FHD__view1,Suwon_CH05_20200721_2130_TUE_9m_NH_highway_OW5_sunny_FHD,4,0,away,False,40,0.03,0.0,0.0,0.0
Suwon_CH05_20200721_2130_TUE_9m_NH_highway_OW5_sunny_FHD__view1,Suwon_CH05_20200721_2130_TUE_9m_NH_highway_OW5_sunny_FHD,5,0,away,False,40,0.03,0.0,0.0,0.0
Suwon_CH05_20200721_2130_TUE_9m_NH_highway_OW5_sunny_FHD__view2,Suwon_CH05_20200721_2130_TUE_9m_NH_highway_OW5_sunny_FHD,1,0,away,False,37,1.05,0.0247,0.0649,0.0227
Suwon_CH05_20200721_2130_TUE_9m_NH_highway_OW5_sunny_FHD__view2,Suwon_CH05_20200721_2130_TUE_9m_NH_highway_OW5_sunny_FHD,2,0,away,False,37,1.51,0.05,0.1033,0.0386
Suwon_CH05_20200721_2130_TUE_9m_NH_highway_OW5_sunny_FHD__view2,Suwon_CH05_20200721_2130_TUE_9m_NH_highway_OW5_sunny_FHD,3,0,away,False,37,2.41,0.0683,0.1223,0.0591
Suwon_CH05_20200721_2130_TUE_9m_NH_highway_OW5_sunny_FHD__view2,Suwon_CH05_20200721_2130_TUE_9m_NH_highway_OW5_sunny_FHD,4,0,away,False,37,0.32,0.0,0.0,0.0026
Suwon_CH05_20200721_2130_TUE_9m_NH_highway_OW5_sunny_FHD__view2,Suwon_CH05_20200721_2130_TUE_9m_NH_highway_OW5_sunny_FHD,5,0,away,False,37,0.19,0.01,0.0169,0.0142
Suwon_CH05_20200721_2130_TUE_9m_NH_highway_OW5_sunny_FHD__view2,Suwon_CH05_20200721_2130_TUE_9m_NH_highway_OW5_sunny_FHD,6,0,away,True,37,0.0,0.0,0.0,0.0
Suwon_CH05_20200722_1900_WED_9m_NH_highway_OW5_sunny_FHD__view0,Suwon_CH05_20200722_1900_WED_9m_NH_highway_OW5_sunny_FHD,1,0,away,False,18,0.0,0.0,0.0,0.0
Suwon_CH05_20200722_1900_WED_9m_NH_highway_OW5_sunny_FHD__view0,Suwon_CH05_20200722_1900_WED_9m_NH_highway_OW5_sunny_FHD,2,0,away,False,18,1.44,0.1007,0.2051,0.1351
Suwon_CH05_20200722_1900_WED_9m_NH_highway_OW5_sunny_FHD__view0,Suwon_CH05_20200722_1900_WED_9m_NH_highway_OW5_sunny_FHD,3,0,away,False,18,1.22,0.1794,0.4511,0.1065
Suwon_CH05_20200722_1900_WED_9m_NH_highway_OW5_sunny_FHD__view0,Suwon_CH05_20200722_1900_WED_9m_NH_highway_OW5_sunny_FHD,4,0,away,False,18,2.56,0.183,0.3491,0.1537
Suwon_CH05_20200722_1900_WED_9m_NH_highway_OW5_sunny_FHD__view0,Suwon_CH05_20200722_1900_WED_9m_NH_highway_OW5_sunny_FHD,5,0,away,False,18,2.67,0.071,0.1445,0.1052
Suwon_CH05_20200722_1900_WED_9m_NH_highway_OW5_sunny_FHD__view1,Suwon_CH05_20200722_1900_WED_9m_NH_highway_OW5_sunny_FHD,1,0,away,False,17,6.65,0.1895,0.252,0.1636
Suwon_CH05_20200722_1900_WED_9m_NH_highway_OW5_sunny_FHD__view1,Suwon_CH05_20200722_1900_WED_9m_NH_highway_OW5_sunny_FHD,2,0,away,False,17,2.82,0.1496,0.2233,0.1396
Suwon_CH05_20200722_1900_WED_9m_NH_highway_OW5_sunny_FHD__view1,Suwon_CH05_20200722_1900_WED_9m_NH_highway_OW5_sunny_FHD,3,0,away,False,17,2.59,0.241,0.4406,0.1536
Suwon_CH05_20200722_1900_WED_9m_NH_highway_OW5_sunny_FHD__view1,Suwon_CH05_20200722_1900_WED_9m_NH_highway_OW5_sunny_FHD,4,0,away,False,17,2.65,0.1017,0.1694,0.0839
Suwon_CH05_20200722_1900_WED_9m_NH_highway_OW5_sunny_FHD__view2,Suwon_CH05_20200722_1900_WED_9m_NH_highway_OW5_sunny_FHD,1,0,away,False,15,3.27,0.056,0.1223,0.0418
Suwon_CH05_20200722_1900_WED_9m_NH_highway_OW5_sunny_FHD__view2,Suwon_CH05_20200722_1900_WED_9m_NH_highway_OW5_sunny_FHD,2,0,away,False,15,3.53,0.0738,0.1455,0.0674
Suwon_CH05_20200722_1900_WED_9m_NH_highway_OW5_sunny_FHD__view2,Suwon_CH05_20200722_1900_WED_9m_NH_highway_OW5_sunny_FHD,3,0,away,False,15,2.53,0.0554,0.1591,0.0413
Suwon_CH05_20200722_1900_WED_9m_NH_highway_OW5_sunny_FHD__view2,Suwon_CH05_20200722_1900_WED_9m_NH_highway_OW5_sunny_FHD,4,0,away,False,15,2.4,0.0469,0.1543,0.0289
Suwon_CH05_20200722_1900_WED_9m_NH_highway_OW5_sunny_FHD__view2,Suwon_CH05_20200722_1900_WED_9m_NH_highway_OW5_sunny_FHD,5,0,away,False,15,1.33,0.0201,0.0811,0.03
Suwon_CH05_20200722_1900_WED_9m_NH_highway_OW5_sunny_FHD__view2,Suwon_CH05_20200722_1900_WED_9m_NH_highway_OW5_sunny_FHD,6,0,away,True,15,0.0,0.0,0.0,0.0
Suwon_CH05_20201011_2058_SUN_9m_NH_highway_OW5_sunny_FHD__view0,Suwon_CH05_20201011_2058_SUN_9m_NH_highway_OW5_sunny_FHD,1,0,toward,False,39,0.0,0.0,0.0,0.0
Suwon_CH05_20201011_2058_SUN_9m_NH_highway_OW5_sunny_FHD__view0,Suwon_CH05_20201011_2058_SUN_9m_NH_highway_OW5_sunny_FHD,2,0,toward,False,39,0.0,0.0,0.0,0.0
Suwon_CH05_20201011_2058_SUN_9m_NH_highway_OW5_sunny_FHD__view0,Suwon_CH05_20201011_2058_SUN_9m_NH_highway_OW5_sunny_FHD,3,0,toward,False,39,0.0,0.0,0.0,0.0
Suwon_CH05_20201011_2058_SUN_9m_NH_highway_OW5_sunny_FHD__view0,Suwon_CH05_20201011_2058_SUN_9m_NH_highway_OW5_sunny_FHD,4,0,toward,False,39,0.0,0.0,0.0,0.0
Suwon_CH05_20201011_2058_SUN_9m_NH_highway_OW5_sunny_FHD__view0,Suwon_CH05_20201011_2058_SUN_9m_NH_highway_OW5_sunny_FHD,5,0,toward,False,39,2.64,0.1091,0.2436,0.0928
Suwon_CH05_20201011_2058_SUN_9m_NH_highway_OW5_sunny_FHD__view0,Suwon_CH05_20201011_2058_SUN_9m_NH_highway_OW5_sunny_FHD,6,0,toward,True,39,2.74,0.0582,0.1329,0.041
Suwon_CH05_20201011_2058_SUN_9m_NH_highway_OW5_sunny_FHD__view1,Suwon_CH05_20201011_2058_SUN_9m_NH_highway_OW5_sunny_FHD,1,0,toward,True,35,0.0,0.0,0.0,0.0
Suwon_CH05_20201011_2058_SUN_9m_NH_highway_OW5_sunny_FHD__view1,Suwon_CH05_20201011_2058_SUN_9m_NH_highway_OW5_sunny_FHD,2,0,toward,False,35,1.6,0.0197,0.0877,0.0125
Suwon_CH05_20201011_2058_SUN_9m_NH_highway_OW5_sunny_FHD__view1,Suwon_CH05_20201011_2058_SUN_9m_NH_highway_OW5_sunny_FHD,3,0,toward,False,35,1.49,0.0345,0.1283,0.014
Suwon_CH05_20201011_2058_SUN_9m_NH_highway_OW5_sunny_FHD__view1,Suwon_CH05_20201011_2058_SUN_9m_NH_highway_OW5_sunny_FHD,4,0,toward,False,35,1.69,0.0405,0.1022,0.0315
Suwon_CH05_20201011_2058_SUN_9m_NH_highway_OW5_sunny_FHD__view1,Suwon_CH05_20201011_2058_SUN_9m_NH_highway_OW5_sunny_FHD,5,0,toward,False,35,1.29,0.0522,0.1443,0.037
Suwon_CH05_20201011_2058_SUN_9m_NH_highway_OW5_sunny_FHD__view1,Suwon_CH05_20201011_2058_SUN_9m_NH_highway_OW5_sunny_FHD,6,0,toward,False,35,0.66,0.0207,0.0657,0.0208
Suwon_CH06_20200720_1800_MON_9m_NH_highway_OW5_sunny_FHD__view0,Suwon_CH06_20200720_1800_MON_9m_NH_highway_OW5_sunny_FHD,1,0,toward,True,55,0.0,0.0,0.0,0.0
Suwon_CH06_20200720_1800_MON_9m_NH_highway_OW5_sunny_FHD__view0,Suwon_CH06_20200720_1800_MON_9m_NH_highway_OW5_sunny_FHD,2,0,toward,False,55,3.04,0.1175,0.2563,0.0876
Suwon_CH06_20200720_1800_MON_9m_NH_highway_OW5_sunny_FHD__view0,Suwon_CH06_20200720_1800_MON_9m_NH_highway_OW5_sunny_FHD,3,0,toward,False,55,3.44,0.1291,0.3027,0.0977
Suwon_CH06_20200720_1800_MON_9m_NH_highway_OW5_sunny_FHD__view0,Suwon_CH06_20200720_1800_MON_9m_NH_highway_OW5_sunny_FHD,4,0,toward,False,55,3.09,0.1194,0.1947,0.1111
Suwon_CH06_20200720_1800_MON_9m_NH_highway_OW5_sunny_FHD__view0,Suwon_CH06_20200720_1800_MON_9m_NH_highway_OW5_sunny_FHD,5,0,toward,False,55,3.16,0.1385,0.2332,0.1029
Suwon_CH06_20200720_1800_MON_9m_NH_highway_OW5_sunny_FHD__view0,Suwon_CH06_20200720_1800_MON_9m_NH_highway_OW5_sunny_FHD,6,0,toward,False,55,2.2,0.0936,0.1662,0.0927
Suwon_CH06_20200720_1800_MON_9m_NH_highway_OW5_sunny_FHD__view1,Suwon_CH06_20200720_1800_MON_9m_NH_highway_OW5_sunny_FHD,1,0,toward,True,52,0.0,0.0,0.0,0.0
Suwon_CH06_20200720_1800_MON_9m_NH_highway_OW5_sunny_FHD__view1,Suwon_CH06_20200720_1800_MON_9m_NH_highway_OW5_sunny_FHD,2,0,toward,False,52,1.54,0.0462,0.1378,0.0273
Suwon_CH06_20200720_1800_MON_9m_NH_highway_OW5_sunny_FHD__view1,Suwon_CH06_20200720_1800_MON_9m_NH_highway_OW5_sunny_FHD,3,0,toward,False,52,1.81,0.0368,0.1036,0.0313
Suwon_CH06_20200720_1800_MON_9m_NH_highway_OW5_sunny_FHD__view1,Suwon_CH06_20200720_1800_MON_9m_NH_highway_OW5_sunny_FHD,4,0,toward,False,52,1.46,0.0378,0.0944,0.0372
Suwon_CH06_20200720_1800_MON_9m_NH_highway_OW5_sunny_FHD__view1,Suwon_CH06_20200720_1800_MON_9m_NH_highway_OW5_sunny_FHD,5,0,toward,False,52,1.85,0.0792,0.1628,0.0628
Suwon_CH06_20200720_1800_MON_9m_NH_highway_OW5_sunny_FHD__view1,Suwon_CH06_20200720_1800_MON_9m_NH_highway_OW5_sunny_FHD,6,0,toward,False,52,1.12,0.0856,0.2054,0.0582
Suwon_CH06_20200721_1630_TUE_9m_NH_highway_OW5_sunny_FHD__view0,Suwon_CH06_20200721_1630_TUE_9m_NH_highway_OW5_sunny_FHD,1,0,toward,True,45,0.0,0.0,0.0,0.0
Suwon_CH06_20200721_1630_TUE_9m_NH_highway_OW5_sunny_FHD__view0,Suwon_CH06_20200721_1630_TUE_9m_NH_highway_OW5_sunny_FHD,2,0,toward,False,45,4.29,0.1608,0.3382,0.1406
Suwon_CH06_20200721_1630_TUE_9m_NH_highway_OW5_sunny_FHD__view0,Suwon_CH06_20200721_1630_TUE_9m_NH_highway_OW5_sunny_FHD,3,0,toward,False,45,4.04,0.1824,0.3245,0.1388
Suwon_CH06_20200721_1630_TUE_9m_NH_highway_OW5_sunny_FHD__view0,Suwon_CH06_20200721_1630_TUE_9m_NH_highway_OW5_sunny_FHD,4,0,toward,False,45,3.87,0.1395,0.2215,0.1313
Suwon_CH06_20200721_1630_TUE_9m_NH_highway_OW5_sunny_FHD__view0,Suwon_CH06_20200721_1630_TUE_9m_NH_highway_OW5_sunny_FHD,5,0,toward,False,45,3.22,0.138,0.2284,0.1145
Suwon_CH06_20200721_1630_TUE_9m_NH_highway_OW5_sunny_FHD__view0,Suwon_CH06_20200721_1630_TUE_9m_NH_highway_OW5_sunny_FHD,6,0,toward,False,45,2.29,0.0962,0.1611,0.093
Suwon_CH06_20200721_1630_TUE_9m_NH_highway_OW5_sunny_FHD__view1,Suwon_CH06_20200721_1630_TUE_9m_NH_highway_OW5_sunny_FHD,1,0,toward,True,39,0.0,0.0,0.0,0.0
Suwon_CH06_20200721_1630_TUE_9m_NH_highway_OW5_sunny_FHD__view1,Suwon_CH06_20200721_1630_TUE_9m_NH_highway_OW5_sunny_FHD,2,0,toward,False,39,1.87,0.0448,0.141,0.0412
Suwon_CH06_20200721_1630_TUE_9m_NH_highway_OW5_sunny_FHD__view1,Suwon_CH06_20200721_1630_TUE_9m_NH_highway_OW5_sunny_FHD,3,0,toward,False,39,1.9,0.1041,0.293,0.0632
Suwon_CH06_20200721_1630_TUE_9m_NH_highway_OW5_sunny_FHD__view1,Suwon_CH06_20200721_1630_TUE_9m_NH_highway_OW5_sunny_FHD,4,0,toward,False,39,1.69,0.0707,0.1563,0.062
Suwon_CH06_20200721_1630_TUE_9m_NH_highway_OW5_sunny_FHD__view1,Suwon_CH06_20200721_1630_TUE_9m_NH_highway_OW5_sunny_FHD,5,0,toward,False,39,1.79,0.0703,0.1394,0.0538
Suwon_CH06_20200721_1630_TUE_9m_NH_highway_OW5_sunny_FHD__view1,Suwon_CH06_20200721_1630_TUE_9m_NH_highway_OW5_sunny_FHD,6,0,toward,False,39,1.08,0.0628,0.1436,0.0578
Suwon_CH06_20200722_1430_WED_9m_NH_highway_OW5_rainy_FHD__view0,Suwon_CH06_20200722_1430_WED_9m_NH_highway_OW5_rainy_FHD,1,0,toward,True,22,0.18,0.0,0.0,0.0004
Suwon_CH06_20200722_1430_WED_9m_NH_highway_OW5_rainy_FHD__view0,Suwon_CH06_20200722_1430_WED_9m_NH_highway_OW5_rainy_FHD,2,0,toward,False,22,1.14,0.0477,0.1496,0.0553
Suwon_CH06_20200722_1430_WED_9m_NH_highway_OW5_rainy_FHD__view0,Suwon_CH06_20200722_1430_WED_9m_NH_highway_OW5_rainy_FHD,3,0,toward,False,22,1.09,0.0394,0.1389,0.0221
Suwon_CH06_20200722_1430_WED_9m_NH_highway_OW5_rainy_FHD__view0,Suwon_CH06_20200722_1430_WED_9m_NH_highway_OW5_rainy_FHD,4,0,toward,False,22,1.14,0.0758,0.2211,0.0735
Suwon_CH06_20200722_1430_WED_9m_NH_highway_OW5_rainy_FHD__view0,Suwon_CH06_20200722_1430_WED_9m_NH_highway_OW5_rainy_FHD,5,0,toward,False,22,1.14,0.0526,0.0991,0.0486
Suwon_CH06_20200722_1430_WED_9m_NH_highway_OW5_rainy_FHD__view0,Suwon_CH06_20200722_1430_WED_9m_NH_highway_OW5_rainy_FHD,6,0,toward,False,22,0.64,0.0282,0.0785,0.0212
Suwon_CH06_20200722_1430_WED_9m_NH_highway_OW5_rainy_FHD__view1,Suwon_CH06_20200722_1430_WED_9m_NH_highway_OW5_rainy_FHD,1,0,toward,True,21,0.0,0.0,0.0,0.0
Suwon_CH06_20200722_1430_WED_9m_NH_highway_OW5_rainy_FHD__view1,Suwon_CH06_20200722_1430_WED_9m_NH_highway_OW5_rainy_FHD,2,0,toward,False,21,2.43,0.1086,0.2347,0.1156
Suwon_CH06_20200722_1430_WED_9m_NH_highway_OW5_rainy_FHD__view1,Suwon_CH06_20200722_1430_WED_9m_NH_highway_OW5_rainy_FHD,3,0,toward,False,21,3.0,0.1516,0.3145,0.1272
Suwon_CH06_20200722_1430_WED_9m_NH_highway_OW5_rainy_FHD__view1,Suwon_CH06_20200722_1430_WED_9m_NH_highway_OW5_rainy_FHD,4,0,toward,False,21,2.52,0.1365,0.2308,0.1195
Suwon_CH06_20200722_1430_WED_9m_NH_highway_OW5_rainy_FHD__view1,Suwon_CH06_20200722_1430_WED_9m_NH_highway_OW5_rainy_FHD,5,0,toward,False,21,2.81,0.1112,0.1806,0.1155
Suwon_CH06_20200722_1430_WED_9m_NH_highway_OW5_rainy_FHD__view1,Suwon_CH06_20200722_1430_WED_9m_NH_highway_OW5_rainy_FHD,6,0,toward,False,21,1.81,0.0579,0.137,0.0627
Suwon_CH06_20201010_1932_SAT_9m_NH_highway_OW5_sunny_FHD__view0,Suwon_CH06_20201010_1932_SAT_9m_NH_highway_OW5_sunny_FHD,1,0,toward,False,35,0.0,0.0,0.0,0.0
Suwon_CH06_20201010_1932_SAT_9m_NH_highway_OW5_sunny_FHD__view0,Suwon_CH06_20201010_1932_SAT_9m_NH_highway_OW5_sunny_FHD,2,0,toward,False,35,1.97,0.1292,0.2745,0.1735
Suwon_CH06_20201010_1932_SAT_9m_NH_highway_OW5_sunny_FHD__view0,Suwon_CH06_20201010_1932_SAT_9m_NH_highway_OW5_sunny_FHD,3,0,toward,False,35,2.63,0.2896,0.4412,0.2082
Suwon_CH06_20201010_1932_SAT_9m_NH_highway_OW5_sunny_FHD__view0,Suwon_CH06_20201010_1932_SAT_9m_NH_highway_OW5_sunny_FHD,4,1,away,False,35,0.0,0.0,0.0,0.0
Suwon_CH06_20201010_1932_SAT_9m_NH_highway_OW5_sunny_FHD__view0,Suwon_CH06_20201010_1932_SAT_9m_NH_highway_OW5_sunny_FHD,5,1,away,False,35,1.6,0.1031,0.1796,0.1184
Suwon_CH06_20201010_1932_SAT_9m_NH_highway_OW5_sunny_FHD__view0,Suwon_CH06_20201010_1932_SAT_9m_NH_highway_OW5_sunny_FHD,6,1,away,False,35,2.46,0.2589,0.3709,0.2325
Suwon_CH06_20201010_1932_SAT_9m_NH_highway_OW5_sunny_FHD__view0,Suwon_CH06_20201010_1932_SAT_9m_NH_highway_OW5_sunny_FHD,7,1,away,False,35,5.2,0.2038,0.3251,0.2063
Suwon_CH06_20201010_1932_SAT_9m_NH_highway_OW5_sunny_FHD__view1,Suwon_CH06_20201010_1932_SAT_9m_NH_highway_OW5_sunny_FHD,1,0,away,True,33,3.82,0.0494,0.1292,0.0346
Suwon_CH06_20201010_1932_SAT_9m_NH_highway_OW5_sunny_FHD__view1,Suwon_CH06_20201010_1932_SAT_9m_NH_highway_OW5_sunny_FHD,2,0,away,False,33,3.42,0.05,0.0951,0.0314
Suwon_CH06_20201010_1932_SAT_9m_NH_highway_OW5_sunny_FHD__view1,Suwon_CH06_20201010_1932_SAT_9m_NH_highway_OW5_sunny_FHD,3,0,away,False,33,0.0,0.0,0.0,0.0
Suwon_CH06_20201010_1932_SAT_9m_NH_highway_OW5_sunny_FHD__view1,Suwon_CH06_20201010_1932_SAT_9m_NH_highway_OW5_sunny_FHD,4,0,away,False,33,0.0,0.0,0.0,0.0
Suwon_CH06_20201010_1932_SAT_9m_NH_highway_OW5_sunny_FHD__view1,Suwon_CH06_20201010_1932_SAT_9m_NH_highway_OW5_sunny_FHD,5,0,away,False,33,0.0,0.0,0.0,0.0
Suwon_CH06_20201010_1932_SAT_9m_NH_highway_OW5_sunny_FHD__view1,Suwon_CH06_20201010_1932_SAT_9m_NH_highway_OW5_sunny_FHD,6,0,away,False,33,0.0,0.0,0.0,0.0
Suwon_CH06_20201010_1932_SAT_9m_NH_highway_OW5_sunny_FHD__view2,Suwon_CH06_20201010_1932_SAT_9m_NH_highway_OW5_sunny_FHD,1,0,toward,False,32,2.16,0.0317,0.0906,0.0539
Suwon_CH06_20201010_1932_SAT_9m_NH_highway_OW5_sunny_FHD__view2,Suwon_CH06_20201010_1932_SAT_9m_NH_highway_OW5_sunny_FHD,2,0,toward,False,32,4.69,0.0751,0.1649,0.1131
Suwon_CH06_20201010_1932_SAT_9m_NH_highway_OW5_sunny_FHD__view2,Suwon_CH06_20201010_1932_SAT_9m_NH_highway_OW5_sunny_FHD,3,0,toward,False,32,5.72,0.1968,0.3006,0.1429
Suwon_CH06_20201010_1932_SAT_9m_NH_highway_OW5_sunny_FHD__view2,Suwon_CH06_20201010_1932_SAT_9m_NH_highway_OW5_sunny_FHD,4,1,away,False,32,1.53,0.052,0.163,0.0732
Suwon_CH06_20201010_1932_SAT_9m_NH_highway_OW5_sunny_FHD__view2,Suwon_CH06_20201010_1932_SAT_9m_NH_highway_OW5_sunny_FHD,5,1,away,False,32,1.28,0.0914,0.2394,0.0672
Suwon_CH06_20201010_1932_SAT_9m_NH_highway_OW5_sunny_FHD__view2,Suwon_CH06_20201010_1932_SAT_9m_NH_highway_OW5_sunny_FHD,6,1,away,False,32,1.53,0.1543,0.3044,0.1284
Suwon_CH06_20201010_1932_SAT_9m_NH_highway_OW5_sunny_FHD__view2,Suwon_CH06_20201010_1932_SAT_9m_NH_highway_OW5_sunny_FHD,7,1,away,False,32,2.25,0.1064,0.1681,0.0898
Suwon_CH06_20201012_2012_MON_9m_NH_highway_OW5_sunny_FHD,Suwon_CH06_20201012_2012_MON_9m_NH_highway_OW5_sunny_FHD,1,0,away,False,109,0.81,0.0277,0.0744,0.0192
Suwon_CH06_20201012_2012_MON_9m_NH_highway_OW5_sunny_FHD,Suwon_CH06_20201012_2012_MON_9m_NH_highway_OW5_sunny_FHD,2,0,away,False,109,2.9,0.0308,0.0637,0.0282
Suwon_CH06_20201012_2012_MON_9m_NH_highway_OW5_sunny_FHD,Suwon_CH06_20201012_2012_MON_9m_NH_highway_OW5_sunny_FHD,3,0,away,False,109,1.58,0.0264,0.087,0.0199
Suwon_CH06_20201012_2012_MON_9m_NH_highway_OW5_sunny_FHD,Suwon_CH06_20201012_2012_MON_9m_NH_highway_OW5_sunny_FHD,4,0,away,False,109,1.17,0.0381,0.0945,0.0272
Suwon_CH06_20201012_2012_MON_9m_NH_highway_OW5_sunny_FHD,Suwon_CH06_20201012_2012_MON_9m_NH_highway_OW5_sunny_FHD,5,0,away,True,109,0.0,0.0,0.0,0.0
Suwon_CH07_20200720_1800_MON_9m_NH_highway_OW5_sunny_FHD__view0,Suwon_CH07_20200720_1800_MON_9m_NH_highway_OW5_sunny_FHD,1,0,away,False,38,3.76,0.1392,0.2387,0.2003
Suwon_CH07_20200720_1800_MON_9m_NH_highway_OW5_sunny_FHD__view0,Suwon_CH07_20200720_1800_MON_9m_NH_highway_OW5_sunny_FHD,2,0,away,False,38,5.21,0.1809,0.2721,0.2326
Suwon_CH07_20200720_1800_MON_9m_NH_highway_OW5_sunny_FHD__view0,Suwon_CH07_20200720_1800_MON_9m_NH_highway_OW5_sunny_FHD,3,0,away,False,38,4.89,0.2142,0.2855,0.2121
Suwon_CH07_20200720_1800_MON_9m_NH_highway_OW5_sunny_FHD__view0,Suwon_CH07_20200720_1800_MON_9m_NH_highway_OW5_sunny_FHD,4,0,away,False,38,5.58,0.1912,0.2838,0.1691
Suwon_CH07_20200720_1800_MON_9m_NH_highway_OW5_sunny_FHD__view0,Suwon_CH07_20200720_1800_MON_9m_NH_highway_OW5_sunny_FHD,5,0,away,False,38,5.87,0.1993,0.3625,0.1718
Suwon_CH07_20200720_1800_MON_9m_NH_highway_OW5_sunny_FHD__view0,Suwon_CH07_20200720_1800_MON_9m_NH_highway_OW5_sunny_FHD,6,0,away,True,38,0.0,0.0,0.0,0.0
Suwon_CH07_20200720_1800_MON_9m_NH_highway_OW5_sunny_FHD__view1,Suwon_CH07_20200720_1800_MON_9m_NH_highway_OW5_sunny_FHD,1,0,away,False,37,3.22,0.0779,0.1335,0.063
Suwon_CH07_20200720_1800_MON_9m_NH_highway_OW5_sunny_FHD__view1,Suwon_CH07_20200720_1800_MON_9m_NH_highway_OW5_sunny_FHD,2,0,away,False,37,2.49,0.0691,0.1748,0.0507
Suwon_CH07_20200720_1800_MON_9m_NH_highway_OW5_sunny_FHD__view1,Suwon_CH07_20200720_1800_MON_9m_NH_highway_OW5_sunny_FHD,3,0,away,False,37,2.41,0.0429,0.1177,0.0434
Suwon_CH07_20200720_1800_MON_9m_NH_highway_OW5_sunny_FHD__view1,Suwon_CH07_20200720_1800_MON_9m_NH_highway_OW5_sunny_FHD,4,0,away,False,37,2.0,0.0457,0.1304,0.036
Suwon_CH07_20200720_1800_MON_9m_NH_highway_OW5_sunny_FHD__view1,Suwon_CH07_20200720_1800_MON_9m_NH_highway_OW5_sunny_FHD,5,0,away,True,37,0.35,0.0052,0.0,0.0089
Suwon_CH07_20200720_1800_MON_9m_NH_highway_OW5_sunny_FHD__view2,Suwon_CH07_20200720_1800_MON_9m_NH_highway_OW5_sunny_FHD,1,0,away,False,35,25.66,0.2027,0.272,0.1248
Suwon_CH07_20200721_1730_TUE_9m_NH_highway_OW5_sunny_FHD__view0,Suwon_CH07_20200721_1730_TUE_9m_NH_highway_OW5_sunny_FHD,1,0,away,False,38,28.0,0.2502,0.3211,0.1594
Suwon_CH07_20200721_1730_TUE_9m_NH_highway_OW5_sunny_FHD__view1,Suwon_CH07_20200721_1730_TUE_9m_NH_highway_OW5_sunny_FHD,1,0,away,False,37,2.73,0.112,0.1787,0.168
Suwon_CH07_20200721_1730_TUE_9m_NH_highway_OW5_sunny_FHD__view1,Suwon_CH07_20200721_1730_TUE_9m_NH_highway_OW5_sunny_FHD,2,0,away,False,37,4.76,0.1621,0.2621,0.2279
Suwon_CH07_20200721_1730_TUE_9m_NH_highway_OW5_sunny_FHD__view1,Suwon_CH07_20200721_1730_TUE_9m_NH_highway_OW5_sunny_FHD,3,0,away,False,37,5.19,0.2137,0.2927,0.23
Suwon_CH07_20200721_1730_TUE_9m_NH_highway_OW5_sunny_FHD__view1,Suwon_CH07_20200721_1730_TUE_9m_NH_highway_OW5_sunny_FHD,4,0,away,False,37,6.86,0.2059,0.2771,0.1983
Suwon_CH07_20200721_1730_TUE_9m_NH_highway_OW5_sunny_FHD__view1,Suwon_CH07_20200721_1730_TUE_9m_NH_highway_OW5_sunny_FHD,5,0,away,False,37,6.57,0.2278,0.3718,0.1844
Suwon_CH07_20200721_1730_TUE_9m_NH_highway_OW5_sunny_FHD__view1,Suwon_CH07_20200721_1730_TUE_9m_NH_highway_OW5_sunny_FHD,6,0,away,True,37,0.03,0.0061,0.0,0.0018
Suwon_CH07_20200721_1730_TUE_9m_NH_highway_OW5_sunny_FHD__view2,Suwon_CH07_20200721_1730_TUE_9m_NH_highway_OW5_sunny_FHD,1,0,away,False,30,4.2,0.0791,0.1294,0.0797
Suwon_CH07_20200721_1730_TUE_9m_NH_highway_OW5_sunny_FHD__view2,Suwon_CH07_20200721_1730_TUE_9m_NH_highway_OW5_sunny_FHD,2,0,away,False,30,2.97,0.0915,0.1797,0.0722
Suwon_CH07_20200721_1730_TUE_9m_NH_highway_OW5_sunny_FHD__view2,Suwon_CH07_20200721_1730_TUE_9m_NH_highway_OW5_sunny_FHD,3,0,away,False,30,3.0,0.0692,0.2166,0.0706
Suwon_CH07_20200721_1730_TUE_9m_NH_highway_OW5_sunny_FHD__view2,Suwon_CH07_20200721_1730_TUE_9m_NH_highway_OW5_sunny_FHD,4,0,away,False,30,3.13,0.0562,0.1205,0.0534
Suwon_CH07_20200721_1730_TUE_9m_NH_highway_OW5_sunny_FHD__view2,Suwon_CH07_20200721_1730_TUE_9m_NH_highway_OW5_sunny_FHD,5,0,away,True,30,0.07,0.0,0.0,0.0
Suwon_CH07_20200722_1500_WED_9m_NH_highway_OW5_rainy_FHD__view0,Suwon_CH07_20200722_1500_WED_9m_NH_highway_OW5_rainy_FHD,1,0,away,False,15,1.33,0.0666,0.1417,0.1001
Suwon_CH07_20200722_1500_WED_9m_NH_highway_OW5_rainy_FHD__view0,Suwon_CH07_20200722_1500_WED_9m_NH_highway_OW5_rainy_FHD,2,0,away,False,15,2.47,0.0908,0.1521,0.157
Suwon_CH07_20200722_1500_WED_9m_NH_highway_OW5_rainy_FHD__view0,Suwon_CH07_20200722_1500_WED_9m_NH_highway_OW5_rainy_FHD,3,0,away,False,15,3.2,0.123,0.222,0.1543
Suwon_CH07_20200722_1500_WED_9m_NH_highway_OW5_rainy_FHD__view0,Suwon_CH07_20200722_1500_WED_9m_NH_highway_OW5_rainy_FHD,4,0,away,False,15,5.2,0.1687,0.2455,0.1997
Suwon_CH07_20200722_1500_WED_9m_NH_highway_OW5_rainy_FHD__view0,Suwon_CH07_20200722_1500_WED_9m_NH_highway_OW5_rainy_FHD,5,0,away,False,15,4.67,0.2151,0.3755,0.1581
Suwon_CH07_20200722_1500_WED_9m_NH_highway_OW5_rainy_FHD__view0,Suwon_CH07_20200722_1500_WED_9m_NH_highway_OW5_rainy_FHD,6,0,away,True,15,0.0,0.0,0.0,0.0
Suwon_CH07_20200722_1500_WED_9m_NH_highway_OW5_rainy_FHD__view1,Suwon_CH07_20200722_1500_WED_9m_NH_highway_OW5_rainy_FHD,1,0,away,False,13,4.23,0.0775,0.1288,0.0771
Suwon_CH07_20200722_1500_WED_9m_NH_highway_OW5_rainy_FHD__view1,Suwon_CH07_20200722_1500_WED_9m_NH_highway_OW5_rainy_FHD,2,0,away,False,13,2.46,0.0842,0.1848,0.0833
Suwon_CH07_20200722_1500_WED_9m_NH_highway_OW5_rainy_FHD__view1,Suwon_CH07_20200722_1500_WED_9m_NH_highway_OW5_rainy_FHD,3,0,away,False,13,2.23,0.0522,0.1371,0.0411
Suwon_CH07_20200722_1500_WED_9m_NH_highway_OW5_rainy_FHD__view1,Suwon_CH07_20200722_1500_WED_9m_NH_highway_OW5_rainy_FHD,4,0,away,False,13,2.0,0.0829,0.201,0.0822
Suwon_CH07_20200722_1500_WED_9m_NH_highway_OW5_rainy_FHD__view1,Suwon_CH07_20200722_1500_WED_9m_NH_highway_OW5_rainy_FHD,5,0,away,True,13,0.0,0.0,0.0,0.0
Suwon_CH07_20200722_1500_WED_9m_NH_highway_OW5_rainy_FHD__view2,Suwon_CH07_20200722_1500_WED_9m_NH_highway_OW5_rainy_FHD,1,0,away,False,13,18.38,0.1938,0.265,0.1614
Suwon_CH07_20201010_1938_SAT_9m_NH_highway_OW5_sunny_FHD__view0,Suwon_CH07_20201010_1938_SAT_9m_NH_highway_OW5_sunny_FHD,1,0,away,False,29,18.48,0.1433,0.181,0.1072
Suwon_CH07_20201010_1938_SAT_9m_NH_highway_OW5_sunny_FHD__view1,Suwon_CH07_20201010_1938_SAT_9m_NH_highway_OW5_sunny_FHD,1,0,away,False,28,0.39,0.0166,0.0514,0.0245
Suwon_CH07_20201010_1938_SAT_9m_NH_highway_OW5_sunny_FHD__view1,Suwon_CH07_20201010_1938_SAT_9m_NH_highway_OW5_sunny_FHD,2,0,away,False,28,3.82,0.1165,0.1751,0.2187
Suwon_CH07_20201010_1938_SAT_9m_NH_highway_OW5_sunny_FHD__view1,Suwon_CH07_20201010_1938_SAT_9m_NH_highway_OW5_sunny_FHD,3,0,away,False,28,4.89,0.1506,0.2276,0.2141
Suwon_CH07_20201010_1938_SAT_9m_NH_highway_OW5_sunny_FHD__view1,Suwon_CH07_20201010_1938_SAT_9m_NH_highway_OW5_sunny_FHD,4,0,away,False,28,6.93,0.2062,0.2679,0.1938
Suwon_CH07_20201010_1938_SAT_9m_NH_highway_OW5_sunny_FHD__view1,Suwon_CH07_20201010_1938_SAT_9m_NH_highway_OW5_sunny_FHD,5,0,away,False,28,5.96,0.2619,0.3898,0.1966
Suwon_CH07_20201010_1938_SAT_9m_NH_highway_OW5_sunny_FHD__view1,Suwon_CH07_20201010_1938_SAT_9m_NH_highway_OW5_sunny_FHD,6,0,away,True,28,0.04,0.0002,0.0,0.0
Suwon_CH07_20201010_1938_SAT_9m_NH_highway_OW5_sunny_FHD__view2,Suwon_CH07_20201010_1938_SAT_9m_NH_highway_OW5_sunny_FHD,1,0,away,False,27,3.41,0.0788,0.1369,0.0735
Suwon_CH07_20201010_1938_SAT_9m_NH_highway_OW5_sunny_FHD__view2,Suwon_CH07_20201010_1938_SAT_9m_NH_highway_OW5_sunny_FHD,2,0,away,False,27,3.52,0.0663,0.1013,0.0741
Suwon_CH07_20201010_1938_SAT_9m_NH_highway_OW5_sunny_FHD__view2,Suwon_CH07_20201010_1938_SAT_9m_NH_highway_OW5_sunny_FHD,3,0,away,False,27,3.63,0.0758,0.1547,0.0664
Suwon_CH07_20201010_1938_SAT_9m_NH_highway_OW5_sunny_FHD__view2,Suwon_CH07_20201010_1938_SAT_9m_NH_highway_OW5_sunny_FHD,4,0,away,False,27,3.07,0.0815,0.1443,0.0468
Suwon_CH07_20201010_1938_SAT_9m_NH_highway_OW5_sunny_FHD__view2,Suwon_CH07_20201010_1938_SAT_9m_NH_highway_OW5_sunny_FHD,5,0,away,True,27,0.04,0.0,0.0,0.0
Suwon_CH07_20201012_1955_MON_9m_NH_highway_OW5_sunny_FHD__view0,Suwon_CH07_20201012_1955_MON_9m_NH_highway_OW5_sunny_FHD,1,0,away,False,55,2.13,0.0374,0.0836,0.0326
Suwon_CH07_20201012_1955_MON_9m_NH_highway_OW5_sunny_FHD__view0,Suwon_CH07_20201012_1955_MON_9m_NH_highway_OW5_sunny_FHD,2,0,away,False,55,1.65,0.0247,0.077,0.0237
Suwon_CH07_20201012_1955_MON_9m_NH_highway_OW5_sunny_FHD__view0,Suwon_CH07_20201012_1955_MON_9m_NH_highway_OW5_sunny_FHD,3,0,away,False,55,1.56,0.0495,0.137,0.028
Suwon_CH07_20201012_1955_MON_9m_NH_highway_OW5_sunny_FHD__view0,Suwon_CH07_20201012_1955_MON_9m_NH_highway_OW5_sunny_FHD,4,0,away,False,55,1.15,0.0247,0.105,0.0169
Suwon_CH07_20201012_1955_MON_9m_NH_highway_OW5_sunny_FHD__view0,Suwon_CH07_20201012_1955_MON_9m_NH_highway_OW5_sunny_FHD,5,0,away,True,55,0.02,0.0,0.0,0.0001
Suwon_CH07_20201012_1955_MON_9m_NH_highway_OW5_sunny_FHD__view1,Suwon_CH07_20201012_1955_MON_9m_NH_highway_OW5_sunny_FHD,1,0,away,False,50,14.08,0.1208,0.197,0.0956
Suwon_CH07_20201012_1955_MON_9m_NH_highway_OW5_sunny_FHD__view2,Suwon_CH07_20201012_1955_MON_9m_NH_highway_OW5_sunny_FHD,1,0,away,False,45,1.93,0.0738,0.1463,0.1118
Suwon_CH07_20201012_1955_MON_9m_NH_highway_OW5_sunny_FHD__view2,Suwon_CH07_20201012_1955_MON_9m_NH_highway_OW5_sunny_FHD,2,0,away,False,45,3.49,0.113,0.1843,0.157
Suwon_CH07_20201012_1955_MON_9m_NH_highway_OW5_sunny_FHD__view2,Suwon_CH07_20201012_1955_MON_9m_NH_highway_OW5_sunny_FHD,3,0,away,False,45,4.02,0.1603,0.263,0.2
Suwon_CH07_20201012_1955_MON_9m_NH_highway_OW5_sunny_FHD__view2,Suwon_CH07_20201012_1955_MON_9m_NH_highway_OW5_sunny_FHD,4,0,away,False,45,4.73,0.1935,0.3158,0.1551
Suwon_CH07_20201012_1955_MON_9m_NH_highway_OW5_sunny_FHD__view2,Suwon_CH07_20201012_1955_MON_9m_NH_highway_OW5_sunny_FHD,5,0,away,False,45,4.04,0.1699,0.4118,0.156
Suwon_CH07_20201012_1955_MON_9m_NH_highway_OW5_sunny_FHD__view2,Suwon_CH07_20201012_1955_MON_9m_NH_highway_OW5_sunny_FHD,6,0,away,True,45,0.0,0.0,0.0,0.0
Suwon_CH08_20200720_1830_MON_9m_NH_highway_OW5_sunny_FHD__view0,Suwon_CH08_20200720_1830_MON_9m_NH_highway_OW5_sunny_FHD,1,0,toward,True,82,0.59,0.0,0.0,0.0002
Suwon_CH08_20200720_1830_MON_9m_NH_highway_OW5_sunny_FHD__view0,Suwon_CH08_20200720_1830_MON_9m_NH_highway_OW5_sunny_FHD,2,0,toward,False,82,3.95,0.1256,0.3377,0.1082
Suwon_CH08_20200720_1830_MON_9m_NH_highway_OW5_sunny_FHD__view0,Suwon_CH08_20200720_1830_MON_9m_NH_highway_OW5_sunny_FHD,3,0,toward,False,82,4.66,0.1467,0.265,0.0998
Suwon_CH08_20200720_1830_MON_9m_NH_highway_OW5_sunny_FHD__view0,Suwon_CH08_20200720_1830_MON_9m_NH_highway_OW5_sunny_FHD,4,0,toward,False,82,4.13,0.1383,0.258,0.1161
Suwon_CH08_20200720_1830_MON_9m_NH_highway_OW5_sunny_FHD__view0,Suwon_CH08_20200720_1830_MON_9m_NH_highway_OW5_sunny_FHD,5,0,toward,False,82,4.39,0.1694,0.2579,0.1294
Suwon_CH08_20200720_1830_MON_9m_NH_highway_OW5_sunny_FHD__view0,Suwon_CH08_20200720_1830_MON_9m_NH_highway_OW5_sunny_FHD,6,0,toward,False,82,3.84,0.1373,0.2551,0.1115
Suwon_CH08_20200720_1830_MON_9m_NH_highway_OW5_sunny_FHD__view1,Suwon_CH08_20200720_1830_MON_9m_NH_highway_OW5_sunny_FHD,1,0,toward,True,68,0.0,0.0,0.0,0.0
Suwon_CH08_20200720_1830_MON_9m_NH_highway_OW5_sunny_FHD__view1,Suwon_CH08_20200720_1830_MON_9m_NH_highway_OW5_sunny_FHD,2,0,toward,False,68,1.78,0.0315,0.1462,0.0195
Suwon_CH08_20200720_1830_MON_9m_NH_highway_OW5_sunny_FHD__view1,Suwon_CH08_20200720_1830_MON_9m_NH_highway_OW5_sunny_FHD,3,0,toward,False,68,2.34,0.0394,0.109,0.0363
Suwon_CH08_20200720_1830_MON_9m_NH_highway_OW5_sunny_FHD__view1,Suwon_CH08_20200720_1830_MON_9m_NH_highway_OW5_sunny_FHD,4,0,toward,False,68,2.24,0.0642,0.1665,0.0705
Suwon_CH08_20200720_1830_MON_9m_NH_highway_OW5_sunny_FHD__view1,Suwon_CH08_20200720_1830_MON_9m_NH_highway_OW5_sunny_FHD,5,0,toward,False,68,2.28,0.0626,0.1198,0.0552
Suwon_CH08_20200720_1830_MON_9m_NH_highway_OW5_sunny_FHD__view1,Suwon_CH08_20200720_1830_MON_9m_NH_highway_OW5_sunny_FHD,6,0,toward,False,68,1.35,0.0482,0.1125,0.0442
Suwon_CH08_20200721_1730_TUE_9m_NH_highway_OW5_sunny_FHD,Suwon_CH08_20200721_1730_TUE_9m_NH_highway_OW5_sunny_FHD,1,0,toward,True,114,0.39,0.0,0.0,0.0002
Suwon_CH08_20200721_1730_TUE_9m_NH_highway_OW5_sunny_FHD,Suwon_CH08_20200721_1730_TUE_9m_NH_highway_OW5_sunny_FHD,2,0,toward,False,114,4.99,0.1369,0.277,0.1275
Suwon_CH08_20200721_1730_TUE_9m_NH_highway_OW5_sunny_FHD,Suwon_CH08_20200721_1730_TUE_9m_NH_highway_OW5_sunny_FHD,3,0,toward,False,114,5.42,0.1684,0.314,0.1272
Suwon_CH08_20200721_1730_TUE_9m_NH_highway_OW5_sunny_FHD,Suwon_CH08_20200721_1730_TUE_9m_NH_highway_OW5_sunny_FHD,4,0,toward,False,114,5.43,0.1831,0.2954,0.1678
Suwon_CH08_20200721_1730_TUE_9m_NH_highway_OW5_sunny_FHD,Suwon_CH08_20200721_1730_TUE_9m_NH_highway_OW5_sunny_FHD,5,0,toward,False,114,5.11,0.1765,0.26,0.1543
Suwon_CH08_20200721_1730_TUE_9m_NH_highway_OW5_sunny_FHD,Suwon_CH08_20200721_1730_TUE_9m_NH_highway_OW5_sunny_FHD,6,0,toward,False,114,4.46,0.1518,0.2285,0.1349
Suwon_CH08_20200722_1500_WED_9m_NH_highway_OW5_rainy_FHD,Suwon_CH08_20200722_1500_WED_9m_NH_highway_OW5_rainy_FHD,1,0,toward,True,31,0.0,0.0,0.0,0.0
Suwon_CH08_20200722_1500_WED_9m_NH_highway_OW5_rainy_FHD,Suwon_CH08_20200722_1500_WED_9m_NH_highway_OW5_rainy_FHD,2,0,toward,False,31,3.06,0.165,0.3193,0.1259
Suwon_CH08_20200722_1500_WED_9m_NH_highway_OW5_rainy_FHD,Suwon_CH08_20200722_1500_WED_9m_NH_highway_OW5_rainy_FHD,3,0,toward,False,31,3.94,0.2059,0.333,0.1557
Suwon_CH08_20200722_1500_WED_9m_NH_highway_OW5_rainy_FHD,Suwon_CH08_20200722_1500_WED_9m_NH_highway_OW5_rainy_FHD,4,0,toward,False,31,3.26,0.1585,0.2505,0.1644
Suwon_CH08_20200722_1500_WED_9m_NH_highway_OW5_rainy_FHD,Suwon_CH08_20200722_1500_WED_9m_NH_highway_OW5_rainy_FHD,5,0,toward,False,31,2.32,0.0777,0.1617,0.115
Suwon_CH08_20200722_1500_WED_9m_NH_highway_OW5_rainy_FHD,Suwon_CH08_20200722_1500_WED_9m_NH_highway_OW5_rainy_FHD,6,0,toward,False,31,1.03,0.028,0.0603,0.0563
Suwon_CH08_20201010_1945_SAT_9m_NH_highway_OW5_sunny_FHD__view0,Suwon_CH08_20201010_1945_SAT_9m_NH_highway_OW5_sunny_FHD,1,0,toward,True,35,0.0,0.0,0.0,0.0
Suwon_CH08_20201010_1945_SAT_9m_NH_highway_OW5_sunny_FHD__view0,Suwon_CH08_20201010_1945_SAT_9m_NH_highway_OW5_sunny_FHD,2,0,toward,False,35,0.8,0.0057,0.0,0.0041
Suwon_CH08_20201010_1945_SAT_9m_NH_highway_OW5_sunny_FHD__view0,Suwon_CH08_20201010_1945_SAT_9m_NH_highway_OW5_sunny_FHD,3,0,toward,False,35,0.83,0.0072,0.0454,0.0101
Suwon_CH08_20201010_1945_SAT_9m_NH_highway_OW5_sunny_FHD__view0,Suwon_CH08_20201010_1945_SAT_9m_NH_highway_OW5_sunny_FHD,4,0,toward,False,35,0.6,0.0168,0.0653,0.0217
Suwon_CH08_20201010_1945_SAT_9m_NH_highway_OW5_sunny_FHD__view0,Suwon_CH08_20201010_1945_SAT_9m_NH_highway_OW5_sunny_FHD,5,0,toward,False,35,0.31,0.0059,0.0068,0.002
Suwon_CH08_20201010_1945_SAT_9m_NH_highway_OW5_sunny_FHD__view0,Suwon_CH08_20201010_1945_SAT_9m_NH_highway_OW5_sunny_FHD,6,0,toward,False,35,0.09,0.0003,0.0,0.0007
Suwon_CH08_20201010_1945_SAT_9m_NH_highway_OW5_sunny_FHD__view1,Suwon_CH08_20201010_1945_SAT_9m_NH_highway_OW5_sunny_FHD,1,0,unknown,True,35,0.0,0.0,0.0,0.0
Suwon_CH08_20201010_1945_SAT_9m_NH_highway_OW5_sunny_FHD__view1,Suwon_CH08_20201010_1945_SAT_9m_NH_highway_OW5_sunny_FHD,2,0,unknown,False,35,0.4,0.0125,0.0529,0.0135
Suwon_CH08_20201010_1945_SAT_9m_NH_highway_OW5_sunny_FHD__view1,Suwon_CH08_20201010_1945_SAT_9m_NH_highway_OW5_sunny_FHD,3,0,unknown,False,35,0.51,0.0165,0.0772,0.0168
Suwon_CH08_20201010_1945_SAT_9m_NH_highway_OW5_sunny_FHD__view1,Suwon_CH08_20201010_1945_SAT_9m_NH_highway_OW5_sunny_FHD,4,0,unknown,False,35,0.51,0.0162,0.0614,0.0225
Suwon_CH08_20201010_1945_SAT_9m_NH_highway_OW5_sunny_FHD__view1,Suwon_CH08_20201010_1945_SAT_9m_NH_highway_OW5_sunny_FHD,5,0,unknown,False,35,0.03,0.0018,0.0,0.0006
Suwon_CH08_20201010_1945_SAT_9m_NH_highway_OW5_sunny_FHD__view1,Suwon_CH08_20201010_1945_SAT_9m_NH_highway_OW5_sunny_FHD,6,0,unknown,False,35,0.0,0.0,0.0,0.0
Suwon_CH08_20201011_2149_SUN_9m_NH_highway_OW5_sunny_FHD__view0,Suwon_CH08_20201011_2149_SUN_9m_NH_highway_OW5_sunny_FHD,1,0,toward,True,50,0.0,0.0,0.0,0.0
Suwon_CH08_20201011_2149_SUN_9m_NH_highway_OW5_sunny_FHD__view0,Suwon_CH08_20201011_2149_SUN_9m_NH_highway_OW5_sunny_FHD,2,0,toward,False,50,0.04,0.0021,0.0,0.0037
Suwon_CH08_20201011_2149_SUN_9m_NH_highway_OW5_sunny_FHD__view0,Suwon_CH08_20201011_2149_SUN_9m_NH_highway_OW5_sunny_FHD,3,0,toward,False,50,0.12,0.0044,0.0002,0.0042
Suwon_CH08_20201011_2149_SUN_9m_NH_highway_OW5_sunny_FHD__view0,Suwon_CH08_20201011_2149_SUN_9m_NH_highway_OW5_sunny_FHD,4,0,toward,False,50,0.04,0.0015,0.0,0.0009
Suwon_CH08_20201011_2149_SUN_9m_NH_highway_OW5_sunny_FHD__view0,Suwon_CH08_20201011_2149_SUN_9m_NH_highway_OW5_sunny_FHD,5,0,toward,False,50,0.02,0.001,0.0,0.0005
Suwon_CH08_20201011_2149_SUN_9m_NH_highway_OW5_sunny_FHD__view0,Suwon_CH08_20201011_2149_SUN_9m_NH_highway_OW5_sunny_FHD,6,0,toward,False,50,0.0,0.0,0.0,0.0
Suwon_CH08_20201011_2149_SUN_9m_NH_highway_OW5_sunny_FHD__view1,Suwon_CH08_20201011_2149_SUN_9m_NH_highway_OW5_sunny_FHD,1,0,toward,True,50,0.0,0.0,0.0,0.0
Suwon_CH08_20201011_2149_SUN_9m_NH_highway_OW5_sunny_FHD__view1,Suwon_CH08_20201011_2149_SUN_9m_NH_highway_OW5_sunny_FHD,2,0,toward,False,50,0.18,0.0059,0.0,0.0022
Suwon_CH08_20201011_2149_SUN_9m_NH_highway_OW5_sunny_FHD__view1,Suwon_CH08_20201011_2149_SUN_9m_NH_highway_OW5_sunny_FHD,3,0,toward,False,50,0.32,0.0081,0.0026,0.0057
Suwon_CH08_20201011_2149_SUN_9m_NH_highway_OW5_sunny_FHD__view1,Suwon_CH08_20201011_2149_SUN_9m_NH_highway_OW5_sunny_FHD,4,0,toward,False,50,0.38,0.0067,0.0252,0.0065
Suwon_CH08_20201011_2149_SUN_9m_NH_highway_OW5_sunny_FHD__view1,Suwon_CH08_20201011_2149_SUN_9m_NH_highway_OW5_sunny_FHD,5,0,toward,False,50,0.26,0.0066,0.0213,0.0052
Suwon_CH08_20201011_2149_SUN_9m_NH_highway_OW5_sunny_FHD__view1,Suwon_CH08_20201011_2149_SUN_9m_NH_highway_OW5_sunny_FHD,6,0,toward,False,50,0.24,0.0047,0.0123,0.0058
Suwon_CH09_20200720_1900_MON_9m_NH_highway_OW5_sunny_FHD__view0,Suwon_CH09_20200720_1900_MON_9m_NH_highway_OW5_sunny_FHD,1,0,away,False,64,10.62,0.138,0.2168,0.1358
Suwon_CH09_20200720_1900_MON_9m_NH_highway_OW5_sunny_FHD__view0,Suwon_CH09_20200720_1900_MON_9m_NH_highway_OW5_sunny_FHD,2,0,away,False,64,4.53,0.1667,0.3441,0.1044
Suwon_CH09_20200720_1900_MON_9m_NH_highway_OW5_sunny_FHD__view0,Suwon_CH09_20200720_1900_MON_9m_NH_highway_OW5_sunny_FHD,3,0,away,False,64,3.16,0.0864,0.2126,0.0766
Suwon_CH09_20200720_1900_MON_9m_NH_highway_OW5_sunny_FHD__view0,Suwon_CH09_20200720_1900_MON_9m_NH_highway_OW5_sunny_FHD,4,0,away,True,64,0.11,0.0,0.0,0.0001
Suwon_CH09_20200720_1900_MON_9m_NH_highway_OW5_sunny_FHD__view1,Suwon_CH09_20200720_1900_MON_9m_NH_highway_OW5_sunny_FHD,1,0,toward,False,55,1.56,0.0506,0.1503,0.0432
Suwon_CH09_20200720_1900_MON_9m_NH_highway_OW5_sunny_FHD__view1,Suwon_CH09_20200720_1900_MON_9m_NH_highway_OW5_sunny_FHD,2,1,away,False,55,2.0,0.067,0.1486,0.0698
Suwon_CH09_20200720_1900_MON_9m_NH_highway_OW5_sunny_FHD__view1,Suwon_CH09_20200720_1900_MON_9m_NH_highway_OW5_sunny_FHD,3,1,away,False,55,2.04,0.0528,0.1337,0.0465
Suwon_CH09_20200720_1900_MON_9m_NH_highway_OW5_sunny_FHD__view1,Suwon_CH09_20200720_1900_MON_9m_NH_highway_OW5_sunny_FHD,4,1,away,False,55,2.07,0.0453,0.1302,0.0336
Suwon_CH09_20200720_1900_MON_9m_NH_highway_OW5_sunny_FHD__view1,Suwon_CH09_20200720_1900_MON_9m_NH_highway_OW5_sunny_FHD,5,1,away,False,55,1.45,0.0294,0.1243,0.0177
Suwon_CH09_20200720_1900_MON_9m_NH_highway_OW5_sunny_FHD__view1,Suwon_CH09_20200720_1900_MON_9m_NH_highway_OW5_sunny_FHD,6,1,away,True,55,0.0,0.0,0.0,0.0
Suwon_CH09_20200721_1730_TUE_9m_NH_highway_OW5_sunny_FHD__view0,Suwon_CH09_20200721_1730_TUE_9m_NH_highway_OW5_sunny_FHD,1,0,away,False,63,17.94,0.2336,0.3938,0.244
Suwon_CH09_20200721_1730_TUE_9m_NH_highway_OW5_sunny_FHD__view0,Suwon_CH09_20200721_1730_TUE_9m_NH_highway_OW5_sunny_FHD,2,0,away,False,63,5.56,0.1879,0.3408,0.1524
Suwon_CH09_20200721_1730_TUE_9m_NH_highway_OW5_sunny_FHD__view0,Suwon_CH09_20200721_1730_TUE_9m_NH_highway_OW5_sunny_FHD,3,0,away,False,63,4.75,0.1736,0.3533,0.1516
Suwon_CH09_20200721_1730_TUE_9m_NH_highway_OW5_sunny_FHD__view0,Suwon_CH09_20200721_1730_TUE_9m_NH_highway_OW5_sunny_FHD,4,0,away,True,63,0.0,0.0,0.0,0.0
Suwon_CH09_20200721_1730_TUE_9m_NH_highway_OW5_sunny_FHD__view1,Suwon_CH09_20200721_1730_TUE_9m_NH_highway_OW5_sunny_FHD,1,0,toward,False,59,3.71,0.1064,0.1873,0.0947
Suwon_CH09_20200721_1730_TUE_9m_NH_highway_OW5_sunny_FHD__view1,Suwon_CH09_20200721_1730_TUE_9m_NH_highway_OW5_sunny_FHD,2,1,away,False,59,3.07,0.1164,0.1957,0.1021
Suwon_CH09_20200721_1730_TUE_9m_NH_highway_OW5_sunny_FHD__view1,Suwon_CH09_20200721_1730_TUE_9m_NH_highway_OW5_sunny_FHD,3,1,away,False,59,3.02,0.0853,0.1687,0.0869
Suwon_CH09_20200721_1730_TUE_9m_NH_highway_OW5_sunny_FHD__view1,Suwon_CH09_20200721_1730_TUE_9m_NH_highway_OW5_sunny_FHD,4,1,away,False,59,3.81,0.0885,0.2321,0.0807
Suwon_CH09_20200721_1730_TUE_9m_NH_highway_OW5_sunny_FHD__view1,Suwon_CH09_20200721_1730_TUE_9m_NH_highway_OW5_sunny_FHD,5,1,away,False,59,3.25,0.059,0.1545,0.0634
Suwon_CH09_20200721_1730_TUE_9m_NH_highway_OW5_sunny_FHD__view1,Suwon_CH09_20200721_1730_TUE_9m_NH_highway_OW5_sunny_FHD,6,1,away,True,59,0.1,0.0,0.0,0.0
Suwon_CH09_20200722_1600_WED_9m_NH_highway_OW5_sunny_FHD__view0,Suwon_CH09_20200722_1600_WED_9m_NH_highway_OW5_sunny_FHD,1,0,away,False,38,16.87,0.2112,0.3106,0.2108
Suwon_CH09_20200722_1600_WED_9m_NH_highway_OW5_sunny_FHD__view0,Suwon_CH09_20200722_1600_WED_9m_NH_highway_OW5_sunny_FHD,2,0,away,False,38,5.26,0.1743,0.3443,0.1302
Suwon_CH09_20200722_1600_WED_9m_NH_highway_OW5_sunny_FHD__view0,Suwon_CH09_20200722_1600_WED_9m_NH_highway_OW5_sunny_FHD,3,0,away,False,38,3.89,0.1339,0.2525,0.1112
Suwon_CH09_20200722_1600_WED_9m_NH_highway_OW5_sunny_FHD__view0,Suwon_CH09_20200722_1600_WED_9m_NH_highway_OW5_sunny_FHD,4,0,away,True,38,0.0,0.0,0.0,0.0
Suwon_CH09_20200722_1600_WED_9m_NH_highway_OW5_sunny_FHD__view1,Suwon_CH09_20200722_1600_WED_9m_NH_highway_OW5_sunny_FHD,1,0,toward,False,36,2.78,0.0978,0.1563,0.08
Suwon_CH09_20200722_1600_WED_9m_NH_highway_OW5_sunny_FHD__view1,Suwon_CH09_20200722_1600_WED_9m_NH_highway_OW5_sunny_FHD,2,1,away,False,36,3.17,0.1003,0.157,0.0737
Suwon_CH09_20200722_1600_WED_9m_NH_highway_OW5_sunny_FHD__view1,Suwon_CH09_20200722_1600_WED_9m_NH_highway_OW5_sunny_FHD,3,1,away,False,36,2.89,0.0807,0.172,0.064
Suwon_CH09_20200722_1600_WED_9m_NH_highway_OW5_sunny_FHD__view1,Suwon_CH09_20200722_1600_WED_9m_NH_highway_OW5_sunny_FHD,4,1,away,False,36,3.5,0.0836,0.194,0.0694
Suwon_CH09_20200722_1600_WED_9m_NH_highway_OW5_sunny_FHD__view1,Suwon_CH09_20200722_1600_WED_9m_NH_highway_OW5_sunny_FHD,5,1,away,False,36,2.69,0.0735,0.1451,0.0444
Suwon_CH09_20200722_1600_WED_9m_NH_highway_OW5_sunny_FHD__view1,Suwon_CH09_20200722_1600_WED_9m_NH_highway_OW5_sunny_FHD,6,1,away,True,36,0.0,0.0,0.0,0.0
Suwon_CH09_20201010_2022_SAT_9m_NH_highway_OW5_sunny_FHD__view0,Suwon_CH09_20201010_2022_SAT_9m_NH_highway_OW5_sunny_FHD,1,0,away,False,36,11.36,0.1341,0.1975,0.1519
Suwon_CH09_20201010_2022_SAT_9m_NH_highway_OW5_sunny_FHD__view0,Suwon_CH09_20201010_2022_SAT_9m_NH_highway_OW5_sunny_FHD,2,0,away,False,36,5.75,0.1732,0.3039,0.1302
Suwon_CH09_20201010_2022_SAT_9m_NH_highway_OW5_sunny_FHD__view0,Suwon_CH09_20201010_2022_SAT_9m_NH_highway_OW5_sunny_FHD,3,0,away,False,36,5.11,0.1539,0.2742,0.1413
Suwon_CH09_20201010_2022_SAT_9m_NH_highway_OW5_sunny_FHD__view0,Suwon_CH09_20201010_2022_SAT_9m_NH_highway_OW5_sunny_FHD,4,0,away,True,36,0.0,0.0,0.0,0.0
Suwon_CH09_20201010_2022_SAT_9m_NH_highway_OW5_sunny_FHD__view1,Suwon_CH09_20201010_2022_SAT_9m_NH_highway_OW5_sunny_FHD,1,0,toward,False,33,0.3,0.0238,0.1092,0.0155
Suwon_CH09_20201010_2022_SAT_9m_NH_highway_OW5_sunny_FHD__view1,Suwon_CH09_20201010_2022_SAT_9m_NH_highway_OW5_sunny_FHD,2,1,away,False,33,2.85,0.0683,0.1261,0.0694
Suwon_CH09_20201010_2022_SAT_9m_NH_highway_OW5_sunny_FHD__view1,Suwon_CH09_20201010_2022_SAT_9m_NH_highway_OW5_sunny_FHD,3,1,away,False,33,3.36,0.0603,0.1287,0.0607
Suwon_CH09_20201010_2022_SAT_9m_NH_highway_OW5_sunny_FHD__view1,Suwon_CH09_20201010_2022_SAT_9m_NH_highway_OW5_sunny_FHD,4,1,away,False,33,3.33,0.0421,0.0984,0.0257
Suwon_CH09_20201010_2022_SAT_9m_NH_highway_OW5_sunny_FHD__view1,Suwon_CH09_20201010_2022_SAT_9m_NH_highway_OW5_sunny_FHD,5,1,away,False,33,2.61,0.0386,0.1157,0.0252
Suwon_CH09_20201010_2022_SAT_9m_NH_highway_OW5_sunny_FHD__view1,Suwon_CH09_20201010_2022_SAT_9m_NH_highway_OW5_sunny_FHD,6,1,away,True,33,0.0,0.0,0.0,0.0
Suwon_CH09_20201012_2140_MON_9m_NH_highway_OW5_sunny_FHD__view0,Suwon_CH09_20201012_2140_MON_9m_NH_highway_OW5_sunny_FHD,1,0,away,False,51,6.61,0.0864,0.1652,0.0897
Suwon_CH09_20201012_2140_MON_9m_NH_highway_OW5_sunny_FHD__view0,Suwon_CH09_20201012_2140_MON_9m_NH_highway_OW5_sunny_FHD,2,0,away,False,51,3.8,0.0945,0.2068,0.0784
Suwon_CH09_20201012_2140_MON_9m_NH_highway_OW5_sunny_FHD__view0,Suwon_CH09_20201012_2140_MON_9m_NH_highway_OW5_sunny_FHD,3,0,away,False,51,2.78,0.0799,0.2144,0.0822
Suwon_CH09_20201012_2140_MON_9m_NH_highway_OW5_sunny_FHD__view0,Suwon_CH09_20201012_2140_MON_9m_NH_highway_OW5_sunny_FHD,4,0,away,True,51,0.02,0.0,0.0,0.0
Suwon_CH09_20201012_2140_MON_9m_NH_highway_OW5_sunny_FHD__view1,Suwon_CH09_20201012_2140_MON_9m_NH_highway_OW5_sunny_FHD,1,0,toward,False,46,0.26,0.0074,0.031,0.0069
Suwon_CH09_20201012_2140_MON_9m_NH_highway_OW5_sunny_FHD__view1,Suwon_CH09_20201012_2140_MON_9m_NH_highway_OW5_sunny_FHD,2,1,away,False,46,1.15,0.0218,0.0646,0.0265
Suwon_CH09_20201012_2140_MON_9m_NH_highway_OW5_sunny_FHD__view1,Suwon_CH09_20201012_2140_MON_9m_NH_highway_OW5_sunny_FHD,3,1,away,False,46,1.09,0.0172,0.0539,0.0147
Suwon_CH09_20201012_2140_MON_9m_NH_highway_OW5_sunny_FHD__view1,Suwon_CH09_20201012_2140_MON_9m_NH_highway_OW5_sunny_FHD,4,1,away,False,46,1.04,0.0237,0.0883,0.0114
Suwon_CH09_20201012_2140_MON_9m_NH_highway_OW5_sunny_FHD__view1,Suwon_CH09_20201012_2140_MON_9m_NH_highway_OW5_sunny_FHD,5,1,away,False,46,0.98,0.0232,0.0711,0.0128
Suwon_CH09_20201012_2140_MON_9m_NH_highway_OW5_sunny_FHD__view1,Suwon_CH09_20201012_2140_MON_9m_NH_highway_OW5_sunny_FHD,6,1,away,True,46,0.0,0.0,0.0,0.0
Suwon_CH10_20200720_2030_MON_9m_NH_highway_TW5_sunny_FHD__view0,Suwon_CH10_20200720_2030_MON_9m_NH_highway_TW5_sunny_FHD,1,0,unknown,False,64,0.27,0.0014,0.0048,0.0016
Suwon_CH10_20200720_2030_MON_9m_NH_highway_TW5_sunny_FHD__view0,Suwon_CH10_20200720_2030_MON_9m_NH_highway_TW5_sunny_FHD,2,0,unknown,False,64,0.7,0.0482,0.178,0.0369
Suwon_CH10_20200720_2030_MON_9m_NH_highway_TW5_sunny_FHD__view0,Suwon_CH10_20200720_2030_MON_9m_NH_highway_TW5_sunny_FHD,3,0,unknown,False,64,0.66,0.0429,0.1358,0.0388
Suwon_CH10_20200720_2030_MON_9m_NH_highway_TW5_sunny_FHD__view0,Suwon_CH10_20200720_2030_MON_9m_NH_highway_TW5_sunny_FHD,4,0,unknown,False,64,1.05,0.0465,0.1266,0.0635
Suwon_CH10_20200720_2030_MON_9m_NH_highway_TW5_sunny_FHD__view0,Suwon_CH10_20200720_2030_MON_9m_NH_highway_TW5_sunny_FHD,5,1,away,False,64,0.7,0.0599,0.1679,0.0527
Suwon_CH10_20200720_2030_MON_9m_NH_highway_TW5_sunny_FHD__view0,Suwon_CH10_20200720_2030_MON_9m_NH_highway_TW5_sunny_FHD,6,1,away,False,64,0.5,0.0084,0.0275,0.0103
Suwon_CH10_20200720_2030_MON_9m_NH_highway_TW5_sunny_FHD__view1,Suwon_CH10_20200720_2030_MON_9m_NH_highway_TW5_sunny_FHD,1,0,toward,False,50,0.0,0.0,0.0,0.0
Suwon_CH10_20200720_2030_MON_9m_NH_highway_TW5_sunny_FHD__view1,Suwon_CH10_20200720_2030_MON_9m_NH_highway_TW5_sunny_FHD,2,0,toward,False,50,0.04,0.0029,0.0,0.0038
Suwon_CH10_20200720_2030_MON_9m_NH_highway_TW5_sunny_FHD__view1,Suwon_CH10_20200720_2030_MON_9m_NH_highway_TW5_sunny_FHD,3,0,toward,True,50,0.38,0.0183,0.0768,0.026
Suwon_CH10_20200720_2030_MON_9m_NH_highway_TW5_sunny_FHD__view1,Suwon_CH10_20200720_2030_MON_9m_NH_highway_TW5_sunny_FHD,4,1,toward,True,50,0.22,0.0,0.0,0.0001
Suwon_CH10_20200720_2030_MON_9m_NH_highway_TW5_sunny_FHD__view1,Suwon_CH10_20200720_2030_MON_9m_NH_highway_TW5_sunny_FHD,5,1,toward,False,50,1.04,0.0181,0.1312,0.0104
Suwon_CH10_20200720_2030_MON_9m_NH_highway_TW5_sunny_FHD__view1,Suwon_CH10_20200720_2030_MON_9m_NH_highway_TW5_sunny_FHD,6,1,toward,False,50,1.28,0.0309,0.0957,0.0201
Suwon_CH10_20200720_2030_MON_9m_NH_highway_TW5_sunny_FHD__view1,Suwon_CH10_20200720_2030_MON_9m_NH_highway_TW5_sunny_FHD,7,1,toward,False,50,1.14,0.0403,0.101,0.0342
Suwon_CH10_20200720_2030_MON_9m_NH_highway_TW5_sunny_FHD__view1,Suwon_CH10_20200720_2030_MON_9m_NH_highway_TW5_sunny_FHD,8,1,toward,False,50,1.9,0.0455,0.1036,0.0424
Suwon_CH10_20200720_2030_MON_9m_NH_highway_TW5_sunny_FHD__view1,Suwon_CH10_20200720_2030_MON_9m_NH_highway_TW5_sunny_FHD,9,2,away,False,50,0.5,0.0156,0.0595,0.0142
Suwon_CH10_20200720_2030_MON_9m_NH_highway_TW5_sunny_FHD__view1,Suwon_CH10_20200720_2030_MON_9m_NH_highway_TW5_sunny_FHD,10,2,away,False,50,0.48,0.0221,0.0709,0.0174
Suwon_CH10_20200720_2030_MON_9m_NH_highway_TW5_sunny_FHD__view1,Suwon_CH10_20200720_2030_MON_9m_NH_highway_TW5_sunny_FHD,11,2,away,True,50,0.44,0.0166,0.0547,0.0127
Suwon_CH10_20200720_2030_MON_9m_NH_highway_TW5_sunny_FHD__view1,Suwon_CH10_20200720_2030_MON_9m_NH_highway_TW5_sunny_FHD,12,2,away,True,50,0.4,0.0224,0.073,0.0172
Suwon_CH10_20200721_1930_TUE_9m_NH_highway_TW5_sunny_FHD__view0,Suwon_CH10_20200721_1930_TUE_9m_NH_highway_TW5_sunny_FHD,1,0,unknown,False,53,0.26,0.0,0.0,0.0015
Suwon_CH10_20200721_1930_TUE_9m_NH_highway_TW5_sunny_FHD__view0,Suwon_CH10_20200721_1930_TUE_9m_NH_highway_TW5_sunny_FHD,2,0,unknown,False,53,2.51,0.1239,0.2838,0.1151
Suwon_CH10_20200721_1930_TUE_9m_NH_highway_TW5_sunny_FHD__view0,Suwon_CH10_20200721_1930_TUE_9m_NH_highway_TW5_sunny_FHD,3,0,unknown,False,53,3.21,0.1496,0.2634,0.121
Suwon_CH10_20200721_1930_TUE_9m_NH_highway_TW5_sunny_FHD__view0,Suwon_CH10_20200721_1930_TUE_9m_NH_highway_TW5_sunny_FHD,4,0,unknown,False,53,4.43,0.1169,0.2366,0.1067
Suwon_CH10_20200721_1930_TUE_9m_NH_highway_TW5_sunny_FHD__view0,Suwon_CH10_20200721_1930_TUE_9m_NH_highway_TW5_sunny_FHD,5,1,away,False,53,1.53,0.1141,0.2734,0.1099
Suwon_CH10_20200721_1930_TUE_9m_NH_highway_TW5_sunny_FHD__view0,Suwon_CH10_20200721_1930_TUE_9m_NH_highway_TW5_sunny_FHD,6,1,away,False,53,0.91,0.0176,0.0625,0.0152
Suwon_CH10_20200721_1930_TUE_9m_NH_highway_TW5_sunny_FHD__view1,Suwon_CH10_20200721_1930_TUE_9m_NH_highway_TW5_sunny_FHD,1,0,toward,False,47,0.0,0.0,0.0,0.0
Suwon_CH10_20200721_1930_TUE_9m_NH_highway_TW5_sunny_FHD__view1,Suwon_CH10_20200721_1930_TUE_9m_NH_highway_TW5_sunny_FHD,2,0,toward,False,47,0.3,0.0861,0.2855,0.0915
Suwon_CH10_20200721_1930_TUE_9m_NH_highway_TW5_sunny_FHD__view1,Suwon_CH10_20200721_1930_TUE_9m_NH_highway_TW5_sunny_FHD,3,0,toward,True,47,1.15,0.0676,0.1598,0.0713
Suwon_CH10_20200721_1930_TUE_9m_NH_highway_TW5_sunny_FHD__view1,Suwon_CH10_20200721_1930_TUE_9m_NH_highway_TW5_sunny_FHD,4,1,toward,True,47,0.23,0.0,0.0,0.0
Suwon_CH10_20200721_1930_TUE_9m_NH_highway_TW5_sunny_FHD__view1,Suwon_CH10_20200721_1930_TUE_9m_NH_highway_TW5_sunny_FHD,5,1,toward,False,47,1.91,0.0482,0.1393,0.0335
Suwon_CH10_20200721_1930_TUE_9m_NH_highway_TW5_sunny_FHD__view1,Suwon_CH10_20200721_1930_TUE_9m_NH_highway_TW5_sunny_FHD,6,1,toward,False,47,2.06,0.0471,0.0977,0.0371
Suwon_CH10_20200721_1930_TUE_9m_NH_highway_TW5_sunny_FHD__view1,Suwon_CH10_20200721_1930_TUE_9m_NH_highway_TW5_sunny_FHD,7,1,toward,False,47,2.13,0.079,0.172,0.0674
Suwon_CH10_20200721_1930_TUE_9m_NH_highway_TW5_sunny_FHD__view1,Suwon_CH10_20200721_1930_TUE_9m_NH_highway_TW5_sunny_FHD,8,1,toward,False,47,3.28,0.0771,0.1373,0.0771
Suwon_CH10_20200721_1930_TUE_9m_NH_highway_TW5_sunny_FHD__view1,Suwon_CH10_20200721_1930_TUE_9m_NH_highway_TW5_sunny_FHD,9,2,away,False,47,2.21,0.0666,0.1396,0.0591
Suwon_CH10_20200721_1930_TUE_9m_NH_highway_TW5_sunny_FHD__view1,Suwon_CH10_20200721_1930_TUE_9m_NH_highway_TW5_sunny_FHD,10,2,away,False,47,1.13,0.0487,0.1114,0.0311
Suwon_CH10_20200721_1930_TUE_9m_NH_highway_TW5_sunny_FHD__view1,Suwon_CH10_20200721_1930_TUE_9m_NH_highway_TW5_sunny_FHD,11,2,away,True,47,1.02,0.0549,0.1068,0.0528
Suwon_CH10_20200721_1930_TUE_9m_NH_highway_TW5_sunny_FHD__view1,Suwon_CH10_20200721_1930_TUE_9m_NH_highway_TW5_sunny_FHD,12,2,away,True,47,0.49,0.0383,0.1327,0.0332
Suwon_CH10_20200722_1800_WED_9m_NH_highway_TW5_sunny_FHD__view0,Suwon_CH10_20200722_1800_WED_9m_NH_highway_TW5_sunny_FHD,1,0,unknown,False,28,0.36,0.0003,0.0,0.0017
Suwon_CH10_20200722_1800_WED_9m_NH_highway_TW5_sunny_FHD__view0,Suwon_CH10_20200722_1800_WED_9m_NH_highway_TW5_sunny_FHD,2,0,unknown,False,28,2.0,0.1198,0.2776,0.1169
Suwon_CH10_20200722_1800_WED_9m_NH_highway_TW5_sunny_FHD__view0,Suwon_CH10_20200722_1800_WED_9m_NH_highway_TW5_sunny_FHD,3,0,unknown,False,28,3.57,0.1221,0.2585,0.1069
Suwon_CH10_20200722_1800_WED_9m_NH_highway_TW5_sunny_FHD__view0,Suwon_CH10_20200722_1800_WED_9m_NH_highway_TW5_sunny_FHD,4,0,unknown,False,28,5.46,0.1719,0.2946,0.1261
Suwon_CH10_20200722_1800_WED_9m_NH_highway_TW5_sunny_FHD__view0,Suwon_CH10_20200722_1800_WED_9m_NH_highway_TW5_sunny_FHD,5,1,away,False,28,1.21,0.0953,0.2311,0.0723
Suwon_CH10_20200722_1800_WED_9m_NH_highway_TW5_sunny_FHD__view0,Suwon_CH10_20200722_1800_WED_9m_NH_highway_TW5_sunny_FHD,6,1,away,False,28,1.43,0.0273,0.0903,0.0244
Suwon_CH10_20200722_1800_WED_9m_NH_highway_TW5_sunny_FHD__view1,Suwon_CH10_20200722_1800_WED_9m_NH_highway_TW5_sunny_FHD,1,0,toward,False,22,0.14,0.0379,0.1121,0.0532
Suwon_CH10_20200722_1800_WED_9m_NH_highway_TW5_sunny_FHD__view1,Suwon_CH10_20200722_1800_WED_9m_NH_highway_TW5_sunny_FHD,2,0,toward,False,22,0.64,0.0514,0.1447,0.0961
Suwon_CH10_20200722_1800_WED_9m_NH_highway_TW5_sunny_FHD__view1,Suwon_CH10_20200722_1800_WED_9m_NH_highway_TW5_sunny_FHD,3,0,toward,True,22,1.59,0.0765,0.2055,0.0918
Suwon_CH10_20200722_1800_WED_9m_NH_highway_TW5_sunny_FHD__view1,Suwon_CH10_20200722_1800_WED_9m_NH_highway_TW5_sunny_FHD,4,1,toward,True,22,0.36,0.0,0.0,0.0
Suwon_CH10_20200722_1800_WED_9m_NH_highway_TW5_sunny_FHD__view1,Suwon_CH10_20200722_1800_WED_9m_NH_highway_TW5_sunny_FHD,5,1,toward,False,22,2.05,0.0494,0.1518,0.0329
Suwon_CH10_20200722_1800_WED_9m_NH_highway_TW5_sunny_FHD__view1,Suwon_CH10_20200722_1800_WED_9m_NH_highway_TW5_sunny_FHD,6,1,toward,False,22,2.45,0.0514,0.1298,0.0568
Suwon_CH10_20200722_1800_WED_9m_NH_highway_TW5_sunny_FHD__view1,Suwon_CH10_20200722_1800_WED_9m_NH_highway_TW5_sunny_FHD,7,1,toward,False,22,2.23,0.0724,0.1754,0.0821
Suwon_CH10_20200722_1800_WED_9m_NH_highway_TW5_sunny_FHD__view1,Suwon_CH10_20200722_1800_WED_9m_NH_highway_TW5_sunny_FHD,8,1,toward,False,22,4.0,0.1244,0.2345,0.1124
Suwon_CH10_20200722_1800_WED_9m_NH_highway_TW5_sunny_FHD__view1,Suwon_CH10_20200722_1800_WED_9m_NH_highway_TW5_sunny_FHD,9,2,away,False,22,2.95,0.0786,0.1571,0.0579
Suwon_CH10_20200722_1800_WED_9m_NH_highway_TW5_sunny_FHD__view1,Suwon_CH10_20200722_1800_WED_9m_NH_highway_TW5_sunny_FHD,10,2,away,False,22,1.45,0.0618,0.1348,0.0863
Suwon_CH10_20200722_1800_WED_9m_NH_highway_TW5_sunny_FHD__view1,Suwon_CH10_20200722_1800_WED_9m_NH_highway_TW5_sunny_FHD,11,2,away,True,22,0.91,0.0477,0.1248,0.0397
Suwon_CH10_20200722_1800_WED_9m_NH_highway_TW5_sunny_FHD__view1,Suwon_CH10_20200722_1800_WED_9m_NH_highway_TW5_sunny_FHD,12,2,away,True,22,0.77,0.0445,0.0988,0.0464
Suwon_CH10_20201011_1957_SUN_9m_NH_highway_OW5_sunny_FHD__view0,Suwon_CH10_20201011_1957_SUN_9m_NH_highway_OW5_sunny_FHD,1,0,toward,False,50,0.0,0.0,0.0,0.0
Suwon_CH10_20201011_1957_SUN_9m_NH_highway_OW5_sunny_FHD__view0,Suwon_CH10_20201011_1957_SUN_9m_NH_highway_OW5_sunny_FHD,2,0,toward,False,50,0.0,0.0,0.0,0.0
Suwon_CH10_20201011_1957_SUN_9m_NH_highway_OW5_sunny_FHD__view0,Suwon_CH10_20201011_1957_SUN_9m_NH_highway_OW5_sunny_FHD,3,0,toward,True,50,0.1,0.0049,0.0,0.0063
Suwon_CH10_20201011_1957_SUN_9m_NH_highway_OW5_sunny_FHD__view0,Suwon_CH10_20201011_1957_SUN_9m_NH_highway_OW5_sunny_FHD,4,1,toward,True,50,0.12,0.0,0.0,0.0
Suwon_CH10_20201011_1957_SUN_9m_NH_highway_OW5_sunny_FHD__view0,Suwon_CH10_20201011_1957_SUN_9m_NH_highway_OW5_sunny_FHD,5,1,toward,False,50,1.88,0.0266,0.129,0.0134
Suwon_CH10_20201011_1957_SUN_9m_NH_highway_OW5_sunny_FHD__view0,Suwon_CH10_20201011_1957_SUN_9m_NH_highway_OW5_sunny_FHD,6,1,toward,False,50,2.58,0.0218,0.0601,0.0177
Suwon_CH10_20201011_1957_SUN_9m_NH_highway_OW5_sunny_FHD__view0,Suwon_CH10_20201011_1957_SUN_9m_NH_highway_OW5_sunny_FHD,7,1,toward,False,50,2.34,0.0304,0.0892,0.0242
Suwon_CH10_20201011_1957_SUN_9m_NH_highway_OW5_sunny_FHD__view0,Suwon_CH10_20201011_1957_SUN_9m_NH_highway_OW5_sunny_FHD,8,1,toward,False,50,2.54,0.0496,0.097,0.031
Suwon_CH10_20201011_1957_SUN_9m_NH_highway_OW5_sunny_FHD__view0,Suwon_CH10_20201011_1957_SUN_9m_NH_highway_OW5_sunny_FHD,9,2,away,False,50,0.78,0.0322,0.1109,0.0116
Suwon_CH10_20201011_1957_SUN_9m_NH_highway_OW5_sunny_FHD__view0,Suwon_CH10_20201011_1957_SUN_9m_NH_highway_OW5_sunny_FHD,10,2,away,False,50,0.62,0.0224,0.0753,0.0252
Suwon_CH10_20201011_1957_SUN_9m_NH_highway_OW5_sunny_FHD__view0,Suwon_CH10_20201011_1957_SUN_9m_NH_highway_OW5_sunny_FHD,11,2,away,True,50,0.3,0.0077,0.0262,0.0104
Suwon_CH10_20201011_1957_SUN_9m_NH_highway_OW5_sunny_FHD__view0,Suwon_CH10_20201011_1957_SUN_9m_NH_highway_OW5_sunny_FHD,12,2,away,True,50,0.04,0.0011,0.0,0.0015
Suwon_CH10_20201011_1957_SUN_9m_NH_highway_OW5_sunny_FHD__view1,Suwon_CH10_20201011_1957_SUN_9m_NH_highway_OW5_sunny_FHD,1,0,unknown,False,49,0.08,0.0022,0.0,0.0006
Suwon_CH10_20201011_1957_SUN_9m_NH_highway_OW5_sunny_FHD__view1,Suwon_CH10_20201011_1957_SUN_9m_NH_highway_OW5_sunny_FHD,2,0,unknown,False,49,1.06,0.0658,0.1625,0.0661
Suwon_CH10_20201011_1957_SUN_9m_NH_highway_OW5_sunny_FHD__view1,Suwon_CH10_20201011_1957_SUN_9m_NH_highway_OW5_sunny_FHD,3,0,unknown,False,49,0.65,0.0426,0.1362,0.0477
Suwon_CH10_20201011_1957_SUN_9m_NH_highway_OW5_sunny_FHD__view1,Suwon_CH10_20201011_1957_SUN_9m_NH_highway_OW5_sunny_FHD,4,0,unknown,False,49,0.76,0.028,0.0773,0.0341
Suwon_CH10_20201011_1957_SUN_9m_NH_highway_OW5_sunny_FHD__view1,Suwon_CH10_20201011_1957_SUN_9m_NH_highway_OW5_sunny_FHD,5,1,unknown,False,49,0.12,0.0036,0.0005,0.0051
Suwon_CH10_20201011_1957_SUN_9m_NH_highway_OW5_sunny_FHD__view1,Suwon_CH10_20201011_1957_SUN_9m_NH_highway_OW5_sunny_FHD,6,1,unknown,False,49,0.0,0.0,0.0,0.0
Suwon_CH10_20201213_0958_SUN_9m_NH_highway_OW5_snow_FHD__view0,Suwon_CH10_20201213_0958_SUN_9m_NH_highway_OW5_snow_FHD,1,0,toward,False,114,0.0,0.0,0.0,0.0
Suwon_CH10_20201213_0958_SUN_9m_NH_highway_OW5_snow_FHD__view0,Suwon_CH10_20201213_0958_SUN_9m_NH_highway_OW5_snow_FHD,2,0,toward,False,114,0.02,0.0024,0.0,0.0037
Suwon_CH10_20201213_0958_SUN_9m_NH_highway_OW5_snow_FHD__view0,Suwon_CH10_20201213_0958_SUN_9m_NH_highway_OW5_snow_FHD,3,0,toward,True,114,0.21,0.0161,0.0361,0.0161
Suwon_CH10_20201213_0958_SUN_9m_NH_highway_OW5_snow_FHD__view0,Suwon_CH10_20201213_0958_SUN_9m_NH_highway_OW5_snow_FHD,4,1,toward,True,114,0.44,0.0002,0.0,0.0001
Suwon_CH10_20201213_0958_SUN_9m_NH_highway_OW5_snow_FHD__view0,Suwon_CH10_20201213_0958_SUN_9m_NH_highway_OW5_snow_FHD,5,1,toward,False,114,1.68,0.0361,0.1306,0.0325
Suwon_CH10_20201213_0958_SUN_9m_NH_highway_OW5_snow_FHD__view0,Suwon_CH10_20201213_0958_SUN_9m_NH_highway_OW5_snow_FHD,6,1,toward,False,114,1.86,0.0338,0.0811,0.0288
Suwon_CH10_20201213_0958_SUN_9m_NH_highway_OW5_snow_FHD__view0,Suwon_CH10_20201213_0958_SUN_9m_NH_highway_OW5_snow_FHD,7,1,toward,False,114,1.82,0.0567,0.1436,0.0549
Suwon_CH10_20201213_0958_SUN_9m_NH_highway_OW5_snow_FHD__view0,Suwon_CH10_20201213_0958_SUN_9m_NH_highway_OW5_snow_FHD,8,1,toward,False,114,1.8,0.0534,0.1073,0.0494
Suwon_CH10_20201213_0958_SUN_9m_NH_highway_OW5_snow_FHD__view0,Suwon_CH10_20201213_0958_SUN_9m_NH_highway_OW5_snow_FHD,9,2,away,False,114,1.32,0.0799,0.2148,0.0686
Suwon_CH10_20201213_0958_SUN_9m_NH_highway_OW5_snow_FHD__view0,Suwon_CH10_20201213_0958_SUN_9m_NH_highway_OW5_snow_FHD,10,2,away,False,114,0.44,0.0239,0.083,0.0434
Suwon_CH10_20201213_0958_SUN_9m_NH_highway_OW5_snow_FHD__view0,Suwon_CH10_20201213_0958_SUN_9m_NH_highway_OW5_snow_FHD,11,2,away,True,114,0.06,0.0067,0.0,0.0145
Suwon_CH10_20201213_0958_SUN_9m_NH_highway_OW5_snow_FHD__view0,Suwon_CH10_20201213_0958_SUN_9m_NH_highway_OW5_snow_FHD,12,2,away,True,114,0.0,0.0,0.0,0.0
Suwon_CH10_20201213_0958_SUN_9m_NH_highway_OW5_snow_FHD__view1,Suwon_CH10_20201213_0958_SUN_9m_NH_highway_OW5_snow_FHD,1,0,toward,False,111,0.59,0.0143,0.0595,0.0045
Suwon_CH10_20201213_0958_SUN_9m_NH_highway_OW5_snow_FHD__view1,Suwon_CH10_20201213_0958_SUN_9m_NH_highway_OW5_snow_FHD,2,0,toward,False,111,2.11,0.0895,0.1945,0.0779
Suwon_CH10_20201213_0958_SUN_9m_NH_highway_OW5_snow_FHD__view1,Suwon_CH10_20201213_0958_SUN_9m_NH_highway_OW5_snow_FHD,3,0,toward,False,111,2.5,0.1196,0.2255,0.0862
Suwon_CH10_20201213_0958_SUN_9m_NH_highway_OW5_snow_FHD__view1,Suwon_CH10_20201213_0958_SUN_9m_NH_highway_OW5_snow_FHD,4,0,toward,False,111,3.38,0.1283,0.2321,0.0918
Suwon_CH10_20201213_0958_SUN_9m_NH_highway_OW5_snow_FHD__view1,Suwon_CH10_20201213_0958_SUN_9m_NH_highway_OW5_snow_FHD,5,1,away,False,111,1.88,0.131,0.2721,0.1397
Suwon_CH10_20201213_0958_SUN_9m_NH_highway_OW5_snow_FHD__view1,Suwon_CH10_20201213_0958_SUN_9m_NH_highway_OW5_snow_FHD,6,1,away,False,111,0.96,0.0238,0.0859,0.0279
